Workbook

Sheet ES
A1: EOSY Causes of Dropout in ELEMENTARY LEVEL (ALL SECTOR)
A2: SY 2019-2020
A3: Based on LIS, as of November 28, 2020 | N3: Had to Take Care Siblings | AG3: Early Marriage/Pregnancy | AZ3: Parents Attitude Toward Schooling | BS3: Family problems/Feuds | CL3: Illness | DE3: Overage | DX3: Death | EQ3: Drug Abuse | FJ3: Poor Academic Performance | GC3: Lack of interest/Distractions | GV3: Hunger/Malnutrition | HO3: Teacher Factors | IH3: Physical Conditions of Classrooms | JA3: Peer Influences | JT3: Distance between Home and School | KM3: Armed Conflict | LF3: Calamities/Disasters | LY3: Child Labor, Work | MR3: GRAND TOTAL (Dropout ES)
N4: Kindergarten | P4: Grade 1 | R4: Grade 2 | T4: Grade 3 | V4: Grade 4 | X4: Grade 5 | Z4: Grade 6 | AB4: Non-Graded | AD4: Grand Total | AG4: Kindergarten | AI4: Grade 1 | AK4: Grade 2 | AM4: Grade 3 | AO4: Grade 4 | AQ4: Grade 5 | AS4: Grade 6 | AU4: Non-Graded | AW4: Grand Total | AZ4: Kindergarten | BB4: Grade 1 | BD4: Grade 2 | BF4: Grade 3 | BH4: Grade 4 | BJ4: Grade 5 | BL4: Grade 6 | BN4: Non-Graded | BP4: Grand Total | BS4: Kindergarten | BU4: Grade 1 | BW4: Grade 2 | BY4: Grade 3 | CA4: Grade 4 | CC4: Grade 5 | CE4: Grade 6 | CG4: Non-Graded | CI4: Grand Total | CL4: Kindergarten | CN4: Grade 1 | CP4: Grade 2 | CR4: Grade 3 | CT4: Grade 4 | CV4: Grade 5 | CX4: Grade 6 | CZ4: Non-Graded | DB4: Grand Total | DE4: Kindergarten | DG4: Grade 1 | DI4: Grade 2 | DK4: Grade 3 | DM4: Grade 4 | DO4: Grade 5 | DQ4: Grade 6 | DS4: Non-Graded | DU4: Grand Total | DX4: Kindergarten | DZ4: Grade 1 | EB4: Grade 2 | ED4: Grade 3 | EF4: Grade 4 | EH4: Grade 5 | EJ4: Grade 6 | EL4: Non-Graded | EN4: Grand Total | EQ4: Kindergarten | ES4: Grade 1 | EU4: Grade 2 | EW4: Grade 3 | EY4: Grade 4 | FA4: Grade 5 | FC4: Grade 6 | FE4: Non-Graded | FG4: Grand Total | FJ4: Kindergarten | FL4: Grade 1 | FN4: Grade 2 | FP4: Grade 3 | FR4: Grade 4 | FT4: Grade 5 | FV4: Grade 6 | FX4: Non-Graded | FZ4: Grand Total | GC4: Kindergarten | GE4: Grade 1 | GG4: Grade 2 | GI4: Grade 3 | GK4: Grade 4 | GM4: Grade 5 | GO4: Grade 6 | GQ4: Non-Graded | GS4: Grand Total | GV4: Kindergarten | GX4: Grade 1 | GZ4: Grade 2 | HB4: Grade 3 | HD4: Grade 4 | HF4: Grade 5 | HH4: Grade 6 | HJ4: Non-Graded | HL4: Grand Total | HO4: Kindergarten | HQ4: Grade 1 | HS4: Grade 2 | HU4: Grade 3 | HW4: Grade 4 | HY4: Grade 5 | IA4: Grade 6 | IC4: Non-Graded | IE4: Grand Total | IH4: Kindergarten | IJ4: Grade 1 | IL4: Grade 2 | IN4: Grade 3 | IP4: Grade 4 | IR4: Grade 5 | IT4: Grade 6 | IV4: Non-Graded | IX4: Grand Total | JA4: Kindergarten | JC4: Grade 1 | JE4: Grade 2 | JG4: Grade 3 | JI4: Grade 4 | JK4: Grade 5 | JM4: Grade 6 | JO4: Non-Graded | JQ4: Grand Total | JT4: Kindergarten | JV4: Grade 1 | JX4: Grade 2 | JZ4: Grade 3 | KB4: Grade 4 | KD4: Grade 5 | KF4: Grade 6 | KH4: Non-Graded | KJ4: Grand Total | KM4: Kindergarten | KO4: Grade 1 | KQ4: Grade 2 | KS4: Grade 3 | KU4: Grade 4 | KW4: Grade 5 | KY4: Grade 6 | LA4: Non-Graded | LC4: Grand Total | LF4: Kindergarten | LH4: Grade 1 | LJ4: Grade 2 | LL4: Grade 3 | LN4: Grade 4 | LP4: Grade 5 | LR4: Grade 6 | LT4: Non-Graded | LV4: Grand Total | LY4: Kindergarten | MA4: Grade 1 | MC4: Grade 2 | ME4: Grade 3 | MG4: Grade 4 | MI4: Grade 5 | MK4: Grade 6 | MM4: Non-Graded | MO4: Grand Total | MR4: Kindergarten | MT4: Grade 1 | MV4: Grade 2 | MX4: Grade 3 | MZ4: Grade 4 | NB4: Grade 5 | ND4: Grade 6 | NF4: Non-Graded | NH4: Grand Total
M5: 1977 | N5: Male | O5: Female | P5: Male | Q5: Female | R5: Male | S5: Female | T5: Male | U5: Female | V5: Male | W5: Female | X5: Male | Y5: Female | Z5: Male | AA5: Female | AB5: Male | AC5: Female | AD5: Male | AE5: Female | AF5: Total | AG5: Male | AH5: Female | AI5: Male | AJ5: Female | AK5: Male | AL5: Female | AM5: Male | AN5: Female | AO5: Male | AP5: Female | AQ5: Male | AR5: Female | AS5: Male | AT5: Female | AU5: Male | AV5: Female | AW5: Male | AX5: Female | AY5: Total | AZ5: Male | BA5: Female | BB5: Male | BC5: Female | BD5: Male | BE5: Female | BF5: Male | BG5: Female | BH5: Male | BI5: Female | BJ5: Male | BK5: Female | BL5: Male | BM5: Female | BN5: Male | BO5: Female | BP5: Male | BQ5: Female | BR5: Total | BS5: Male | BT5: Female | BU5: Male | BV5: Female | BW5: Male | BX5: Female | BY5: Male | BZ5: Female | CA5: Male | CB5: Female | CC5: Male | CD5: Female | CE5: Male | CF5: Female | CG5: Male | CH5: Female | CI5: Male | CJ5: Female | CK5: Total | CL5: Male | CM5: Female | CN5: Male | CO5: Female | CP5: Male | CQ5: Female | CR5: Male | CS5: Female | CT5: Male | CU5: Female | CV5: Male | CW5: Female | CX5: Male | CY5: Female | CZ5: Male | DA5: Female | DB5: Male | DC5: Female | DD5: Total | DE5: Male | DF5: Female | DG5: Male | DH5: Female | DI5: Male | DJ5: Female | DK5: Male | DL5: Female | DM5: Male | DN5: Female | DO5: Male | DP5: Female | DQ5: Male | DR5: Female | DS5: Male | DT5: Female | DU5: Male | DV5: Female | DW5: Total | DX5: Male | DY5: Female | DZ5: Male | EA5: Female | EB5: Male | EC5: Female | ED5: Male | EE5: Female | EF5: Male | EG5: Female | EH5: Male | EI5: Female | EJ5: Male | EK5: Female | EL5: Male | EM5: Female | EN5: Male | EO5: Female | EP5: Total | EQ5: Male | ER5: Female | ES5: Male | ET5: Female | EU5: Male | EV5: Female | EW5: Male | EX5: Female | EY5: Male | EZ5: Female | FA5: Male | FB5: Female | FC5: Male | FD5: Female | FE5: Male | FF5: Female | FG5: Male | FH5: Female | FI5: Total | FJ5: Male | FK5: Female | FL5: Male | FM5: Female | FN5: Male | FO5: Female | FP5: Male | FQ5: Female | FR5: Male | FS5: Female | FT5: Male | FU5: Female | FV5: Male | FW5: Female | FX5: Male | FY5: Female | FZ5: Male | GA5: Female | GB5: Total | GC5: Male | GD5: Female | GE5: Male | GF5: Female | GG5: Male | GH5: Female | GI5: Male | GJ5: Female | GK5: Male | GL5: Female | GM5: Male | GN5: Female | GO5: Male | GP5: Female | GQ5: Male | GR5: Female | GS5: Male | GT5: Female | GU5: Total | GV5: Male | GW5: Female | GX5: Male | GY5: Female | GZ5: Male | HA5: Female | HB5: Male | HC5: Female | HD5: Male | HE5: Female | HF5: Male | HG5: Female | HH5: Male | HI5: Female | HJ5: Male | HK5: Female | HL5: Male | HM5: Female | HN5: Total | HO5: Male | HP5: Female | HQ5: Male | HR5: Female | HS5: Male | HT5: Female | HU5: Male | HV5: Female | HW5: Male | HX5: Female | HY5: Male | HZ5: Female | IA5: Male | IB5: Female | IC5: Male | ID5: Female | IE5: Male | IF5: Female | IG5: Total | IH5: Male | II5: Female | IJ5: Male | IK5: Female | IL5: Male | IM5: Female | IN5: Male | IO5: Female | IP5: Male | IQ5: Female | IR5: Male | IS5: Female | IT5: Male | IU5: Female | IV5: Male | IW5: Female | IX5: Male | IY5: Female | IZ5: Total | JA5: Male | JB5: Female | JC5: Male | JD5: Female | JE5: Male | JF5: Female | JG5: Male | JH5: Female | JI5: Male | JJ5: Female | JK5: Male | JL5: Female | JM5: Male | JN5: Female | JO5: Male | JP5: Female | JQ5: Male | JR5: Female | JS5: Total | JT5: Male | JU5: Female | JV5: Male | JW5: Female | JX5: Male | JY5: Female | JZ5: Male | KA5: Female | KB5: Male | KC5: Female | KD5: Male | KE5: Female | KF5: Male | KG5: Female | KH5: Male | KI5: Female | KJ5: Male | KK5: Female | KL5: Total | KM5: Male | KN5: Female | KO5: Male | KP5: Female | KQ5: Male | KR5: Female | KS5: Male | KT5: Female | KU5: Male | KV5: Female | KW5: Male | KX5: Female | KY5: Male | KZ5: Female | LA5: Male | LB5: Female | LC5: Male | LD5: Female | LE5: Total | LF5: Male | LG5: Female | LH5: Male | LI5: Female | LJ5: Male | LK5: Female | LL5: Male | LM5: Female | LN5: Male | LO5: Female | LP5: Male | LQ5: Female | LR5: Male | LS5: Female | LT5: Male | LU5: Female | LV5: Male | LW5: Female | LX5: Total | LY5: Male | LZ5: Female | MA5: Male | MB5: Female | MC5: Male | MD5: Female | ME5: Male | MF5: Female | MG5: Male | MH5: Female | MI5: Male | MJ5: Female | MK5: Male | ML5: Female | MM5: Male | MN5: Female | MO5: Male | MP5: Female | MQ5: Total | MR5: Male | MS5: Female | MT5: Male | MU5: Female | MV5: Male | MW5: Female | MX5: Male | MY5: Female | MZ5: Male | NA5: Female | NB5: Male | NC5: Female | ND5: Male | NE5: Female | NF5: Male | NG5: Female | NH5: Male | NI5: Female | NJ5: Total
M6: 155604 | N6: =SUM(N8:N74) -> 0 | O6: =SUM(O8:O74) -> 0 | P6: =SUM(P8:P74) -> 0 | Q6: =SUM(Q8:Q74) -> 0 | R6: =SUM(R8:R74) -> 0 | S6: =SUM(S8:S74) -> 0 | T6: =SUM(T8:T74) -> 0 | U6: =SUM(U8:U74) -> 0 | ... NJ6: =SUM(NJ8:NJ74) -> 417
A7: region | B7: division | C7: beis_school_id | D7: school_name | E7: province | F7: municipality | G7: legislative_district | H7: barangay | I7: school_type | J7: sector | K7: school_subclassification | L7: curricular_offering | M7: Modified Curricular Offering | N7: take_care_siblings_k_male | O7: take_care_siblings_k_female | P7: take_care_siblings_g1_male | Q7: take_care_siblings_g1_female | R7: take_care_siblings_g2_male | S7: take_care_siblings_g2_female | T7: take_care_siblings_g3_male | U7: take_care_siblings_g3_female | V7: take_care_siblings_g4_male | W7: take_care_siblings_g4_female | X7: take_care_siblings_g5_male | Y7: take_care_siblings_g5_female | Z7: take_care_siblings_g6_male | AA7: take_care_siblings_g6_female | AB7: take_care_siblings_ng_male | AC7: take_care_siblings_ng_female | AD7: take_care_siblings_male | AE7: take_care_siblings_female | AF7: take_care_siblings_Total | AG7: marr_preg_k_male | AH7: marr_preg_k_female | AI7: marr_preg_g1_male | AJ7: marr_preg_g1_female | AK7: marr_preg_g2_male | AL7: marr_preg_g2_female | AM7: marr_preg_g3_male | AN7: marr_preg_g3_female | AO7: marr_preg_g4_male | AP7: marr_preg_g4_female | AQ7: marr_preg_g5_male | AR7: marr_preg_g5_female | AS7: marr_preg_g6_male | AT7: marr_preg_g6_female | AU7: marr_preg_ng_male | AV7: marr_preg_ng_female | AW7: marr_preg_male | AX7: marr_preg_female | AY7: marr_preg_total | AZ7: parents_toward_school_k_male | BA7: parents_toward_school_k_female | BB7: parents_toward_school_g1_male | BC7: parents_toward_school_g1_female | BD7: parents_toward_school_g2_male | BE7: parents_toward_school_g2_female | BF7: parents_toward_school_g3_male | BG7: parents_toward_school_g3_female | BH7: parents_toward_school_g4_male | BI7: parents_toward_school_g4_female | BJ7: parents_toward_school_g5_male | BK7: parents_toward_school_g5_female | BL7: parents_toward_school_g6_male | BM7: parents_toward_school_g6_female | BN7: parents_toward_school_ng_male | BO7: parents_toward_school_ng_female | BP7: parents_toward_school_male | BQ7: parents_toward_school_female | BR7: parents_toward_school_total | BS7: fam_prob_feuds_k_male | BT7: fam_prob_feuds_k_female | BU7: fam_prob_feuds_g1_male | BV7: fam_prob_feuds_g1_female | BW7: fam_prob_feuds_g2_male | BX7: fam_prob_feuds_g2_female | BY7: fam_prob_feuds_g3_male | BZ7: fam_prob_feuds_g3_female | CA7: fam_prob_feuds_g4_male | CB7: fam_prob_feuds_g4_female | CC7: fam_prob_feuds_g5_male | CD7: fam_prob_feuds_g5_female | CE7: fam_prob_feuds_g6_male | CF7: fam_prob_feuds_g6_female | CG7: fam_prob_feuds_ng_male | CH7: fam_prob_feuds_ng_female | CI7: fam_prob_feuds_male | CJ7: fam_prob_feuds_female | CK7: fam_prob_feuds_total | CL7: illness_k_male | CM7: illness_k_female | CN7: illness_g1_male | CO7: illness_g1_female | CP7: illness_g2_male | CQ7: illness_g2_female | CR7: illness_g3_male | CS7: illness_g3_female | CT7: illness_g4_male | CU7: illness_g4_female | CV7: illness_g5_male | CW7: illness_g5_female | CX7: illness_g6_male | CY7: illness_g6_female | CZ7: illness_ng_male | DA7: illness_ng_female | DB7: illness_male | DC7: illness_female | DD7: illness_total | DE7: overage_k_male | DF7: overage_k_female | DG7: overage_g1_male | DH7: overage_g1_female | DI7: overage_g2_male | DJ7: overage_g2_female | DK7: overage_g3_male | DL7: overage_g3_female | DM7: overage_g4_male | DN7: overage_g4_female | DO7: overage_g5_male | DP7: overage_g5_female | DQ7: overage_g6_male | DR7: overage_g6_female | DS7: overage_ng_male | DT7: overage_ng_female | DU7: overage_male | DV7: overage_female | DW7: overage_total | DX7: death_k_male | DY7: death_k_female | DZ7: death_g1_male | EA7: death_g1_female | EB7: death_g2_male | EC7: death_g2_female | ED7: death_g3_male | EE7: death_g3_female | EF7: death_g4_male | EG7: death_g4_female | EH7: death_g5_male | EI7: death_g5_female | EJ7: death_g6_male | EK7: death_g6_female | EL7: death_ng_male | EM7: death_ng_female | EN7: death_male | EO7: death_female | EP7: death_total | EQ7: drug_abuse_k_male | ER7: drug_abuse_k_female | ES7: drug_abuse_g1_male | ET7: drug_abuse_g1_female | EU7: drug_abuse_g2_male | EV7: drug_abuse_g2_female | EW7: drug_abuse_g3_male | EX7: drug_abuse_g3_female | EY7: drug_abuse_g4_male | EZ7: drug_abuse_g4_female | FA7: drug_abuse_g5_male | FB7: drug_abuse_g5_female | FC7: drug_abuse_g6_male | FD7: drug_abuse_g6_female | FE7: drug_abuse_ng_male | FF7: drug_abuse_ng_female | FG7: drug_abuse_male | FH7: drug_abuse_female | FI7: drug_abuse_total | FJ7: poor_acad_perf_k_male | FK7: poor_acad_perf_k_female | FL7: poor_acad_perf_g1_male | FM7: poor_acad_perf_g1_female | FN7: poor_acad_perf_g2_male | FO7: poor_acad_perf_g2_female | FP7: poor_acad_perf_g3_male | FQ7: poor_acad_perf_g3_female | FR7: poor_acad_perf_g4_male | FS7: poor_acad_perf_g4_female | FT7: poor_acad_perf_g5_male | FU7: poor_acad_perf_g5_female | FV7: poor_acad_perf_g6_male | FW7: poor_acad_perf_g6_female | FX7: poor_acad_perf_ng_male | FY7: poor_acad_perf_ng_female | FZ7: poor_acad_perf_male | GA7: poor_acad_perf_female | GB7: poor_acad_perf_total | GC7: lack_of_interest_k_male | GD7: lack_of_interest_k_female | GE7: lack_of_interest_g1_male | GF7: lack_of_interest_g1_female | GG7: lack_of_interest_g2_male | GH7: lack_of_interest_g2_female | GI7: lack_of_interest_g3_male | GJ7: lack_of_interest_g3_female | GK7: lack_of_interest_g4_male | GL7: lack_of_interest_g4_female | GM7: lack_of_interest_g5_male | GN7: lack_of_interest_g5_female | GO7: lack_of_interest_g6_male | GP7: lack_of_interest_g6_female | GQ7: lack_of_interest_ng_male | GR7: lack_of_interest_ng_female | GS7: lack_of_interest_male | GT7: lack_of_interest_female | GU7: lack_of_interest_total | GV7: hunger_malnu_k_male | GW7: hunger_malnu_k_female | GX7: hunger_malnu_g1_male | GY7: hunger_malnu_g1_female | GZ7: hunger_malnu_g2_male | HA7: hunger_malnu_g2_female | HB7: hunger_malnu_g3_male | HC7: hunger_malnu_g3_female | HD7: hunger_malnu_g4_male | HE7: hunger_malnu_g4_female | HF7: hunger_malnu_g5_male | HG7: hunger_malnu_g5_female | HH7: hunger_malnu_g6_male | HI7: hunger_malnu_g6_female | HJ7: hunger_malnu_ng_male | HK7: hunger_malnu_ng_female | HL7: hunger_malnu_male | HM7: hunger_malnu_female | HN7: hunger_malnu_total | HO7: teacher_factor_k_male | HP7: teacher_factor_k_female | HQ7: teacher_factor_g1_male | HR7: teacher_factor_g1_female | HS7: teacher_factor_g2_male | HT7: teacher_factor_g2_female | HU7: teacher_factor_g3_male | HV7: teacher_factor_g3_female | HW7: teacher_factor_g4_male | HX7: teacher_factor_g4_female | HY7: teacher_factor_g5_male | HZ7: teacher_factor_g5_female | IA7: teacher_factor_g6_male | IB7: teacher_factor_g6_female | IC7: teacher_factor_ng_male | ID7: teacher_factor_ng_female | IE7: teacher_factor_male | IF7: teacher_factor_female | IG7: teacher_factor_total | IH7: physical_cond_classroom_k_male | II7: physical_cond_classroom_k_female | IJ7: physical_cond_classroom_g1_male | IK7: physical_cond_classroom_g1_female | IL7: physical_cond_classroom_g2_male | IM7: physical_cond_classroom_g2_female | IN7: physical_cond_classroom_g3_male | IO7: physical_cond_classroom_g3_female | IP7: physical_cond_classroom_g4_male | IQ7: physical_cond_classroom_g4_female | IR7: physical_cond_classroom_g5_male | IS7: physical_cond_classroom_g5_female | IT7: physical_cond_classroom_g6_male | IU7: physical_cond_classroom_g6_female | IV7: physical_cond_classroom_ng_male | IW7: physical_cond_classroom_ng_female | IX7: physical_cond_classroom_male | IY7: physical_cond_classroom_female | IZ7: physical_cond_classroom_total | JA7: peer_influ_k_male | JB7: peer_influ_k_female | JC7: peer_influ_g1_male | JD7: peer_influ_g1_female | JE7: peer_influ_g2_male | JF7: peer_influ_g2_female | JG7: peer_influ_g3_male | JH7: peer_influ_g3_female | JI7: peer_influ_g4_male | JJ7: peer_influ_g4_female | JK7: peer_influ_g5_male | JL7: peer_influ_g5_female | JM7: peer_influ_g6_male | JN7: peer_influ_g6_female | JO7: peer_influ_ng_male | JP7: peer_influ_ng_female | JQ7: peer_influ_male | JR7: peer_influ_female | JS7: peer_influ_total | JT7: distance_home_school_k_male | JU7: distance_home_school_k_female | JV7: distance_home_school_g1_male | JW7: distance_home_school_g1_female | JX7: distance_home_school_g2_male | JY7: distance_home_school_g2_female | JZ7: distance_home_school_g3_male | KA7: distance_home_school_g3_female | KB7: distance_home_school_g4_male | KC7: distance_home_school_g4_female | KD7: distance_home_school_g5_male | KE7: distance_home_school_g5_female | KF7: distance_home_school_g6_male | KG7: distance_home_school_g6_female | KH7: distance_home_school_ng_male | KI7: distance_home_school_ng_female | KJ7: distance_home_school_male | KK7: distance_home_school_female | KL7: distance_home_school_total | KM7: armed_conflict_k_male | KN7: armed_conflict_k_female | KO7: armed_conflict_g1_male | KP7: armed_conflict_g1_female | KQ7: armed_conflict_g2_male | KR7: armed_conflict_g2_female | KS7: armed_conflict_g3_male | KT7: armed_conflict_g3_female | KU7: armed_conflict_g4_male | KV7: armed_conflict_g4_female | KW7: armed_conflict_g5_male | KX7: armed_conflict_g5_female | KY7: armed_conflict_g6_male | KZ7: armed_conflict_g6_female | LA7: armed_conflict_ng_male | LB7: armed_conflict_ng_female | LC7: armed_conflict_male | LD7: armed_conflict_female | LE7: armed_conflict_total | LF7: calamities_k_male | LG7: calamities_k_female | LH7: calamities_g1_male | LI7: calamities_g1_female | LJ7: calamities_g2_male | LK7: calamities_g2_female | LL7: calamities_g3_male | LM7: calamities_g3_female | LN7: calamities_g4_male | LO7: calamities_g4_female | LP7: calamities_g5_male | LQ7: calamities_g5_female | LR7: calamities_g6_male | LS7: calamities_g6_female | LT7: calamities_ng_male | LU7: calamities_ng_female | LV7: calamities_male | LW7: calamities_female | LX7: calamities_total | LY7: child_labor_k_male | LZ7: child_labor_k_female | MA7: child_labor_g1_male | MB7: child_labor_g1_female | MC7: child_labor_g2_male | MD7: child_labor_g2_female | ME7: child_labor_g3_male | MF7: child_labor_g3_female | MG7: child_labor_g4_male | MH7: child_labor_g4_female | MI7: child_labor_g5_male | MJ7: child_labor_g5_female | MK7: child_labor_g6_male | ML7: child_labor_g6_female | MM7: child_labor_ng_male | MN7: child_labor_ng_female | MO7: child_labor_male | MP7: child_labor_female | MQ7: child_labor_total | MR7: k_male | MS7: k_female | MT7: g1_male | MU7: g1_female | MV7: g2_male | MW7: g2_female | MX7: g3_male | MY7: g3_female | MZ7: g4_male | NA7: g4_female | NB7: g5_male | NC7: g5_female | ND7: g6_male | NE7: g6_female | NF7: ng_male | NG7: ng_female | NH7: Male | NI7: Female | NJ7: Total
A8: Region XI | B8: Mati City | C8: 101813 | D8: Bugakan Elementary School | E8: DAVAO ORIENTAL | F8: CITY OF MATI (Capital) | G8: 2nd District | H8: TAGABAKID | I8: School with no Annexes | J8: Public | K8: DepED Managed | L8: Kinder & Grade 1-6 | M8: Purely ES | N8: 0 | O8: 0 | P8: 0 | Q8: 0 | R8: 0 | S8: 0 | T8: 0 | U8: 0 | V8: 0 | W8: 0 | X8: 0 | Y8: 0 | Z8: 0 | AA8: 0 | AB8: 0 | AC8: 0 | AD8: 0 | AE8: 0 | AF8: 0 | AG8: 0 | AH8: 0 | AI8: 0 | AJ8: 0 | AK8: 0 | AL8: 0 | AM8: 0 | AN8: 0 | AO8: 0 | AP8: 0 | AQ8: 0 | AR8: 0 | AS8: 0 | AT8: 0 | AU8: 0 | AV8: 0 | AW8: 0 | AX8: 0 | AY8: 0 | AZ8: 0 | BA8: 0 | BB8: 0 | BC8: 0 | BD8: 0 | BE8: 0 | BF8: 0 | BG8: 0 | BH8: 0 | BI8: 0 | BJ8: 0 | BK8: 0 | BL8: 0 | BM8: 0 | BN8: 0 | BO8: 0 | BP8: 0 | BQ8: 0 | BR8: 0 | BS8: 0 | BT8: 0 | BU8: 0 | BV8: 0 | BW8: 0 | BX8: 0 | BY8: 0 | BZ8: 0 | CA8: 0 | CB8: 0 | CC8: 0 | CD8: 0 | CE8: 0 | CF8: 0 | CG8: 0 | CH8: 0 | CI8: 0 | CJ8: 0 | CK8: 0 | CL8: 1 | CM8: 0 | CN8: 0 | CO8: 0 | CP8: 0 | CQ8: 0 | CR8: 0 | CS8: 0 | CT8: 0 | CU8: 0 | CV8: 0 | CW8: 0 | CX8: 0 | CY8: 0 | CZ8: 0 | DA8: 0 | DB8: 1 | DC8: 0 | DD8: 1 | DE8: 0 | DF8: 0 | DG8: 0 | DH8: 0 | DI8: 0 | DJ8: 0 | DK8: 0 | DL8: 0 | DM8: 0 | DN8: 0 | DO8: 0 | DP8: 0 | DQ8: 0 | DR8: 0 | DS8: 0 | DT8: 0 | DU8: 0 | DV8: 0 | DW8: 0 | DX8: 0 | DY8: 0 | DZ8: 0 | EA8: 0 | EB8: 0 | EC8: 0 | ED8: 0 | EE8: 0 | EF8: 0 | EG8: 0 | EH8: 0 | EI8: 0 | EJ8: 0 | EK8: 0 | EL8: 0 | EM8: 0 | EN8: 0 | EO8: 0 | EP8: 0 | EQ8: 0 | ER8: 0 | ES8: 0 | ET8: 0 | EU8: 0 | EV8: 0 | EW8: 0 | EX8: 0 | EY8: 0 | EZ8: 0 | FA8: 0 | FB8: 0 | FC8: 0 | FD8: 0 | FE8: 0 | FF8: 0 | FG8: 0 | FH8: 0 | FI8: 0 | FJ8: 0 | FK8: 0 | FL8: 0 | FM8: 0 | FN8: 0 | FO8: 0 | FP8: 0 | FQ8: 0 | FR8: 0 | FS8: 0 | FT8: 0 | FU8: 0 | FV8: 0 | FW8: 0 | FX8: 0 | FY8: 0 | FZ8: 0 | GA8: 0 | GB8: 0 | GC8: 0 | GD8: 0 | GE8: 0 | GF8: 0 | GG8: 0 | GH8: 0 | GI8: 0 | GJ8: 0 | GK8: 0 | GL8: 0 | GM8: 0 | GN8: 0 | GO8: 0 | GP8: 0 | GQ8: 0 | GR8: 0 | GS8: 0 | GT8: 0 | GU8: 0 | GV8: 0 | GW8: 0 | GX8: 0 | GY8: 0 | GZ8: 0 | HA8: 0 | HB8: 0 | HC8: 0 | HD8: 0 | HE8: 0 | HF8: 0 | HG8: 0 | HH8: 0 | HI8: 0 | HJ8: 0 | HK8: 0 | HL8: 0 | HM8: 0 | HN8: 0 | HO8: 0 | HP8: 0 | HQ8: 0 | HR8: 0 | HS8: 0 | HT8: 0 | HU8: 0 | HV8: 0 | HW8: 0 | HX8: 0 | HY8: 0 | HZ8: 0 | IA8: 0 | IB8: 0 | IC8: 0 | ID8: 0 | IE8: 0 | IF8: 0 | IG8: 0 | IH8: 0 | II8: 0 | IJ8: 0 | IK8: 0 | IL8: 0 | IM8: 0 | IN8: 0 | IO8: 0 | IP8: 0 | IQ8: 0 | IR8: 0 | IS8: 0 | IT8: 0 | IU8: 0 | IV8: 0 | IW8: 0 | IX8: 0 | IY8: 0 | IZ8: 0 | JA8: 0 | JB8: 0 | JC8: 0 | JD8: 0 | JE8: 0 | JF8: 0 | JG8: 0 | JH8: 0 | JI8: 0 | JJ8: 0 | JK8: 0 | JL8: 0 | JM8: 0 | JN8: 0 | JO8: 0 | JP8: 0 | JQ8: 0 | JR8: 0 | JS8: 0 | JT8: 0 | JU8: 0 | JV8: 0 | JW8: 0 | JX8: 0 | JY8: 0 | JZ8: 0 | KA8: 0 | KB8: 0 | KC8: 0 | KD8: 0 | KE8: 0 | KF8: 0 | KG8: 0 | KH8: 0 | KI8: 0 | KJ8: 0 | KK8: 0 | KL8: 0 | KM8: 0 | KN8: 0 | KO8: 0 | KP8: 0 | KQ8: 0 | KR8: 0 | KS8: 0 | KT8: 0 | KU8: 0 | KV8: 0 | KW8: 0 | KX8: 0 | KY8: 0 | KZ8: 0 | LA8: 0 | LB8: 0 | LC8: 0 | LD8: 0 | LE8: 0 | LF8: 0 | LG8: 0 | LH8: 0 | LI8: 0 | LJ8: 0 | LK8: 0 | LL8: 0 | LM8: 0 | LN8: 0 | LO8: 0 | LP8: 0 | LQ8: 0 | LR8: 0 | LS8: 0 | LT8: 0 | LU8: 0 | LV8: 0 | LW8: 0 | LX8: 0 | LY8: 0 | LZ8: 0 | MA8: 0 | MB8: 0 | MC8: 0 | MD8: 0 | ME8: 0 | MF8: 0 | MG8: 0 | MH8: 0 | MI8: 0 | MJ8: 0 | MK8: 0 | ML8: 0 | MM8: 0 | MN8: 0 | MO8: 0 | MP8: 0 | MQ8: 0 | MR8: =SUMIF($N$7:$MQ$7,"*"&MR$7&"*",$N8:$MQ8) -> 1 | MS8: =SUMIF($N$7:$MQ$7,"*"&MS$7&"*",$N8:$MQ8) -> 0 | MT8: =SUMIF($N$7:$MQ$7,"*"&MT$7&"*",$N8:$MQ8) -> 0 | MU8: =SUMIF($N$7:$MQ$7,"*"&MU$7&"*",$N8:$MQ8) -> 0 | MV8: =SUMIF($N$7:$MQ$7,"*"&MV$7&"*",$N8:$MQ8) -> 0 | MW8: =SUMIF($N$7:$MQ$7,"*"&MW$7&"*",$N8:$MQ8) -> 0 | MX8: =SUMIF($N$7:$MQ$7,"*"&MX$7&"*",$N8:$MQ8) -> 0 | MY8: =SUMIF($N$7:$MQ$7,"*"&MY$7&"*",$N8:$MQ8) -> 0 | ... NG8: =SUMIF($N$7:$MQ$7,"*"&NG$7&"*",$N8:$MQ8) -> 0 | NH8: =SUMIF($MR$5:$NG$5,NH$7,$MR8:$NG8) -> 1 | NI8: =SUMIF($MR$5:$NG$5,NI$7,$MR8:$NG8) -> 0 | NJ8: =SUM(NH8:NI8) -> 1
A9: Region XI | B9: Mati City | C9: 102157 | D9: Catmonan Elementary School | E9: DAVAO ORIENTAL | F9: CITY OF MATI (Capital) | G9: 2nd District | H9: MACAMBOL | I9: School with no Annexes | J9: Public | K9: DepED Managed | L9: Kinder & Grade 1-6 | M9: Purely ES | N9: 0 | O9: 0 | P9: 0 | Q9: 0 | R9: 0 | S9: 0 | T9: 0 | U9: 0 | V9: 0 | W9: 0 | X9: 0 | Y9: 0 | Z9: 0 | AA9: 0 | AB9: 0 | AC9: 0 | AD9: 0 | AE9: 0 | AF9: 0 | AG9: 0 | AH9: 0 | AI9: 0 | AJ9: 0 | AK9: 0 | AL9: 0 | AM9: 0 | AN9: 0 | AO9: 0 | AP9: 0 | AQ9: 0 | AR9: 0 | AS9: 0 | AT9: 0 | AU9: 0 | AV9: 0 | AW9: 0 | AX9: 0 | AY9: 0 | AZ9: 0 | BA9: 0 | BB9: 0 | BC9: 0 | BD9: 0 | BE9: 0 | BF9: 0 | BG9: 0 | BH9: 0 | BI9: 0 | BJ9: 0 | BK9: 0 | BL9: 0 | BM9: 0 | BN9: 0 | BO9: 0 | BP9: 0 | BQ9: 0 | BR9: 0 | BS9: 0 | BT9: 0 | BU9: 0 | BV9: 0 | BW9: 0 | BX9: 0 | BY9: 1 | BZ9: 0 | CA9: 0 | CB9: 0 | CC9: 0 | CD9: 0 | CE9: 1 | CF9: 0 | CG9: 0 | CH9: 0 | CI9: 2 | CJ9: 0 | CK9: 2 | CL9: 1 | CM9: 0 | CN9: 0 | CO9: 0 | CP9: 0 | CQ9: 0 | CR9: 0 | CS9: 0 | CT9: 0 | CU9: 0 | CV9: 0 | CW9: 0 | CX9: 0 | CY9: 0 | CZ9: 0 | DA9: 0 | DB9: 1 | DC9: 0 | DD9: 1 | DE9: 0 | DF9: 0 | DG9: 0 | DH9: 0 | DI9: 0 | DJ9: 0 | DK9: 0 | DL9: 0 | DM9: 0 | DN9: 0 | DO9: 0 | DP9: 0 | DQ9: 0 | DR9: 0 | DS9: 0 | DT9: 0 | DU9: 0 | DV9: 0 | DW9: 0 | DX9: 0 | DY9: 0 | DZ9: 0 | EA9: 0 | EB9: 0 | EC9: 0 | ED9: 0 | EE9: 0 | EF9: 0 | EG9: 0 | EH9: 0 | EI9: 0 | EJ9: 0 | EK9: 0 | EL9: 0 | EM9: 0 | EN9: 0 | EO9: 0 | EP9: 0 | EQ9: 0 | ER9: 0 | ES9: 0 | ET9: 0 | EU9: 0 | EV9: 0 | EW9: 0 | EX9: 0 | EY9: 0 | EZ9: 0 | FA9: 0 | FB9: 0 | FC9: 0 | FD9: 0 | FE9: 0 | FF9: 0 | FG9: 0 | FH9: 0 | FI9: 0 | FJ9: 0 | FK9: 0 | FL9: 0 | FM9: 0 | FN9: 0 | FO9: 0 | FP9: 0 | FQ9: 0 | FR9: 0 | FS9: 0 | FT9: 0 | FU9: 0 | FV9: 0 | FW9: 0 | FX9: 0 | FY9: 0 | FZ9: 0 | GA9: 0 | GB9: 0 | GC9: 3 | GD9: 0 | GE9: 0 | GF9: 0 | GG9: 0 | GH9: 0 | GI9: 0 | GJ9: 0 | GK9: 0 | GL9: 0 | GM9: 0 | GN9: 0 | GO9: 1 | GP9: 0 | GQ9: 0 | GR9: 0 | GS9: 4 | GT9: 0 | GU9: 4 | GV9: 0 | GW9: 0 | GX9: 0 | GY9: 0 | GZ9: 0 | HA9: 0 | HB9: 0 | HC9: 0 | HD9: 0 | HE9: 0 | HF9: 0 | HG9: 0 | HH9: 0 | HI9: 0 | HJ9: 0 | HK9: 0 | HL9: 0 | HM9: 0 | HN9: 0 | HO9: 0 | HP9: 0 | HQ9: 0 | HR9: 0 | HS9: 0 | HT9: 0 | HU9: 0 | HV9: 0 | HW9: 0 | HX9: 0 | HY9: 0 | HZ9: 0 | IA9: 0 | IB9: 0 | IC9: 0 | ID9: 0 | IE9: 0 | IF9: 0 | IG9: 0 | IH9: 0 | II9: 0 | IJ9: 0 | IK9: 0 | IL9: 0 | IM9: 0 | IN9: 0 | IO9: 0 | IP9: 0 | IQ9: 0 | IR9: 0 | IS9: 0 | IT9: 0 | IU9: 0 | IV9: 0 | IW9: 0 | IX9: 0 | IY9: 0 | IZ9: 0 | JA9: 0 | JB9: 0 | JC9: 0 | JD9: 0 | JE9: 0 | JF9: 0 | JG9: 0 | JH9: 0 | JI9: 0 | JJ9: 0 | JK9: 0 | JL9: 0 | JM9: 0 | JN9: 0 | JO9: 0 | JP9: 0 | JQ9: 0 | JR9: 0 | JS9: 0 | JT9: 1 | JU9: 0 | JV9: 0 | JW9: 0 | JX9: 0 | JY9: 0 | JZ9: 0 | KA9: 0 | KB9: 0 | KC9: 0 | KD9: 0 | KE9: 0 | KF9: 0 | KG9: 0 | KH9: 0 | KI9: 0 | KJ9: 1 | KK9: 0 | KL9: 1 | KM9: 0 | KN9: 0 | KO9: 0 | KP9: 0 | KQ9: 0 | KR9: 0 | KS9: 0 | KT9: 0 | KU9: 0 | KV9: 0 | KW9: 0 | KX9: 0 | KY9: 0 | KZ9: 0 | LA9: 0 | LB9: 0 | LC9: 0 | LD9: 0 | LE9: 0 | LF9: 0 | LG9: 0 | LH9: 0 | LI9: 0 | LJ9: 0 | LK9: 0 | LL9: 0 | LM9: 0 | LN9: 0 | LO9: 0 | LP9: 0 | LQ9: 0 | LR9: 0 | LS9: 0 | LT9: 0 | LU9: 0 | LV9: 0 | LW9: 0 | LX9: 0 | LY9: 0 | LZ9: 0 | MA9: 0 | MB9: 0 | MC9: 0 | MD9: 0 | ME9: 0 | MF9: 0 | MG9: 0 | MH9: 0 | MI9: 0 | MJ9: 0 | MK9: 0 | ML9: 0 | MM9: 0 | MN9: 0 | MO9: 0 | MP9: 0 | MQ9: 0 | MR9: =SUMIF($N$7:$MQ$7,"*"&MR$7&"*",$N9:$MQ9) -> 5 | MS9: =SUMIF($N$7:$MQ$7,"*"&MS$7&"*",$N9:$MQ9) -> 0 | MT9: =SUMIF($N$7:$MQ$7,"*"&MT$7&"*",$N9:$MQ9) -> 0 | MU9: =SUMIF($N$7:$MQ$7,"*"&MU$7&"*",$N9:$MQ9) -> 0 | MV9: =SUMIF($N$7:$MQ$7,"*"&MV$7&"*",$N9:$MQ9) -> 0 | MW9: =SUMIF($N$7:$MQ$7,"*"&MW$7&"*",$N9:$MQ9) -> 0 | MX9: =SUMIF($N$7:$MQ$7,"*"&MX$7&"*",$N9:$MQ9) -> 1 | MY9: =SUMIF($N$7:$MQ$7,"*"&MY$7&"*",$N9:$MQ9) -> 0 | ... NG9: =SUMIF($N$7:$MQ$7,"*"&NG$7&"*",$N9:$MQ9) -> 0 | NH9: =SUMIF($MR$5:$NG$5,NH$7,$MR9:$NG9) -> 8 | NI9: =SUMIF($MR$5:$NG$5,NI$7,$MR9:$NG9) -> 0 | NJ9: =SUM(NH9:NI9) -> 8
A10: Region XI | B10: Mati City | C10: 102164 | D10: Talucanga Elementary School | E10: DAVAO ORIENTAL | F10: CITY OF MATI (Capital) | G10: 2nd District | H10: LUBAN | I10: School with no Annexes | J10: Public | K10: DepED Managed | L10: Kinder & Grade 1-6 | M10: Purely ES | N10: 0 | O10: 0 | P10: 0 | Q10: 0 | R10: 0 | S10: 0 | T10: 0 | U10: 0 | V10: 0 | W10: 0 | X10: 0 | Y10: 0 | Z10: 0 | AA10: 0 | AB10: 0 | AC10: 0 | AD10: 0 | AE10: 0 | AF10: 0 | AG10: 0 | AH10: 0 | AI10: 0 | AJ10: 0 | AK10: 0 | AL10: 0 | AM10: 0 | AN10: 0 | AO10: 0 | AP10: 0 | AQ10: 0 | AR10: 0 | AS10: 0 | AT10: 0 | AU10: 0 | AV10: 0 | AW10: 0 | AX10: 0 | AY10: 0 | AZ10: 0 | BA10: 0 | BB10: 0 | BC10: 0 | BD10: 0 | BE10: 0 | BF10: 0 | BG10: 0 | BH10: 0 | BI10: 0 | BJ10: 0 | BK10: 0 | BL10: 0 | BM10: 0 | BN10: 0 | BO10: 0 | BP10: 0 | BQ10: 0 | BR10: 0 | BS10: 0 | BT10: 0 | BU10: 0 | BV10: 0 | BW10: 0 | BX10: 0 | BY10: 0 | BZ10: 0 | CA10: 0 | CB10: 0 | CC10: 0 | CD10: 0 | CE10: 0 | CF10: 0 | CG10: 0 | CH10: 0 | CI10: 0 | CJ10: 0 | CK10: 0 | CL10: 0 | CM10: 1 | CN10: 0 | CO10: 0 | CP10: 0 | CQ10: 0 | CR10: 0 | CS10: 0 | CT10: 0 | CU10: 0 | CV10: 0 | CW10: 0 | CX10: 0 | CY10: 0 | CZ10: 0 | DA10: 0 | DB10: 0 | DC10: 1 | DD10: 1 | DE10: 0 | DF10: 0 | DG10: 0 | DH10: 0 | DI10: 0 | DJ10: 0 | DK10: 0 | DL10: 0 | DM10: 0 | DN10: 0 | DO10: 0 | DP10: 0 | DQ10: 0 | DR10: 0 | DS10: 0 | DT10: 0 | DU10: 0 | DV10: 0 | DW10: 0 | DX10: 0 | DY10: 0 | DZ10: 0 | EA10: 0 | EB10: 0 | EC10: 0 | ED10: 0 | EE10: 0 | EF10: 0 | EG10: 0 | EH10: 0 | EI10: 0 | EJ10: 0 | EK10: 0 | EL10: 0 | EM10: 0 | EN10: 0 | EO10: 0 | EP10: 0 | EQ10: 0 | ER10: 0 | ES10: 0 | ET10: 0 | EU10: 0 | EV10: 0 | EW10: 0 | EX10: 0 | EY10: 0 | EZ10: 0 | FA10: 0 | FB10: 0 | FC10: 0 | FD10: 0 | FE10: 0 | FF10: 0 | FG10: 0 | FH10: 0 | FI10: 0 | FJ10: 0 | FK10: 0 | FL10: 0 | FM10: 0 | FN10: 0 | FO10: 0 | FP10: 0 | FQ10: 0 | FR10: 0 | FS10: 0 | FT10: 0 | FU10: 0 | FV10: 0 | FW10: 0 | FX10: 0 | FY10: 0 | FZ10: 0 | GA10: 0 | GB10: 0 | GC10: 0 | GD10: 0 | GE10: 0 | GF10: 0 | GG10: 0 | GH10: 0 | GI10: 0 | GJ10: 0 | GK10: 0 | GL10: 0 | GM10: 0 | GN10: 0 | GO10: 0 | GP10: 0 | GQ10: 0 | GR10: 0 | GS10: 0 | GT10: 0 | GU10: 0 | GV10: 0 | GW10: 0 | GX10: 0 | GY10: 0 | GZ10: 0 | HA10: 0 | HB10: 0 | HC10: 0 | HD10: 0 | HE10: 0 | HF10: 0 | HG10: 0 | HH10: 0 | HI10: 0 | HJ10: 0 | HK10: 0 | HL10: 0 | HM10: 0 | HN10: 0 | HO10: 0 | HP10: 0 | HQ10: 0 | HR10: 0 | HS10: 0 | HT10: 0 | HU10: 0 | HV10: 0 | HW10: 0 | HX10: 0 | HY10: 0 | HZ10: 0 | IA10: 0 | IB10: 0 | IC10: 0 | ID10: 0 | IE10: 0 | IF10: 0 | IG10: 0 | IH10: 0 | II10: 0 | IJ10: 0 | IK10: 0 | IL10: 0 | IM10: 0 | IN10: 0 | IO10: 0 | IP10: 0 | IQ10: 0 | IR10: 0 | IS10: 0 | IT10: 0 | IU10: 0 | IV10: 0 | IW10: 0 | IX10: 0 | IY10: 0 | IZ10: 0 | JA10: 0 | JB10: 0 | JC10: 0 | JD10: 0 | JE10: 0 | JF10: 0 | JG10: 0 | JH10: 0 | JI10: 0 | JJ10: 0 | JK10: 0 | JL10: 0 | JM10: 0 | JN10: 0 | JO10: 0 | JP10: 0 | JQ10: 0 | JR10: 0 | JS10: 0 | JT10: 0 | JU10: 0 | JV10: 0 | JW10: 0 | JX10: 0 | JY10: 0 | JZ10: 0 | KA10: 0 | KB10: 0 | KC10: 0 | KD10: 0 | KE10: 0 | KF10: 0 | KG10: 0 | KH10: 0 | KI10: 0 | KJ10: 0 | KK10: 0 | KL10: 0 | KM10: 0 | KN10: 0 | KO10: 0 | KP10: 0 | KQ10: 0 | KR10: 0 | KS10: 0 | KT10: 0 | KU10: 0 | KV10: 0 | KW10: 0 | KX10: 0 | KY10: 0 | KZ10: 0 | LA10: 0 | LB10: 0 | LC10: 0 | LD10: 0 | LE10: 0 | LF10: 0 | LG10: 0 | LH10: 0 | LI10: 0 | LJ10: 0 | LK10: 0 | LL10: 0 | LM10: 0 | LN10: 0 | LO10: 0 | LP10: 0 | LQ10: 0 | LR10: 0 | LS10: 0 | LT10: 0 | LU10: 0 | LV10: 0 | LW10: 0 | LX10: 0 | LY10: 0 | LZ10: 0 | MA10: 0 | MB10: 0 | MC10: 0 | MD10: 0 | ME10: 0 | MF10: 0 | MG10: 0 | MH10: 0 | MI10: 0 | MJ10: 0 | MK10: 0 | ML10: 0 | MM10: 0 | MN10: 0 | MO10: 0 | MP10: 0 | MQ10: 0 | MR10: =SUMIF($N$7:$MQ$7,"*"&MR$7&"*",$N10:$MQ10) -> 0 | MS10: =SUMIF($N$7:$MQ$7,"*"&MS$7&"*",$N10:$MQ10) -> 1 | MT10: =SUMIF($N$7:$MQ$7,"*"&MT$7&"*",$N10:$MQ10) -> 0 | MU10: =SUMIF($N$7:$MQ$7,"*"&MU$7&"*",$N10:$MQ10) -> 0 | MV10: =SUMIF($N$7:$MQ$7,"*"&MV$7&"*",$N10:$MQ10) -> 0 | MW10: =SUMIF($N$7:$MQ$7,"*"&MW$7&"*",$N10:$MQ10) -> 0 | MX10: =SUMIF($N$7:$MQ$7,"*"&MX$7&"*",$N10:$MQ10) -> 0 | MY10: =SUMIF($N$7:$MQ$7,"*"&MY$7&"*",$N10:$MQ10) -> 0 | ... NG10: =SUMIF($N$7:$MQ$7,"*"&NG$7&"*",$N10:$MQ10) -> 0 | NH10: =SUMIF($MR$5:$NG$5,NH$7,$MR10:$NG10) -> 0 | NI10: =SUMIF($MR$5:$NG$5,NI$7,$MR10:$NG10) -> 1 | NJ10: =SUM(NH10:NI10) -> 1
A11: Region XI | B11: Mati City | C11: 129374 | D11: Badas ES | E11: DAVAO ORIENTAL | F11: CITY OF MATI (Capital) | G11: 2nd District | H11: BADAS | I11: School with no Annexes | J11: Public | K11: DepED Managed | L11: Kinder & Grade 1-6 | M11: Purely ES | N11: 0 | O11: 0 | P11: 0 | Q11: 0 | R11: 0 | S11: 0 | T11: 0 | U11: 0 | V11: 0 | W11: 0 | X11: 0 | Y11: 0 | Z11: 0 | AA11: 0 | AB11: 0 | AC11: 0 | AD11: 0 | AE11: 0 | AF11: 0 | AG11: 0 | AH11: 0 | AI11: 0 | AJ11: 0 | AK11: 0 | AL11: 0 | AM11: 0 | AN11: 0 | AO11: 0 | AP11: 0 | AQ11: 0 | AR11: 0 | AS11: 0 | AT11: 0 | AU11: 0 | AV11: 0 | AW11: 0 | AX11: 0 | AY11: 0 | AZ11: 3 | BA11: 1 | BB11: 0 | BC11: 0 | BD11: 0 | BE11: 0 | BF11: 0 | BG11: 0 | BH11: 0 | BI11: 0 | BJ11: 0 | BK11: 0 | BL11: 0 | BM11: 0 | BN11: 0 | BO11: 0 | BP11: 3 | BQ11: 1 | BR11: 4 | BS11: 0 | BT11: 0 | BU11: 0 | BV11: 0 | BW11: 0 | BX11: 0 | BY11: 0 | BZ11: 0 | CA11: 0 | CB11: 0 | CC11: 0 | CD11: 0 | CE11: 0 | CF11: 0 | CG11: 0 | CH11: 0 | CI11: 0 | CJ11: 0 | CK11: 0 | CL11: 0 | CM11: 0 | CN11: 0 | CO11: 0 | CP11: 0 | CQ11: 0 | CR11: 0 | CS11: 0 | CT11: 0 | CU11: 0 | CV11: 0 | CW11: 0 | CX11: 0 | CY11: 0 | CZ11: 0 | DA11: 0 | DB11: 0 | DC11: 0 | DD11: 0 | DE11: 0 | DF11: 0 | DG11: 0 | DH11: 0 | DI11: 0 | DJ11: 0 | DK11: 0 | DL11: 0 | DM11: 0 | DN11: 0 | DO11: 0 | DP11: 0 | DQ11: 0 | DR11: 0 | DS11: 0 | DT11: 0 | DU11: 0 | DV11: 0 | DW11: 0 | DX11: 0 | DY11: 0 | DZ11: 0 | EA11: 0 | EB11: 0 | EC11: 0 | ED11: 0 | EE11: 0 | EF11: 0 | EG11: 0 | EH11: 0 | EI11: 0 | EJ11: 0 | EK11: 0 | EL11: 0 | EM11: 0 | EN11: 0 | EO11: 0 | EP11: 0 | EQ11: 0 | ER11: 0 | ES11: 0 | ET11: 0 | EU11: 0 | EV11: 0 | EW11: 0 | EX11: 0 | EY11: 0 | EZ11: 0 | FA11: 0 | FB11: 0 | FC11: 0 | FD11: 0 | FE11: 0 | FF11: 0 | FG11: 0 | FH11: 0 | FI11: 0 | FJ11: 0 | FK11: 0 | FL11: 0 | FM11: 0 | FN11: 0 | FO11: 0 | FP11: 0 | FQ11: 0 | FR11: 0 | FS11: 0 | FT11: 0 | FU11: 0 | FV11: 0 | FW11: 0 | FX11: 0 | FY11: 0 | FZ11: 0 | GA11: 0 | GB11: 0 | GC11: 0 | GD11: 0 | GE11: 0 | GF11: 0 | GG11: 0 | GH11: 0 | GI11: 0 | GJ11: 0 | GK11: 0 | GL11: 0 | GM11: 0 | GN11: 0 | GO11: 0 | GP11: 0 | GQ11: 0 | GR11: 0 | GS11: 0 | GT11: 0 | GU11: 0 | GV11: 0 | GW11: 0 | GX11: 0 | GY11: 0 | GZ11: 0 | HA11: 0 | HB11: 0 | HC11: 0 | HD11: 0 | HE11: 0 | HF11: 0 | HG11: 0 | HH11: 0 | HI11: 0 | HJ11: 0 | HK11: 0 | HL11: 0 | HM11: 0 | HN11: 0 | HO11: 0 | HP11: 0 | HQ11: 0 | HR11: 0 | HS11: 0 | HT11: 0 | HU11: 0 | HV11: 0 | HW11: 0 | HX11: 0 | HY11: 0 | HZ11: 0 | IA11: 0 | IB11: 0 | IC11: 0 | ID11: 0 | IE11: 0 | IF11: 0 | IG11: 0 | IH11: 0 | II11: 0 | IJ11: 0 | IK11: 0 | IL11: 0 | IM11: 0 | IN11: 0 | IO11: 0 | IP11: 0 | IQ11: 0 | IR11: 0 | IS11: 0 | IT11: 0 | IU11: 0 | IV11: 0 | IW11: 0 | IX11: 0 | IY11: 0 | IZ11: 0 | JA11: 0 | JB11: 0 | JC11: 0 | JD11: 0 | JE11: 0 | JF11: 0 | JG11: 0 | JH11: 0 | JI11: 0 | JJ11: 0 | JK11: 0 | JL11: 0 | JM11: 0 | JN11: 0 | JO11: 0 | JP11: 0 | JQ11: 0 | JR11: 0 | JS11: 0 | JT11: 0 | JU11: 0 | JV11: 0 | JW11: 0 | JX11: 0 | JY11: 0 | JZ11: 0 | KA11: 0 | KB11: 0 | KC11: 0 | KD11: 0 | KE11: 0 | KF11: 0 | KG11: 0 | KH11: 0 | KI11: 0 | KJ11: 0 | KK11: 0 | KL11: 0 | KM11: 0 | KN11: 0 | KO11: 0 | KP11: 0 | KQ11: 0 | KR11: 0 | KS11: 0 | KT11: 0 | KU11: 0 | KV11: 0 | KW11: 0 | KX11: 0 | KY11: 0 | KZ11: 0 | LA11: 0 | LB11: 0 | LC11: 0 | LD11: 0 | LE11: 0 | LF11: 0 | LG11: 0 | LH11: 0 | LI11: 0 | LJ11: 0 | LK11: 0 | LL11: 0 | LM11: 0 | LN11: 0 | LO11: 0 | LP11: 0 | LQ11: 0 | LR11: 0 | LS11: 0 | LT11: 0 | LU11: 0 | LV11: 0 | LW11: 0 | LX11: 0 | LY11: 0 | LZ11: 0 | MA11: 0 | MB11: 0 | MC11: 0 | MD11: 0 | ME11: 0 | MF11: 0 | MG11: 0 | MH11: 0 | MI11: 0 | MJ11: 0 | MK11: 0 | ML11: 0 | MM11: 0 | MN11: 0 | MO11: 0 | MP11: 0 | MQ11: 0 | MR11: =SUMIF($N$7:$MQ$7,"*"&MR$7&"*",$N11:$MQ11) -> 3 | MS11: =SUMIF($N$7:$MQ$7,"*"&MS$7&"*",$N11:$MQ11) -> 1 | MT11: =SUMIF($N$7:$MQ$7,"*"&MT$7&"*",$N11:$MQ11) -> 0 | MU11: =SUMIF($N$7:$MQ$7,"*"&MU$7&"*",$N11:$MQ11) -> 0 | MV11: =SUMIF($N$7:$MQ$7,"*"&MV$7&"*",$N11:$MQ11) -> 0 | MW11: =SUMIF($N$7:$MQ$7,"*"&MW$7&"*",$N11:$MQ11) -> 0 | MX11: =SUMIF($N$7:$MQ$7,"*"&MX$7&"*",$N11:$MQ11) -> 0 | MY11: =SUMIF($N$7:$MQ$7,"*"&MY$7&"*",$N11:$MQ11) -> 0 | ... NG11: =SUMIF($N$7:$MQ$7,"*"&NG$7&"*",$N11:$MQ11) -> 0 | NH11: =SUMIF($MR$5:$NG$5,NH$7,$MR11:$NG11) -> 3 | NI11: =SUMIF($MR$5:$NG$5,NI$7,$MR11:$NG11) -> 1 | NJ11: =SUM(NH11:NI11) -> 4
A12: Region XI | B12: Mati City | C12: 129375 | D12: Baso ES | E12: DAVAO ORIENTAL | F12: CITY OF MATI (Capital) | G12: 2nd District | H12: BADAS | I12: School with no Annexes | J12: Public | K12: DepED Managed | L12: Kinder & Grade 1-6 | M12: Purely ES | N12: 0 | O12: 0 | P12: 0 | Q12: 0 | R12: 0 | S12: 0 | T12: 0 | U12: 0 | V12: 0 | W12: 0 | X12: 0 | Y12: 0 | Z12: 0 | AA12: 0 | AB12: 0 | AC12: 0 | AD12: 0 | AE12: 0 | AF12: 0 | AG12: 0 | AH12: 0 | AI12: 0 | AJ12: 0 | AK12: 0 | AL12: 0 | AM12: 0 | AN12: 0 | AO12: 0 | AP12: 0 | AQ12: 0 | AR12: 0 | AS12: 0 | AT12: 0 | AU12: 0 | AV12: 0 | AW12: 0 | AX12: 0 | AY12: 0 | AZ12: 0 | BA12: 0 | BB12: 0 | BC12: 0 | BD12: 0 | BE12: 0 | BF12: 0 | BG12: 0 | BH12: 0 | BI12: 0 | BJ12: 0 | BK12: 0 | BL12: 0 | BM12: 0 | BN12: 0 | BO12: 0 | BP12: 0 | BQ12: 0 | BR12: 0 | BS12: 0 | BT12: 0 | BU12: 0 | BV12: 0 | BW12: 0 | BX12: 0 | BY12: 0 | BZ12: 0 | CA12: 0 | CB12: 0 | CC12: 0 | CD12: 0 | CE12: 0 | CF12: 0 | CG12: 0 | CH12: 0 | CI12: 0 | CJ12: 0 | CK12: 0 | CL12: 0 | CM12: 0 | CN12: 0 | CO12: 0 | CP12: 0 | CQ12: 0 | CR12: 0 | CS12: 0 | CT12: 0 | CU12: 0 | CV12: 0 | CW12: 0 | CX12: 0 | CY12: 0 | CZ12: 0 | DA12: 0 | DB12: 0 | DC12: 0 | DD12: 0 | DE12: 0 | DF12: 0 | DG12: 0 | DH12: 0 | DI12: 0 | DJ12: 0 | DK12: 0 | DL12: 0 | DM12: 0 | DN12: 0 | DO12: 0 | DP12: 0 | DQ12: 0 | DR12: 0 | DS12: 0 | DT12: 0 | DU12: 0 | DV12: 0 | DW12: 0 | DX12: 0 | DY12: 0 | DZ12: 0 | EA12: 0 | EB12: 0 | EC12: 0 | ED12: 0 | EE12: 0 | EF12: 0 | EG12: 0 | EH12: 0 | EI12: 0 | EJ12: 0 | EK12: 0 | EL12: 0 | EM12: 0 | EN12: 0 | EO12: 0 | EP12: 0 | EQ12: 0 | ER12: 0 | ES12: 0 | ET12: 0 | EU12: 0 | EV12: 0 | EW12: 0 | EX12: 0 | EY12: 0 | EZ12: 0 | FA12: 0 | FB12: 0 | FC12: 0 | FD12: 0 | FE12: 0 | FF12: 0 | FG12: 0 | FH12: 0 | FI12: 0 | FJ12: 0 | FK12: 0 | FL12: 0 | FM12: 0 | FN12: 0 | FO12: 0 | FP12: 0 | FQ12: 0 | FR12: 0 | FS12: 0 | FT12: 0 | FU12: 0 | FV12: 0 | FW12: 0 | FX12: 0 | FY12: 0 | FZ12: 0 | GA12: 0 | GB12: 0 | GC12: 0 | GD12: 0 | GE12: 0 | GF12: 0 | GG12: 0 | GH12: 0 | GI12: 0 | GJ12: 0 | GK12: 0 | GL12: 0 | GM12: 0 | GN12: 0 | GO12: 0 | GP12: 0 | GQ12: 0 | GR12: 0 | GS12: 0 | GT12: 0 | GU12: 0 | GV12: 0 | GW12: 0 | GX12: 0 | GY12: 0 | GZ12: 0 | HA12: 0 | HB12: 0 | HC12: 0 | HD12: 0 | HE12: 0 | HF12: 0 | HG12: 0 | HH12: 0 | HI12: 0 | HJ12: 0 | HK12: 0 | HL12: 0 | HM12: 0 | HN12: 0 | HO12: 0 | HP12: 0 | HQ12: 0 | HR12: 0 | HS12: 0 | HT12: 0 | HU12: 0 | HV12: 0 | HW12: 0 | HX12: 0 | HY12: 0 | HZ12: 0 | IA12: 0 | IB12: 0 | IC12: 0 | ID12: 0 | IE12: 0 | IF12: 0 | IG12: 0 | IH12: 0 | II12: 0 | IJ12: 0 | IK12: 0 | IL12: 0 | IM12: 0 | IN12: 0 | IO12: 0 | IP12: 0 | IQ12: 0 | IR12: 0 | IS12: 0 | IT12: 0 | IU12: 0 | IV12: 0 | IW12: 0 | IX12: 0 | IY12: 0 | IZ12: 0 | JA12: 0 | JB12: 0 | JC12: 0 | JD12: 0 | JE12: 0 | JF12: 0 | JG12: 0 | JH12: 0 | JI12: 0 | JJ12: 0 | JK12: 0 | JL12: 0 | JM12: 0 | JN12: 0 | JO12: 0 | JP12: 0 | JQ12: 0 | JR12: 0 | JS12: 0 | JT12: 0 | JU12: 0 | JV12: 0 | JW12: 0 | JX12: 0 | JY12: 0 | JZ12: 0 | KA12: 0 | KB12: 0 | KC12: 0 | KD12: 0 | KE12: 0 | KF12: 0 | KG12: 0 | KH12: 0 | KI12: 0 | KJ12: 0 | KK12: 0 | KL12: 0 | KM12: 0 | KN12: 0 | KO12: 0 | KP12: 0 | KQ12: 0 | KR12: 0 | KS12: 0 | KT12: 0 | KU12: 0 | KV12: 0 | KW12: 0 | KX12: 0 | KY12: 0 | KZ12: 0 | LA12: 0 | LB12: 0 | LC12: 0 | LD12: 0 | LE12: 0 | LF12: 0 | LG12: 0 | LH12: 0 | LI12: 0 | LJ12: 0 | LK12: 0 | LL12: 0 | LM12: 0 | LN12: 0 | LO12: 0 | LP12: 0 | LQ12: 0 | LR12: 0 | LS12: 0 | LT12: 0 | LU12: 0 | LV12: 0 | LW12: 0 | LX12: 0 | LY12: 0 | LZ12: 0 | MA12: 0 | MB12: 0 | MC12: 0 | MD12: 0 | ME12: 0 | MF12: 0 | MG12: 0 | MH12: 0 | MI12: 0 | MJ12: 0 | MK12: 0 | ML12: 0 | MM12: 0 | MN12: 0 | MO12: 0 | MP12: 0 | MQ12: 0 | MR12: =SUMIF($N$7:$MQ$7,"*"&MR$7&"*",$N12:$MQ12) -> 0 | MS12: =SUMIF($N$7:$MQ$7,"*"&MS$7&"*",$N12:$MQ12) -> 0 | MT12: =SUMIF($N$7:$MQ$7,"*"&MT$7&"*",$N12:$MQ12) -> 0 | MU12: =SUMIF($N$7:$MQ$7,"*"&MU$7&"*",$N12:$MQ12) -> 0 | MV12: =SUMIF($N$7:$MQ$7,"*"&MV$7&"*",$N12:$MQ12) -> 0 | MW12: =SUMIF($N$7:$MQ$7,"*"&MW$7&"*",$N12:$MQ12) -> 0 | MX12: =SUMIF($N$7:$MQ$7,"*"&MX$7&"*",$N12:$MQ12) -> 0 | MY12: =SUMIF($N$7:$MQ$7,"*"&MY$7&"*",$N12:$MQ12) -> 0 | ... NG12: =SUMIF($N$7:$MQ$7,"*"&NG$7&"*",$N12:$MQ12) -> 0 | NH12: =SUMIF($MR$5:$NG$5,NH$7,$MR12:$NG12) -> 0 | NI12: =SUMIF($MR$5:$NG$5,NI$7,$MR12:$NG12) -> 0 | NJ12: =SUM(NH12:NI12) -> 0
A13: Region XI | B13: Mati City | C13: 129376 | D13: Belsonda ES | E13: DAVAO ORIENTAL | F13: CITY OF MATI (Capital) | G13: 2nd District | H13: CENTRAL (POB.) | I13: School with no Annexes | J13: Public | K13: DepED Managed | L13: Kinder & Grade 1-6 | M13: Purely ES | N13: 0 | O13: 0 | P13: 0 | Q13: 0 | R13: 0 | S13: 0 | T13: 0 | U13: 0 | V13: 0 | W13: 0 | X13: 0 | Y13: 0 | Z13: 0 | AA13: 0 | AB13: 0 | AC13: 0 | AD13: 0 | AE13: 0 | AF13: 0 | AG13: 0 | AH13: 0 | AI13: 0 | AJ13: 0 | AK13: 0 | AL13: 0 | AM13: 0 | AN13: 0 | AO13: 0 | AP13: 0 | AQ13: 0 | AR13: 0 | AS13: 0 | AT13: 0 | AU13: 0 | AV13: 0 | AW13: 0 | AX13: 0 | AY13: 0 | AZ13: 0 | BA13: 0 | BB13: 0 | BC13: 0 | BD13: 0 | BE13: 0 | BF13: 0 | BG13: 0 | BH13: 0 | BI13: 0 | BJ13: 0 | BK13: 0 | BL13: 0 | BM13: 0 | BN13: 0 | BO13: 0 | BP13: 0 | BQ13: 0 | BR13: 0 | BS13: 0 | BT13: 0 | BU13: 0 | BV13: 0 | BW13: 0 | BX13: 0 | BY13: 0 | BZ13: 0 | CA13: 0 | CB13: 0 | CC13: 0 | CD13: 0 | CE13: 0 | CF13: 0 | CG13: 0 | CH13: 0 | CI13: 0 | CJ13: 0 | CK13: 0 | CL13: 0 | CM13: 0 | CN13: 0 | CO13: 0 | CP13: 0 | CQ13: 0 | CR13: 0 | CS13: 0 | CT13: 0 | CU13: 0 | CV13: 0 | CW13: 0 | CX13: 0 | CY13: 0 | CZ13: 0 | DA13: 0 | DB13: 0 | DC13: 0 | DD13: 0 | DE13: 0 | DF13: 0 | DG13: 0 | DH13: 0 | DI13: 0 | DJ13: 0 | DK13: 0 | DL13: 0 | DM13: 0 | DN13: 0 | DO13: 0 | DP13: 0 | DQ13: 0 | DR13: 0 | DS13: 0 | DT13: 0 | DU13: 0 | DV13: 0 | DW13: 0 | DX13: 0 | DY13: 0 | DZ13: 0 | EA13: 0 | EB13: 0 | EC13: 0 | ED13: 0 | EE13: 0 | EF13: 0 | EG13: 0 | EH13: 0 | EI13: 0 | EJ13: 0 | EK13: 0 | EL13: 0 | EM13: 0 | EN13: 0 | EO13: 0 | EP13: 0 | EQ13: 0 | ER13: 0 | ES13: 0 | ET13: 0 | EU13: 0 | EV13: 0 | EW13: 0 | EX13: 0 | EY13: 0 | EZ13: 0 | FA13: 0 | FB13: 0 | FC13: 0 | FD13: 0 | FE13: 0 | FF13: 0 | FG13: 0 | FH13: 0 | FI13: 0 | FJ13: 0 | FK13: 0 | FL13: 0 | FM13: 0 | FN13: 0 | FO13: 0 | FP13: 0 | FQ13: 0 | FR13: 0 | FS13: 0 | FT13: 0 | FU13: 0 | FV13: 0 | FW13: 0 | FX13: 0 | FY13: 0 | FZ13: 0 | GA13: 0 | GB13: 0 | GC13: 0 | GD13: 0 | GE13: 0 | GF13: 0 | GG13: 0 | GH13: 0 | GI13: 0 | GJ13: 0 | GK13: 0 | GL13: 0 | GM13: 0 | GN13: 0 | GO13: 0 | GP13: 0 | GQ13: 0 | GR13: 0 | GS13: 0 | GT13: 0 | GU13: 0 | GV13: 0 | GW13: 0 | GX13: 0 | GY13: 0 | GZ13: 0 | HA13: 0 | HB13: 0 | HC13: 0 | HD13: 0 | HE13: 0 | HF13: 0 | HG13: 0 | HH13: 0 | HI13: 0 | HJ13: 0 | HK13: 0 | HL13: 0 | HM13: 0 | HN13: 0 | HO13: 0 | HP13: 0 | HQ13: 0 | HR13: 0 | HS13: 0 | HT13: 0 | HU13: 0 | HV13: 0 | HW13: 0 | HX13: 0 | HY13: 0 | HZ13: 0 | IA13: 0 | IB13: 0 | IC13: 0 | ID13: 0 | IE13: 0 | IF13: 0 | IG13: 0 | IH13: 0 | II13: 0 | IJ13: 0 | IK13: 0 | IL13: 0 | IM13: 0 | IN13: 0 | IO13: 0 | IP13: 0 | IQ13: 0 | IR13: 0 | IS13: 0 | IT13: 0 | IU13: 0 | IV13: 0 | IW13: 0 | IX13: 0 | IY13: 0 | IZ13: 0 | JA13: 0 | JB13: 0 | JC13: 0 | JD13: 0 | JE13: 0 | JF13: 0 | JG13: 0 | JH13: 0 | JI13: 0 | JJ13: 0 | JK13: 0 | JL13: 0 | JM13: 0 | JN13: 0 | JO13: 0 | JP13: 0 | JQ13: 0 | JR13: 0 | JS13: 0 | JT13: 0 | JU13: 0 | JV13: 0 | JW13: 0 | JX13: 0 | JY13: 0 | JZ13: 0 | KA13: 0 | KB13: 0 | KC13: 0 | KD13: 0 | KE13: 0 | KF13: 0 | KG13: 0 | KH13: 0 | KI13: 0 | KJ13: 0 | KK13: 0 | KL13: 0 | KM13: 0 | KN13: 0 | KO13: 0 | KP13: 0 | KQ13: 0 | KR13: 0 | KS13: 0 | KT13: 0 | KU13: 0 | KV13: 0 | KW13: 0 | KX13: 0 | KY13: 0 | KZ13: 0 | LA13: 0 | LB13: 0 | LC13: 0 | LD13: 0 | LE13: 0 | LF13: 0 | LG13: 0 | LH13: 0 | LI13: 0 | LJ13: 0 | LK13: 0 | LL13: 0 | LM13: 0 | LN13: 0 | LO13: 0 | LP13: 0 | LQ13: 0 | LR13: 0 | LS13: 0 | LT13: 0 | LU13: 0 | LV13: 0 | LW13: 0 | LX13: 0 | LY13: 0 | LZ13: 0 | MA13: 0 | MB13: 0 | MC13: 0 | MD13: 0 | ME13: 0 | MF13: 0 | MG13: 0 | MH13: 0 | MI13: 0 | MJ13: 0 | MK13: 0 | ML13: 0 | MM13: 0 | MN13: 0 | MO13: 0 | MP13: 0 | MQ13: 0 | MR13: =SUMIF($N$7:$MQ$7,"*"&MR$7&"*",$N13:$MQ13) -> 0 | MS13: =SUMIF($N$7:$MQ$7,"*"&MS$7&"*",$N13:$MQ13) -> 0 | MT13: =SUMIF($N$7:$MQ$7,"*"&MT$7&"*",$N13:$MQ13) -> 0 | MU13: =SUMIF($N$7:$MQ$7,"*"&MU$7&"*",$N13:$MQ13) -> 0 | MV13: =SUMIF($N$7:$MQ$7,"*"&MV$7&"*",$N13:$MQ13) -> 0 | MW13: =SUMIF($N$7:$MQ$7,"*"&MW$7&"*",$N13:$MQ13) -> 0 | MX13: =SUMIF($N$7:$MQ$7,"*"&MX$7&"*",$N13:$MQ13) -> 0 | MY13: =SUMIF($N$7:$MQ$7,"*"&MY$7&"*",$N13:$MQ13) -> 0 | ... NG13: =SUMIF($N$7:$MQ$7,"*"&NG$7&"*",$N13:$MQ13) -> 0 | NH13: =SUMIF($MR$5:$NG$5,NH$7,$MR13:$NG13) -> 0 | NI13: =SUMIF($MR$5:$NG$5,NI$7,$MR13:$NG13) -> 0 | NJ13: =SUM(NH13:NI13) -> 0
A14: Region XI | B14: Mati City | C14: 129377 | D14: Bagong Lipunan Improvement Site and Services Elementary School | E14: DAVAO ORIENTAL | F14: CITY OF MATI (Capital) | G14: 2nd District | H14: SAINZ | I14: School with no Annexes | J14: Public | K14: DepED Managed | L14: Kinder & Grade 1-6 | M14: Purely ES | N14: 0 | O14: 0 | P14: 0 | Q14: 0 | R14: 0 | S14: 0 | T14: 0 | U14: 0 | V14: 0 | W14: 0 | X14: 0 | Y14: 0 | Z14: 0 | AA14: 0 | AB14: 0 | AC14: 0 | AD14: 0 | AE14: 0 | AF14: 0 | AG14: 0 | AH14: 0 | AI14: 0 | AJ14: 0 | AK14: 0 | AL14: 0 | AM14: 0 | AN14: 0 | AO14: 0 | AP14: 0 | AQ14: 0 | AR14: 0 | AS14: 0 | AT14: 0 | AU14: 0 | AV14: 0 | AW14: 0 | AX14: 0 | AY14: 0 | AZ14: 0 | BA14: 1 | BB14: 1 | BC14: 0 | BD14: 0 | BE14: 0 | BF14: 0 | BG14: 0 | BH14: 0 | BI14: 0 | BJ14: 0 | BK14: 0 | BL14: 0 | BM14: 0 | BN14: 0 | BO14: 0 | BP14: 1 | BQ14: 1 | BR14: 2 | BS14: 0 | BT14: 1 | BU14: 0 | BV14: 0 | BW14: 0 | BX14: 0 | BY14: 0 | BZ14: 0 | CA14: 0 | CB14: 0 | CC14: 0 | CD14: 0 | CE14: 1 | CF14: 0 | CG14: 0 | CH14: 0 | CI14: 1 | CJ14: 1 | CK14: 2 | CL14: 0 | CM14: 0 | CN14: 0 | CO14: 0 | CP14: 0 | CQ14: 0 | CR14: 0 | CS14: 0 | CT14: 0 | CU14: 0 | CV14: 0 | CW14: 0 | CX14: 0 | CY14: 0 | CZ14: 0 | DA14: 0 | DB14: 0 | DC14: 0 | DD14: 0 | DE14: 0 | DF14: 0 | DG14: 0 | DH14: 0 | DI14: 0 | DJ14: 0 | DK14: 0 | DL14: 0 | DM14: 0 | DN14: 0 | DO14: 0 | DP14: 0 | DQ14: 0 | DR14: 0 | DS14: 0 | DT14: 0 | DU14: 0 | DV14: 0 | DW14: 0 | DX14: 0 | DY14: 0 | DZ14: 0 | EA14: 0 | EB14: 0 | EC14: 0 | ED14: 0 | EE14: 0 | EF14: 0 | EG14: 0 | EH14: 0 | EI14: 0 | EJ14: 0 | EK14: 0 | EL14: 0 | EM14: 0 | EN14: 0 | EO14: 0 | EP14: 0 | EQ14: 0 | ER14: 0 | ES14: 0 | ET14: 0 | EU14: 0 | EV14: 0 | EW14: 0 | EX14: 0 | EY14: 0 | EZ14: 0 | FA14: 0 | FB14: 0 | FC14: 0 | FD14: 0 | FE14: 0 | FF14: 0 | FG14: 0 | FH14: 0 | FI14: 0 | FJ14: 0 | FK14: 0 | FL14: 0 | FM14: 0 | FN14: 0 | FO14: 0 | FP14: 0 | FQ14: 0 | FR14: 0 | FS14: 0 | FT14: 0 | FU14: 0 | FV14: 1 | FW14: 0 | FX14: 0 | FY14: 0 | FZ14: 1 | GA14: 0 | GB14: 1 | GC14: 0 | GD14: 0 | GE14: 0 | GF14: 0 | GG14: 0 | GH14: 0 | GI14: 0 | GJ14: 0 | GK14: 0 | GL14: 0 | GM14: 0 | GN14: 0 | GO14: 2 | GP14: 1 | GQ14: 0 | GR14: 0 | GS14: 2 | GT14: 1 | GU14: 3 | GV14: 0 | GW14: 0 | GX14: 0 | GY14: 0 | GZ14: 0 | HA14: 0 | HB14: 0 | HC14: 0 | HD14: 0 | HE14: 0 | HF14: 0 | HG14: 0 | HH14: 0 | HI14: 0 | HJ14: 0 | HK14: 0 | HL14: 0 | HM14: 0 | HN14: 0 | HO14: 0 | HP14: 0 | HQ14: 0 | HR14: 0 | HS14: 0 | HT14: 0 | HU14: 0 | HV14: 0 | HW14: 0 | HX14: 0 | HY14: 0 | HZ14: 0 | IA14: 0 | IB14: 0 | IC14: 0 | ID14: 0 | IE14: 0 | IF14: 0 | IG14: 0 | IH14: 0 | II14: 0 | IJ14: 0 | IK14: 0 | IL14: 0 | IM14: 0 | IN14: 0 | IO14: 0 | IP14: 0 | IQ14: 0 | IR14: 0 | IS14: 0 | IT14: 0 | IU14: 0 | IV14: 0 | IW14: 0 | IX14: 0 | IY14: 0 | IZ14: 0 | JA14: 0 | JB14: 0 | JC14: 0 | JD14: 0 | JE14: 0 | JF14: 0 | JG14: 0 | JH14: 0 | JI14: 0 | JJ14: 0 | JK14: 0 | JL14: 0 | JM14: 0 | JN14: 0 | JO14: 0 | JP14: 0 | JQ14: 0 | JR14: 0 | JS14: 0 | JT14: 0 | JU14: 0 | JV14: 0 | JW14: 2 | JX14: 0 | JY14: 0 | JZ14: 0 | KA14: 0 | KB14: 0 | KC14: 0 | KD14: 0 | KE14: 0 | KF14: 0 | KG14: 0 | KH14: 0 | KI14: 0 | KJ14: 0 | KK14: 2 | KL14: 2 | KM14: 0 | KN14: 0 | KO14: 0 | KP14: 0 | KQ14: 0 | KR14: 0 | KS14: 0 | KT14: 0 | KU14: 0 | KV14: 0 | KW14: 0 | KX14: 0 | KY14: 0 | KZ14: 0 | LA14: 0 | LB14: 0 | LC14: 0 | LD14: 0 | LE14: 0 | LF14: 0 | LG14: 0 | LH14: 0 | LI14: 0 | LJ14: 0 | LK14: 0 | LL14: 0 | LM14: 0 | LN14: 0 | LO14: 0 | LP14: 0 | LQ14: 0 | LR14: 0 | LS14: 0 | LT14: 0 | LU14: 0 | LV14: 0 | LW14: 0 | LX14: 0 | LY14: 0 | LZ14: 0 | MA14: 0 | MB14: 0 | MC14: 0 | MD14: 0 | ME14: 0 | MF14: 0 | MG14: 0 | MH14: 0 | MI14: 2 | MJ14: 0 | MK14: 0 | ML14: 0 | MM14: 0 | MN14: 0 | MO14: 2 | MP14: 0 | MQ14: 2 | MR14: =SUMIF($N$7:$MQ$7,"*"&MR$7&"*",$N14:$MQ14) -> 0 | MS14: =SUMIF($N$7:$MQ$7,"*"&MS$7&"*",$N14:$MQ14) -> 2 | MT14: =SUMIF($N$7:$MQ$7,"*"&MT$7&"*",$N14:$MQ14) -> 1 | MU14: =SUMIF($N$7:$MQ$7,"*"&MU$7&"*",$N14:$MQ14) -> 2 | MV14: =SUMIF($N$7:$MQ$7,"*"&MV$7&"*",$N14:$MQ14) -> 0 | MW14: =SUMIF($N$7:$MQ$7,"*"&MW$7&"*",$N14:$MQ14) -> 0 | MX14: =SUMIF($N$7:$MQ$7,"*"&MX$7&"*",$N14:$MQ14) -> 0 | MY14: =SUMIF($N$7:$MQ$7,"*"&MY$7&"*",$N14:$MQ14) -> 0 | ... NG14: =SUMIF($N$7:$MQ$7,"*"&NG$7&"*",$N14:$MQ14) -> 0 | NH14: =SUMIF($MR$5:$NG$5,NH$7,$MR14:$NG14) -> 7 | NI14: =SUMIF($MR$5:$NG$5,NI$7,$MR14:$NG14) -> 5 | NJ14: =SUM(NH14:NI14) -> 12
A15: Region XI | B15: Mati City | C15: 129380 | D15: Rabat-Rocamora Mati CES I | E15: DAVAO ORIENTAL | F15: CITY OF MATI (Capital) | G15: 2nd District | H15: CENTRAL (POB.) | I15: School with no Annexes | J15: Public | K15: DepED Managed | L15: Kinder & Grade 1-6 | M15: Purely ES | N15: 0 | O15: 0 | P15: 0 | Q15: 0 | R15: 0 | S15: 0 | T15: 0 | U15: 0 | V15: 0 | W15: 0 | X15: 0 | Y15: 0 | Z15: 0 | AA15: 0 | AB15: 0 | AC15: 0 | AD15: 0 | AE15: 0 | AF15: 0 | AG15: 0 | AH15: 0 | AI15: 0 | AJ15: 0 | AK15: 0 | AL15: 0 | AM15: 0 | AN15: 0 | AO15: 0 | AP15: 0 | AQ15: 0 | AR15: 0 | AS15: 0 | AT15: 0 | AU15: 0 | AV15: 0 | AW15: 0 | AX15: 0 | AY15: 0 | AZ15: 0 | BA15: 0 | BB15: 0 | BC15: 0 | BD15: 0 | BE15: 0 | BF15: 1 | BG15: 1 | BH15: 0 | BI15: 0 | BJ15: 0 | BK15: 0 | BL15: 0 | BM15: 0 | BN15: 0 | BO15: 0 | BP15: 1 | BQ15: 1 | BR15: 2 | BS15: 0 | BT15: 1 | BU15: 1 | BV15: 2 | BW15: 0 | BX15: 0 | BY15: 3 | BZ15: 0 | CA15: 1 | CB15: 0 | CC15: 1 | CD15: 0 | CE15: 0 | CF15: 0 | CG15: 0 | CH15: 0 | CI15: 6 | CJ15: 3 | CK15: 9 | CL15: 0 | CM15: 0 | CN15: 0 | CO15: 0 | CP15: 1 | CQ15: 0 | CR15: 1 | CS15: 0 | CT15: 0 | CU15: 0 | CV15: 0 | CW15: 0 | CX15: 1 | CY15: 0 | CZ15: 0 | DA15: 0 | DB15: 3 | DC15: 0 | DD15: 3 | DE15: 0 | DF15: 0 | DG15: 0 | DH15: 0 | DI15: 0 | DJ15: 0 | DK15: 0 | DL15: 0 | DM15: 0 | DN15: 0 | DO15: 0 | DP15: 0 | DQ15: 0 | DR15: 0 | DS15: 0 | DT15: 0 | DU15: 0 | DV15: 0 | DW15: 0 | DX15: 0 | DY15: 0 | DZ15: 0 | EA15: 0 | EB15: 0 | EC15: 0 | ED15: 0 | EE15: 0 | EF15: 0 | EG15: 0 | EH15: 0 | EI15: 0 | EJ15: 0 | EK15: 0 | EL15: 0 | EM15: 0 | EN15: 0 | EO15: 0 | EP15: 0 | EQ15: 0 | ER15: 0 | ES15: 0 | ET15: 0 | EU15: 0 | EV15: 0 | EW15: 0 | EX15: 0 | EY15: 0 | EZ15: 0 | FA15: 0 | FB15: 0 | FC15: 0 | FD15: 0 | FE15: 0 | FF15: 0 | FG15: 0 | FH15: 0 | FI15: 0 | FJ15: 0 | FK15: 2 | FL15: 0 | FM15: 0 | FN15: 0 | FO15: 0 | FP15: 0 | FQ15: 0 | FR15: 0 | FS15: 0 | FT15: 0 | FU15: 0 | FV15: 0 | FW15: 0 | FX15: 0 | FY15: 0 | FZ15: 0 | GA15: 2 | GB15: 2 | GC15: 1 | GD15: 2 | GE15: 3 | GF15: 0 | GG15: 0 | GH15: 1 | GI15: 1 | GJ15: 1 | GK15: 0 | GL15: 0 | GM15: 0 | GN15: 0 | GO15: 2 | GP15: 0 | GQ15: 0 | GR15: 0 | GS15: 7 | GT15: 4 | GU15: 11 | GV15: 0 | GW15: 0 | GX15: 0 | GY15: 0 | GZ15: 0 | HA15: 0 | HB15: 0 | HC15: 0 | HD15: 0 | HE15: 0 | HF15: 0 | HG15: 0 | HH15: 0 | HI15: 0 | HJ15: 0 | HK15: 0 | HL15: 0 | HM15: 0 | HN15: 0 | HO15: 0 | HP15: 0 | HQ15: 0 | HR15: 0 | HS15: 0 | HT15: 0 | HU15: 0 | HV15: 0 | HW15: 0 | HX15: 0 | HY15: 0 | HZ15: 0 | IA15: 0 | IB15: 0 | IC15: 0 | ID15: 0 | IE15: 0 | IF15: 0 | IG15: 0 | IH15: 0 | II15: 0 | IJ15: 0 | IK15: 0 | IL15: 0 | IM15: 0 | IN15: 0 | IO15: 0 | IP15: 0 | IQ15: 0 | IR15: 0 | IS15: 0 | IT15: 0 | IU15: 0 | IV15: 0 | IW15: 0 | IX15: 0 | IY15: 0 | IZ15: 0 | JA15: 0 | JB15: 0 | JC15: 0 | JD15: 0 | JE15: 0 | JF15: 0 | JG15: 0 | JH15: 0 | JI15: 0 | JJ15: 0 | JK15: 0 | JL15: 0 | JM15: 0 | JN15: 0 | JO15: 0 | JP15: 0 | JQ15: 0 | JR15: 0 | JS15: 0 | JT15: 1 | JU15: 0 | JV15: 0 | JW15: 0 | JX15: 0 | JY15: 0 | JZ15: 0 | KA15: 1 | KB15: 0 | KC15: 0 | KD15: 0 | KE15: 0 | KF15: 0 | KG15: 1 | KH15: 0 | KI15: 0 | KJ15: 1 | KK15: 2 | KL15: 3 | KM15: 0 | KN15: 0 | KO15: 0 | KP15: 0 | KQ15: 0 | KR15: 0 | KS15: 0 | KT15: 0 | KU15: 0 | KV15: 0 | KW15: 0 | KX15: 0 | KY15: 0 | KZ15: 0 | LA15: 0 | LB15: 0 | LC15: 0 | LD15: 0 | LE15: 0 | LF15: 0 | LG15: 0 | LH15: 0 | LI15: 0 | LJ15: 0 | LK15: 0 | LL15: 0 | LM15: 0 | LN15: 0 | LO15: 0 | LP15: 0 | LQ15: 0 | LR15: 0 | LS15: 0 | LT15: 0 | LU15: 0 | LV15: 0 | LW15: 0 | LX15: 0 | LY15: 0 | LZ15: 0 | MA15: 0 | MB15: 0 | MC15: 0 | MD15: 0 | ME15: 0 | MF15: 0 | MG15: 0 | MH15: 0 | MI15: 0 | MJ15: 0 | MK15: 0 | ML15: 0 | MM15: 0 | MN15: 0 | MO15: 0 | MP15: 0 | MQ15: 0 | MR15: =SUMIF($N$7:$MQ$7,"*"&MR$7&"*",$N15:$MQ15) -> 2 | MS15: =SUMIF($N$7:$MQ$7,"*"&MS$7&"*",$N15:$MQ15) -> 5 | MT15: =SUMIF($N$7:$MQ$7,"*"&MT$7&"*",$N15:$MQ15) -> 4 | MU15: =SUMIF($N$7:$MQ$7,"*"&MU$7&"*",$N15:$MQ15) -> 2 | MV15: =SUMIF($N$7:$MQ$7,"*"&MV$7&"*",$N15:$MQ15) -> 1 | MW15: =SUMIF($N$7:$MQ$7,"*"&MW$7&"*",$N15:$MQ15) -> 1 | MX15: =SUMIF($N$7:$MQ$7,"*"&MX$7&"*",$N15:$MQ15) -> 6 | MY15: =SUMIF($N$7:$MQ$7,"*"&MY$7&"*",$N15:$MQ15) -> 3 | ... NG15: =SUMIF($N$7:$MQ$7,"*"&NG$7&"*",$N15:$MQ15) -> 0 | NH15: =SUMIF($MR$5:$NG$5,NH$7,$MR15:$NG15) -> 18 | NI15: =SUMIF($MR$5:$NG$5,NI$7,$MR15:$NG15) -> 12 | NJ15: =SUM(NH15:NI15) -> 30
A16: Region XI | B16: Mati City | C16: 129381 | D16: Rabat-Rocamora Mati CES II | E16: DAVAO ORIENTAL | F16: CITY OF MATI (Capital) | G16: 2nd District | H16: CENTRAL (POB.) | I16: School with no Annexes | J16: Public | K16: DepED Managed | L16: Kinder & Grade 1-6 | M16: Purely ES | N16: 0 | O16: 0 | P16: 0 | Q16: 0 | R16: 0 | S16: 0 | T16: 0 | U16: 0 | V16: 0 | W16: 0 | X16: 0 | Y16: 0 | Z16: 0 | AA16: 0 | AB16: 0 | AC16: 0 | AD16: 0 | AE16: 0 | AF16: 0 | AG16: 0 | AH16: 0 | AI16: 0 | AJ16: 0 | AK16: 0 | AL16: 0 | AM16: 0 | AN16: 0 | AO16: 0 | AP16: 0 | AQ16: 0 | AR16: 0 | AS16: 0 | AT16: 0 | AU16: 0 | AV16: 0 | AW16: 0 | AX16: 0 | AY16: 0 | AZ16: 0 | BA16: 0 | BB16: 0 | BC16: 0 | BD16: 0 | BE16: 0 | BF16: 0 | BG16: 0 | BH16: 0 | BI16: 0 | BJ16: 0 | BK16: 0 | BL16: 0 | BM16: 0 | BN16: 0 | BO16: 0 | BP16: 0 | BQ16: 0 | BR16: 0 | BS16: 0 | BT16: 0 | BU16: 0 | BV16: 0 | BW16: 0 | BX16: 0 | BY16: 0 | BZ16: 0 | CA16: 0 | CB16: 0 | CC16: 0 | CD16: 0 | CE16: 0 | CF16: 0 | CG16: 0 | CH16: 0 | CI16: 0 | CJ16: 0 | CK16: 0 | CL16: 0 | CM16: 0 | CN16: 0 | CO16: 0 | CP16: 0 | CQ16: 0 | CR16: 0 | CS16: 0 | CT16: 0 | CU16: 0 | CV16: 0 | CW16: 0 | CX16: 0 | CY16: 0 | CZ16: 0 | DA16: 0 | DB16: 0 | DC16: 0 | DD16: 0 | DE16: 0 | DF16: 0 | DG16: 0 | DH16: 0 | DI16: 0 | DJ16: 0 | DK16: 0 | DL16: 0 | DM16: 0 | DN16: 0 | DO16: 0 | DP16: 0 | DQ16: 0 | DR16: 0 | DS16: 0 | DT16: 0 | DU16: 0 | DV16: 0 | DW16: 0 | DX16: 0 | DY16: 0 | DZ16: 1 | EA16: 0 | EB16: 0 | EC16: 0 | ED16: 0 | EE16: 0 | EF16: 0 | EG16: 0 | EH16: 0 | EI16: 0 | EJ16: 0 | EK16: 0 | EL16: 0 | EM16: 0 | EN16: 1 | EO16: 0 | EP16: 1 | EQ16: 0 | ER16: 0 | ES16: 0 | ET16: 0 | EU16: 0 | EV16: 0 | EW16: 0 | EX16: 0 | EY16: 0 | EZ16: 0 | FA16: 0 | FB16: 0 | FC16: 0 | FD16: 0 | FE16: 0 | FF16: 0 | FG16: 0 | FH16: 0 | FI16: 0 | FJ16: 0 | FK16: 0 | FL16: 0 | FM16: 0 | FN16: 0 | FO16: 0 | FP16: 0 | FQ16: 0 | FR16: 0 | FS16: 0 | FT16: 0 | FU16: 0 | FV16: 0 | FW16: 0 | FX16: 0 | FY16: 0 | FZ16: 0 | GA16: 0 | GB16: 0 | GC16: 0 | GD16: 0 | GE16: 0 | GF16: 0 | GG16: 0 | GH16: 0 | GI16: 0 | GJ16: 0 | GK16: 0 | GL16: 0 | GM16: 0 | GN16: 0 | GO16: 0 | GP16: 0 | GQ16: 0 | GR16: 0 | GS16: 0 | GT16: 0 | GU16: 0 | GV16: 0 | GW16: 0 | GX16: 0 | GY16: 0 | GZ16: 0 | HA16: 0 | HB16: 0 | HC16: 0 | HD16: 0 | HE16: 0 | HF16: 0 | HG16: 0 | HH16: 0 | HI16: 0 | HJ16: 0 | HK16: 0 | HL16: 0 | HM16: 0 | HN16: 0 | HO16: 0 | HP16: 0 | HQ16: 0 | HR16: 0 | HS16: 0 | HT16: 0 | HU16: 0 | HV16: 0 | HW16: 0 | HX16: 0 | HY16: 0 | HZ16: 0 | IA16: 0 | IB16: 0 | IC16: 0 | ID16: 0 | IE16: 0 | IF16: 0 | IG16: 0 | IH16: 0 | II16: 0 | IJ16: 0 | IK16: 0 | IL16: 0 | IM16: 0 | IN16: 0 | IO16: 0 | IP16: 0 | IQ16: 0 | IR16: 0 | IS16: 0 | IT16: 0 | IU16: 0 | IV16: 0 | IW16: 0 | IX16: 0 | IY16: 0 | IZ16: 0 | JA16: 0 | JB16: 0 | JC16: 0 | JD16: 0 | JE16: 0 | JF16: 0 | JG16: 0 | JH16: 0 | JI16: 0 | JJ16: 0 | JK16: 0 | JL16: 0 | JM16: 0 | JN16: 0 | JO16: 0 | JP16: 0 | JQ16: 0 | JR16: 0 | JS16: 0 | JT16: 0 | JU16: 0 | JV16: 0 | JW16: 0 | JX16: 0 | JY16: 0 | JZ16: 0 | KA16: 0 | KB16: 0 | KC16: 0 | KD16: 0 | KE16: 0 | KF16: 0 | KG16: 0 | KH16: 0 | KI16: 0 | KJ16: 0 | KK16: 0 | KL16: 0 | KM16: 0 | KN16: 0 | KO16: 0 | KP16: 0 | KQ16: 0 | KR16: 0 | KS16: 0 | KT16: 0 | KU16: 0 | KV16: 0 | KW16: 0 | KX16: 0 | KY16: 0 | KZ16: 0 | LA16: 0 | LB16: 0 | LC16: 0 | LD16: 0 | LE16: 0 | LF16: 0 | LG16: 0 | LH16: 0 | LI16: 0 | LJ16: 0 | LK16: 0 | LL16: 0 | LM16: 0 | LN16: 0 | LO16: 0 | LP16: 0 | LQ16: 0 | LR16: 0 | LS16: 0 | LT16: 0 | LU16: 0 | LV16: 0 | LW16: 0 | LX16: 0 | LY16: 0 | LZ16: 0 | MA16: 0 | MB16: 0 | MC16: 0 | MD16: 0 | ME16: 0 | MF16: 0 | MG16: 0 | MH16: 0 | MI16: 0 | MJ16: 0 | MK16: 0 | ML16: 0 | MM16: 0 | MN16: 0 | MO16: 0 | MP16: 0 | MQ16: 0 | MR16: =SUMIF($N$7:$MQ$7,"*"&MR$7&"*",$N16:$MQ16) -> 0 | MS16: =SUMIF($N$7:$MQ$7,"*"&MS$7&"*",$N16:$MQ16) -> 0 | MT16: =SUMIF($N$7:$MQ$7,"*"&MT$7&"*",$N16:$MQ16) -> 1 | MU16: =SUMIF($N$7:$MQ$7,"*"&MU$7&"*",$N16:$MQ16) -> 0 | MV16: =SUMIF($N$7:$MQ$7,"*"&MV$7&"*",$N16:$MQ16) -> 0 | MW16: =SUMIF($N$7:$MQ$7,"*"&MW$7&"*",$N16:$MQ16) -> 0 | MX16: =SUMIF($N$7:$MQ$7,"*"&MX$7&"*",$N16:$MQ16) -> 0 | MY16: =SUMIF($N$7:$MQ$7,"*"&MY$7&"*",$N16:$MQ16) -> 0 | ... NG16: =SUMIF($N$7:$MQ$7,"*"&NG$7&"*",$N16:$MQ16) -> 0 | NH16: =SUMIF($MR$5:$NG$5,NH$7,$MR16:$NG16) -> 1 | NI16: =SUMIF($MR$5:$NG$5,NI$7,$MR16:$NG16) -> 0 | NJ16: =SUM(NH16:NI16) -> 1
A17: Region XI | B17: Mati City | C17: 129382 | D17: Mayor Luisito G. Rabat MS | E17: DAVAO ORIENTAL | F17: CITY OF MATI (Capital) | G17: 2nd District | H17: CENTRAL (POB.) | I17: School with no Annexes | J17: Public | K17: DepED Managed | L17: Kinder & Grade 1-6 | M17: Purely ES | N17: 0 | O17: 0 | P17: 0 | Q17: 0 | R17: 0 | S17: 0 | T17: 0 | U17: 0 | V17: 0 | W17: 0 | X17: 0 | Y17: 0 | Z17: 0 | AA17: 0 | AB17: 0 | AC17: 0 | AD17: 0 | AE17: 0 | AF17: 0 | AG17: 0 | AH17: 0 | AI17: 0 | AJ17: 0 | AK17: 0 | AL17: 0 | AM17: 0 | AN17: 0 | AO17: 0 | AP17: 0 | AQ17: 0 | AR17: 0 | AS17: 0 | AT17: 0 | AU17: 0 | AV17: 0 | AW17: 0 | AX17: 0 | AY17: 0 | AZ17: 4 | BA17: 6 | BB17: 0 | BC17: 0 | BD17: 5 | BE17: 2 | BF17: 0 | BG17: 0 | BH17: 0 | BI17: 0 | BJ17: 0 | BK17: 0 | BL17: 0 | BM17: 0 | BN17: 0 | BO17: 0 | BP17: 9 | BQ17: 8 | BR17: 17 | BS17: 2 | BT17: 3 | BU17: 5 | BV17: 2 | BW17: 5 | BX17: 2 | BY17: 1 | BZ17: 0 | CA17: 4 | CB17: 0 | CC17: 3 | CD17: 2 | CE17: 1 | CF17: 0 | CG17: 0 | CH17: 0 | CI17: 21 | CJ17: 9 | CK17: 30 | CL17: 0 | CM17: 1 | CN17: 1 | CO17: 2 | CP17: 0 | CQ17: 1 | CR17: 0 | CS17: 0 | CT17: 0 | CU17: 0 | CV17: 0 | CW17: 0 | CX17: 0 | CY17: 0 | CZ17: 0 | DA17: 0 | DB17: 1 | DC17: 4 | DD17: 5 | DE17: 0 | DF17: 0 | DG17: 0 | DH17: 0 | DI17: 0 | DJ17: 0 | DK17: 0 | DL17: 0 | DM17: 0 | DN17: 0 | DO17: 0 | DP17: 0 | DQ17: 0 | DR17: 0 | DS17: 0 | DT17: 0 | DU17: 0 | DV17: 0 | DW17: 0 | DX17: 0 | DY17: 0 | DZ17: 0 | EA17: 0 | EB17: 0 | EC17: 0 | ED17: 0 | EE17: 0 | EF17: 0 | EG17: 0 | EH17: 0 | EI17: 0 | EJ17: 0 | EK17: 0 | EL17: 0 | EM17: 0 | EN17: 0 | EO17: 0 | EP17: 0 | EQ17: 0 | ER17: 0 | ES17: 0 | ET17: 0 | EU17: 0 | EV17: 0 | EW17: 0 | EX17: 0 | EY17: 0 | EZ17: 0 | FA17: 0 | FB17: 0 | FC17: 0 | FD17: 0 | FE17: 0 | FF17: 0 | FG17: 0 | FH17: 0 | FI17: 0 | FJ17: 0 | FK17: 0 | FL17: 1 | FM17: 0 | FN17: 0 | FO17: 0 | FP17: 0 | FQ17: 0 | FR17: 0 | FS17: 0 | FT17: 0 | FU17: 0 | FV17: 0 | FW17: 0 | FX17: 0 | FY17: 0 | FZ17: 1 | GA17: 0 | GB17: 1 | GC17: 4 | GD17: 2 | GE17: 6 | GF17: 1 | GG17: 4 | GH17: 2 | GI17: 2 | GJ17: 4 | GK17: 6 | GL17: 3 | GM17: 6 | GN17: 1 | GO17: 0 | GP17: 0 | GQ17: 0 | GR17: 0 | GS17: 28 | GT17: 13 | GU17: 41 | GV17: 0 | GW17: 0 | GX17: 0 | GY17: 0 | GZ17: 0 | HA17: 0 | HB17: 0 | HC17: 0 | HD17: 0 | HE17: 0 | HF17: 0 | HG17: 0 | HH17: 0 | HI17: 0 | HJ17: 0 | HK17: 0 | HL17: 0 | HM17: 0 | HN17: 0 | HO17: 0 | HP17: 0 | HQ17: 0 | HR17: 0 | HS17: 0 | HT17: 0 | HU17: 0 | HV17: 0 | HW17: 0 | HX17: 0 | HY17: 0 | HZ17: 0 | IA17: 0 | IB17: 0 | IC17: 0 | ID17: 0 | IE17: 0 | IF17: 0 | IG17: 0 | IH17: 0 | II17: 0 | IJ17: 0 | IK17: 0 | IL17: 0 | IM17: 0 | IN17: 0 | IO17: 0 | IP17: 0 | IQ17: 0 | IR17: 0 | IS17: 0 | IT17: 0 | IU17: 0 | IV17: 0 | IW17: 0 | IX17: 0 | IY17: 0 | IZ17: 0 | JA17: 0 | JB17: 0 | JC17: 0 | JD17: 0 | JE17: 0 | JF17: 0 | JG17: 0 | JH17: 0 | JI17: 0 | JJ17: 0 | JK17: 0 | JL17: 0 | JM17: 0 | JN17: 0 | JO17: 0 | JP17: 0 | JQ17: 0 | JR17: 0 | JS17: 0 | JT17: 1 | JU17: 0 | JV17: 0 | JW17: 0 | JX17: 0 | JY17: 0 | JZ17: 0 | KA17: 0 | KB17: 0 | KC17: 1 | KD17: 0 | KE17: 0 | KF17: 0 | KG17: 0 | KH17: 0 | KI17: 0 | KJ17: 1 | KK17: 1 | KL17: 2 | KM17: 0 | KN17: 0 | KO17: 0 | KP17: 0 | KQ17: 0 | KR17: 0 | KS17: 0 | KT17: 0 | KU17: 0 | KV17: 0 | KW17: 0 | KX17: 0 | KY17: 0 | KZ17: 0 | LA17: 0 | LB17: 0 | LC17: 0 | LD17: 0 | LE17: 0 | LF17: 0 | LG17: 0 | LH17: 0 | LI17: 0 | LJ17: 0 | LK17: 0 | LL17: 0 | LM17: 0 | LN17: 0 | LO17: 0 | LP17: 0 | LQ17: 0 | LR17: 0 | LS17: 0 | LT17: 0 | LU17: 0 | LV17: 0 | LW17: 0 | LX17: 0 | LY17: 0 | LZ17: 0 | MA17: 0 | MB17: 0 | MC17: 0 | MD17: 0 | ME17: 0 | MF17: 0 | MG17: 0 | MH17: 0 | MI17: 0 | MJ17: 1 | MK17: 0 | ML17: 0 | MM17: 0 | MN17: 0 | MO17: 0 | MP17: 1 | MQ17: 1 | MR17: =SUMIF($N$7:$MQ$7,"*"&MR$7&"*",$N17:$MQ17) -> 11 | MS17: =SUMIF($N$7:$MQ$7,"*"&MS$7&"*",$N17:$MQ17) -> 12 | MT17: =SUMIF($N$7:$MQ$7,"*"&MT$7&"*",$N17:$MQ17) -> 13 | MU17: =SUMIF($N$7:$MQ$7,"*"&MU$7&"*",$N17:$MQ17) -> 5 | MV17: =SUMIF($N$7:$MQ$7,"*"&MV$7&"*",$N17:$MQ17) -> 14 | MW17: =SUMIF($N$7:$MQ$7,"*"&MW$7&"*",$N17:$MQ17) -> 7 | MX17: =SUMIF($N$7:$MQ$7,"*"&MX$7&"*",$N17:$MQ17) -> 3 | MY17: =SUMIF($N$7:$MQ$7,"*"&MY$7&"*",$N17:$MQ17) -> 4 | ... NG17: =SUMIF($N$7:$MQ$7,"*"&NG$7&"*",$N17:$MQ17) -> 0 | NH17: =SUMIF($MR$5:$NG$5,NH$7,$MR17:$NG17) -> 61 | NI17: =SUMIF($MR$5:$NG$5,NI$7,$MR17:$NG17) -> 36 | NJ17: =SUM(NH17:NI17) -> 97
A18: Region XI | B18: Mati City | C18: 129383 | D18: Mayor Santiago Garcia MS | E18: DAVAO ORIENTAL | F18: CITY OF MATI (Capital) | G18: 2nd District | H18: CENTRAL (POB.) | I18: School with no Annexes | J18: Public | K18: DepED Managed | L18: Kinder & Grade 1-6 | M18: Purely ES | N18: 0 | O18: 0 | P18: 0 | Q18: 0 | R18: 0 | S18: 0 | T18: 0 | U18: 0 | V18: 0 | W18: 0 | X18: 0 | Y18: 0 | Z18: 0 | AA18: 0 | AB18: 0 | AC18: 0 | AD18: 0 | AE18: 0 | AF18: 0 | AG18: 0 | AH18: 0 | AI18: 0 | AJ18: 0 | AK18: 0 | AL18: 0 | AM18: 0 | AN18: 0 | AO18: 0 | AP18: 0 | AQ18: 0 | AR18: 0 | AS18: 0 | AT18: 0 | AU18: 0 | AV18: 0 | AW18: 0 | AX18: 0 | AY18: 0 | AZ18: 0 | BA18: 0 | BB18: 0 | BC18: 0 | BD18: 0 | BE18: 0 | BF18: 0 | BG18: 0 | BH18: 0 | BI18: 1 | BJ18: 0 | BK18: 0 | BL18: 0 | BM18: 0 | BN18: 0 | BO18: 0 | BP18: 0 | BQ18: 1 | BR18: 1 | BS18: 2 | BT18: 2 | BU18: 0 | BV18: 0 | BW18: 0 | BX18: 0 | BY18: 0 | BZ18: 0 | CA18: 0 | CB18: 0 | CC18: 0 | CD18: 0 | CE18: 2 | CF18: 0 | CG18: 0 | CH18: 0 | CI18: 4 | CJ18: 2 | CK18: 6 | CL18: 0 | CM18: 0 | CN18: 0 | CO18: 0 | CP18: 0 | CQ18: 0 | CR18: 0 | CS18: 0 | CT18: 0 | CU18: 0 | CV18: 0 | CW18: 0 | CX18: 0 | CY18: 0 | CZ18: 0 | DA18: 0 | DB18: 0 | DC18: 0 | DD18: 0 | DE18: 0 | DF18: 0 | DG18: 0 | DH18: 0 | DI18: 0 | DJ18: 0 | DK18: 0 | DL18: 0 | DM18: 0 | DN18: 0 | DO18: 0 | DP18: 1 | DQ18: 0 | DR18: 0 | DS18: 0 | DT18: 0 | DU18: 0 | DV18: 1 | DW18: 1 | DX18: 0 | DY18: 0 | DZ18: 0 | EA18: 0 | EB18: 0 | EC18: 0 | ED18: 0 | EE18: 0 | EF18: 0 | EG18: 0 | EH18: 0 | EI18: 0 | EJ18: 0 | EK18: 0 | EL18: 0 | EM18: 0 | EN18: 0 | EO18: 0 | EP18: 0 | EQ18: 0 | ER18: 0 | ES18: 0 | ET18: 0 | EU18: 0 | EV18: 0 | EW18: 0 | EX18: 0 | EY18: 0 | EZ18: 0 | FA18: 0 | FB18: 0 | FC18: 0 | FD18: 0 | FE18: 0 | FF18: 0 | FG18: 0 | FH18: 0 | FI18: 0 | FJ18: 0 | FK18: 0 | FL18: 0 | FM18: 0 | FN18: 0 | FO18: 0 | FP18: 0 | FQ18: 0 | FR18: 0 | FS18: 1 | FT18: 0 | FU18: 0 | FV18: 0 | FW18: 0 | FX18: 0 | FY18: 0 | FZ18: 0 | GA18: 1 | GB18: 1 | GC18: 0 | GD18: 0 | GE18: 0 | GF18: 0 | GG18: 1 | GH18: 0 | GI18: 2 | GJ18: 1 | GK18: 3 | GL18: 0 | GM18: 2 | GN18: 1 | GO18: 1 | GP18: 2 | GQ18: 0 | GR18: 0 | GS18: 9 | GT18: 4 | GU18: 13 | GV18: 0 | GW18: 0 | GX18: 0 | GY18: 0 | GZ18: 0 | HA18: 0 | HB18: 0 | HC18: 0 | HD18: 0 | HE18: 0 | HF18: 0 | HG18: 0 | HH18: 0 | HI18: 0 | HJ18: 0 | HK18: 0 | HL18: 0 | HM18: 0 | HN18: 0 | HO18: 0 | HP18: 0 | HQ18: 0 | HR18: 0 | HS18: 0 | HT18: 0 | HU18: 0 | HV18: 0 | HW18: 0 | HX18: 0 | HY18: 0 | HZ18: 0 | IA18: 0 | IB18: 0 | IC18: 0 | ID18: 0 | IE18: 0 | IF18: 0 | IG18: 0 | IH18: 0 | II18: 0 | IJ18: 0 | IK18: 0 | IL18: 0 | IM18: 0 | IN18: 0 | IO18: 0 | IP18: 0 | IQ18: 0 | IR18: 0 | IS18: 0 | IT18: 0 | IU18: 0 | IV18: 0 | IW18: 0 | IX18: 0 | IY18: 0 | IZ18: 0 | JA18: 0 | JB18: 0 | JC18: 0 | JD18: 0 | JE18: 0 | JF18: 0 | JG18: 0 | JH18: 0 | JI18: 0 | JJ18: 0 | JK18: 0 | JL18: 0 | JM18: 0 | JN18: 0 | JO18: 0 | JP18: 0 | JQ18: 0 | JR18: 0 | JS18: 0 | JT18: 6 | JU18: 0 | JV18: 1 | JW18: 0 | JX18: 0 | JY18: 0 | JZ18: 0 | KA18: 0 | KB18: 0 | KC18: 0 | KD18: 0 | KE18: 0 | KF18: 1 | KG18: 1 | KH18: 0 | KI18: 0 | KJ18: 8 | KK18: 1 | KL18: 9 | KM18: 0 | KN18: 0 | KO18: 0 | KP18: 0 | KQ18: 0 | KR18: 0 | KS18: 0 | KT18: 0 | KU18: 0 | KV18: 0 | KW18: 0 | KX18: 0 | KY18: 0 | KZ18: 0 | LA18: 0 | LB18: 0 | LC18: 0 | LD18: 0 | LE18: 0 | LF18: 0 | LG18: 0 | LH18: 0 | LI18: 0 | LJ18: 0 | LK18: 0 | LL18: 0 | LM18: 0 | LN18: 0 | LO18: 0 | LP18: 0 | LQ18: 0 | LR18: 0 | LS18: 0 | LT18: 0 | LU18: 0 | LV18: 0 | LW18: 0 | LX18: 0 | LY18: 0 | LZ18: 0 | MA18: 0 | MB18: 0 | MC18: 0 | MD18: 0 | ME18: 0 | MF18: 0 | MG18: 0 | MH18: 0 | MI18: 0 | MJ18: 0 | MK18: 0 | ML18: 0 | MM18: 0 | MN18: 0 | MO18: 0 | MP18: 0 | MQ18: 0 | MR18: =SUMIF($N$7:$MQ$7,"*"&MR$7&"*",$N18:$MQ18) -> 8 | MS18: =SUMIF($N$7:$MQ$7,"*"&MS$7&"*",$N18:$MQ18) -> 2 | MT18: =SUMIF($N$7:$MQ$7,"*"&MT$7&"*",$N18:$MQ18) -> 1 | MU18: =SUMIF($N$7:$MQ$7,"*"&MU$7&"*",$N18:$MQ18) -> 0 | MV18: =SUMIF($N$7:$MQ$7,"*"&MV$7&"*",$N18:$MQ18) -> 1 | MW18: =SUMIF($N$7:$MQ$7,"*"&MW$7&"*",$N18:$MQ18) -> 0 | MX18: =SUMIF($N$7:$MQ$7,"*"&MX$7&"*",$N18:$MQ18) -> 2 | MY18: =SUMIF($N$7:$MQ$7,"*"&MY$7&"*",$N18:$MQ18) -> 1 | ... NG18: =SUMIF($N$7:$MQ$7,"*"&NG$7&"*",$N18:$MQ18) -> 0 | NH18: =SUMIF($MR$5:$NG$5,NH$7,$MR18:$NG18) -> 21 | NI18: =SUMIF($MR$5:$NG$5,NI$7,$MR18:$NG18) -> 10 | NJ18: =SUM(NH18:NI18) -> 31
A19: Region XI | B19: Mati City | C19: 129384 | D19: Sudlon Elementary School | E19: DAVAO ORIENTAL | F19: CITY OF MATI (Capital) | G19: 2nd District | H19: CENTRAL (POB.) | I19: School with no Annexes | J19: Public | K19: DepED Managed | L19: Kinder & Grade 1-6 | M19: Purely ES | N19: 0 | O19: 0 | P19: 0 | Q19: 0 | R19: 0 | S19: 0 | T19: 0 | U19: 0 | V19: 0 | W19: 0 | X19: 0 | Y19: 0 | Z19: 0 | AA19: 0 | AB19: 0 | AC19: 0 | AD19: 0 | AE19: 0 | AF19: 0 | AG19: 0 | AH19: 0 | AI19: 0 | AJ19: 0 | AK19: 0 | AL19: 0 | AM19: 0 | AN19: 0 | AO19: 0 | AP19: 0 | AQ19: 0 | AR19: 0 | AS19: 0 | AT19: 0 | AU19: 0 | AV19: 0 | AW19: 0 | AX19: 0 | AY19: 0 | AZ19: 0 | BA19: 0 | BB19: 0 | BC19: 0 | BD19: 0 | BE19: 0 | BF19: 0 | BG19: 0 | BH19: 0 | BI19: 0 | BJ19: 0 | BK19: 0 | BL19: 0 | BM19: 0 | BN19: 0 | BO19: 0 | BP19: 0 | BQ19: 0 | BR19: 0 | BS19: 0 | BT19: 0 | BU19: 0 | BV19: 0 | BW19: 0 | BX19: 0 | BY19: 0 | BZ19: 0 | CA19: 0 | CB19: 0 | CC19: 0 | CD19: 0 | CE19: 0 | CF19: 0 | CG19: 0 | CH19: 0 | CI19: 0 | CJ19: 0 | CK19: 0 | CL19: 0 | CM19: 0 | CN19: 0 | CO19: 0 | CP19: 0 | CQ19: 0 | CR19: 0 | CS19: 0 | CT19: 0 | CU19: 0 | CV19: 0 | CW19: 0 | CX19: 0 | CY19: 0 | CZ19: 0 | DA19: 0 | DB19: 0 | DC19: 0 | DD19: 0 | DE19: 0 | DF19: 0 | DG19: 0 | DH19: 0 | DI19: 0 | DJ19: 0 | DK19: 0 | DL19: 0 | DM19: 0 | DN19: 0 | DO19: 0 | DP19: 0 | DQ19: 0 | DR19: 0 | DS19: 0 | DT19: 0 | DU19: 0 | DV19: 0 | DW19: 0 | DX19: 0 | DY19: 0 | DZ19: 0 | EA19: 0 | EB19: 0 | EC19: 0 | ED19: 0 | EE19: 0 | EF19: 0 | EG19: 0 | EH19: 0 | EI19: 0 | EJ19: 0 | EK19: 0 | EL19: 0 | EM19: 0 | EN19: 0 | EO19: 0 | EP19: 0 | EQ19: 0 | ER19: 0 | ES19: 0 | ET19: 0 | EU19: 0 | EV19: 0 | EW19: 0 | EX19: 0 | EY19: 0 | EZ19: 0 | FA19: 0 | FB19: 0 | FC19: 0 | FD19: 0 | FE19: 0 | FF19: 0 | FG19: 0 | FH19: 0 | FI19: 0 | FJ19: 0 | FK19: 0 | FL19: 0 | FM19: 0 | FN19: 0 | FO19: 0 | FP19: 0 | FQ19: 0 | FR19: 0 | FS19: 0 | FT19: 0 | FU19: 0 | FV19: 0 | FW19: 0 | FX19: 0 | FY19: 0 | FZ19: 0 | GA19: 0 | GB19: 0 | GC19: 0 | GD19: 0 | GE19: 0 | GF19: 0 | GG19: 0 | GH19: 0 | GI19: 0 | GJ19: 0 | GK19: 0 | GL19: 0 | GM19: 0 | GN19: 0 | GO19: 0 | GP19: 0 | GQ19: 0 | GR19: 0 | GS19: 0 | GT19: 0 | GU19: 0 | GV19: 0 | GW19: 0 | GX19: 0 | GY19: 0 | GZ19: 0 | HA19: 0 | HB19: 0 | HC19: 0 | HD19: 0 | HE19: 0 | HF19: 0 | HG19: 0 | HH19: 0 | HI19: 0 | HJ19: 0 | HK19: 0 | HL19: 0 | HM19: 0 | HN19: 0 | HO19: 0 | HP19: 0 | HQ19: 0 | HR19: 0 | HS19: 0 | HT19: 0 | HU19: 0 | HV19: 0 | HW19: 0 | HX19: 0 | HY19: 0 | HZ19: 0 | IA19: 0 | IB19: 0 | IC19: 0 | ID19: 0 | IE19: 0 | IF19: 0 | IG19: 0 | IH19: 0 | II19: 0 | IJ19: 0 | IK19: 0 | IL19: 0 | IM19: 0 | IN19: 0 | IO19: 0 | IP19: 0 | IQ19: 0 | IR19: 0 | IS19: 0 | IT19: 0 | IU19: 0 | IV19: 0 | IW19: 0 | IX19: 0 | IY19: 0 | IZ19: 0 | JA19: 0 | JB19: 0 | JC19: 0 | JD19: 0 | JE19: 0 | JF19: 0 | JG19: 0 | JH19: 0 | JI19: 0 | JJ19: 0 | JK19: 0 | JL19: 0 | JM19: 0 | JN19: 0 | JO19: 0 | JP19: 0 | JQ19: 0 | JR19: 0 | JS19: 0 | JT19: 0 | JU19: 0 | JV19: 0 | JW19: 0 | JX19: 0 | JY19: 0 | JZ19: 0 | KA19: 0 | KB19: 0 | KC19: 0 | KD19: 0 | KE19: 0 | KF19: 0 | KG19: 0 | KH19: 0 | KI19: 0 | KJ19: 0 | KK19: 0 | KL19: 0 | KM19: 0 | KN19: 0 | KO19: 0 | KP19: 0 | KQ19: 0 | KR19: 0 | KS19: 0 | KT19: 0 | KU19: 0 | KV19: 0 | KW19: 0 | KX19: 0 | KY19: 0 | KZ19: 0 | LA19: 0 | LB19: 0 | LC19: 0 | LD19: 0 | LE19: 0 | LF19: 0 | LG19: 0 | LH19: 0 | LI19: 0 | LJ19: 0 | LK19: 0 | LL19: 0 | LM19: 0 | LN19: 0 | LO19: 0 | LP19: 0 | LQ19: 0 | LR19: 0 | LS19: 0 | LT19: 0 | LU19: 0 | LV19: 0 | LW19: 0 | LX19: 0 | LY19: 0 | LZ19: 0 | MA19: 0 | MB19: 0 | MC19: 0 | MD19: 0 | ME19: 0 | MF19: 0 | MG19: 0 | MH19: 0 | MI19: 0 | MJ19: 0 | MK19: 0 | ML19: 0 | MM19: 0 | MN19: 0 | MO19: 0 | MP19: 0 | MQ19: 0 | MR19: =SUMIF($N$7:$MQ$7,"*"&MR$7&"*",$N19:$MQ19) -> 0 | MS19: =SUMIF($N$7:$MQ$7,"*"&MS$7&"*",$N19:$MQ19) -> 0 | MT19: =SUMIF($N$7:$MQ$7,"*"&MT$7&"*",$N19:$MQ19) -> 0 | MU19: =SUMIF($N$7:$MQ$7,"*"&MU$7&"*",$N19:$MQ19) -> 0 | MV19: =SUMIF($N$7:$MQ$7,"*"&MV$7&"*",$N19:$MQ19) -> 0 | MW19: =SUMIF($N$7:$MQ$7,"*"&MW$7&"*",$N19:$MQ19) -> 0 | MX19: =SUMIF($N$7:$MQ$7,"*"&MX$7&"*",$N19:$MQ19) -> 0 | MY19: =SUMIF($N$7:$MQ$7,"*"&MY$7&"*",$N19:$MQ19) -> 0 | ... NG19: =SUMIF($N$7:$MQ$7,"*"&NG$7&"*",$N19:$MQ19) -> 0 | NH19: =SUMIF($MR$5:$NG$5,NH$7,$MR19:$NG19) -> 0 | NI19: =SUMIF($MR$5:$NG$5,NI$7,$MR19:$NG19) -> 0 | NJ19: =SUM(NH19:NI19) -> 0
... A74: Region XI | B74: Mati City | C74: 501424 | D74: Culian Integrated School | E74: DAVAO ORIENTAL | F74: CITY OF MATI (Capital) | G74: 2nd District | H74: CULIAN | I74: School with no Annexes | J74: Public | K74: DepED Managed | L74: Kinder, Grade 1-6, Grade 7-10 | M74: ES and JHS | N74: 0 | O74: 0 | P74: 0 | Q74: 0 | R74: 0 | S74: 0 | T74: 0 | U74: 0 | V74: 0 | W74: 0 | X74: 0 | Y74: 0 | Z74: 0 | AA74: 0 | AB74: 0 | AC74: 0 | AD74: 0 | AE74: 0 | AF74: 0 | AG74: 0 | AH74: 0 | AI74: 0 | AJ74: 0 | AK74: 0 | AL74: 0 | AM74: 0 | AN74: 0 | AO74: 0 | AP74: 0 | AQ74: 0 | AR74: 0 | AS74: 0 | AT74: 0 | AU74: 0 | AV74: 0 | AW74: 0 | AX74: 0 | AY74: 0 | AZ74: 0 | BA74: 0 | BB74: 0 | BC74: 0 | BD74: 0 | BE74: 0 | BF74: 0 | BG74: 0 | BH74: 0 | BI74: 0 | BJ74: 0 | BK74: 0 | BL74: 0 | BM74: 0 | BN74: 0 | BO74: 0 | BP74: 0 | BQ74: 0 | BR74: 0 | BS74: 0 | BT74: 0 | BU74: 0 | BV74: 0 | BW74: 0 | BX74: 0 | BY74: 0 | BZ74: 0 | CA74: 0 | CB74: 0 | CC74: 0 | CD74: 0 | CE74: 0 | CF74: 0 | CG74: 0 | CH74: 0 | CI74: 0 | CJ74: 0 | CK74: 0 | CL74: 0 | CM74: 0 | CN74: 0 | CO74: 0 | CP74: 0 | CQ74: 0 | CR74: 0 | CS74: 0 | CT74: 0 | CU74: 0 | CV74: 0 | CW74: 0 | CX74: 0 | CY74: 0 | CZ74: 0 | DA74: 0 | DB74: 0 | DC74: 0 | DD74: 0 | DE74: 0 | DF74: 0 | DG74: 0 | DH74: 0 | DI74: 0 | DJ74: 0 | DK74: 0 | DL74: 0 | DM74: 0 | DN74: 0 | DO74: 0 | DP74: 0 | DQ74: 0 | DR74: 0 | DS74: 0 | DT74: 0 | DU74: 0 | DV74: 0 | DW74: 0 | DX74: 0 | DY74: 0 | DZ74: 0 | EA74: 0 | EB74: 0 | EC74: 0 | ED74: 0 | EE74: 0 | EF74: 0 | EG74: 0 | EH74: 0 | EI74: 0 | EJ74: 0 | EK74: 0 | EL74: 0 | EM74: 0 | EN74: 0 | EO74: 0 | EP74: 0 | EQ74: 0 | ER74: 0 | ES74: 0 | ET74: 0 | EU74: 0 | EV74: 0 | EW74: 0 | EX74: 0 | EY74: 0 | EZ74: 0 | FA74: 0 | FB74: 0 | FC74: 0 | FD74: 0 | FE74: 0 | FF74: 0 | FG74: 0 | FH74: 0 | FI74: 0 | FJ74: 0 | FK74: 0 | FL74: 0 | FM74: 0 | FN74: 0 | FO74: 0 | FP74: 0 | FQ74: 0 | FR74: 0 | FS74: 0 | FT74: 0 | FU74: 0 | FV74: 0 | FW74: 0 | FX74: 0 | FY74: 0 | FZ74: 0 | GA74: 0 | GB74: 0 | GC74: 0 | GD74: 0 | GE74: 0 | GF74: 0 | GG74: 0 | GH74: 0 | GI74: 0 | GJ74: 0 | GK74: 0 | GL74: 0 | GM74: 0 | GN74: 0 | GO74: 0 | GP74: 0 | GQ74: 0 | GR74: 0 | GS74: 0 | GT74: 0 | GU74: 0 | GV74: 0 | GW74: 0 | GX74: 0 | GY74: 0 | GZ74: 0 | HA74: 0 | HB74: 0 | HC74: 0 | HD74: 0 | HE74: 0 | HF74: 0 | HG74: 0 | HH74: 0 | HI74: 0 | HJ74: 0 | HK74: 0 | HL74: 0 | HM74: 0 | HN74: 0 | HO74: 0 | HP74: 0 | HQ74: 0 | HR74: 0 | HS74: 0 | HT74: 0 | HU74: 0 | HV74: 0 | HW74: 0 | HX74: 0 | HY74: 0 | HZ74: 0 | IA74: 0 | IB74: 0 | IC74: 0 | ID74: 0 | IE74: 0 | IF74: 0 | IG74: 0 | IH74: 0 | II74: 0 | IJ74: 0 | IK74: 0 | IL74: 0 | IM74: 0 | IN74: 0 | IO74: 0 | IP74: 0 | IQ74: 0 | IR74: 0 | IS74: 0 | IT74: 0 | IU74: 0 | IV74: 0 | IW74: 0 | IX74: 0 | IY74: 0 | IZ74: 0 | JA74: 0 | JB74: 0 | JC74: 0 | JD74: 0 | JE74: 0 | JF74: 0 | JG74: 0 | JH74: 0 | JI74: 0 | JJ74: 0 | JK74: 0 | JL74: 0 | JM74: 0 | JN74: 0 | JO74: 0 | JP74: 0 | JQ74: 0 | JR74: 0 | JS74: 0 | JT74: 0 | JU74: 0 | JV74: 0 | JW74: 0 | JX74: 0 | JY74: 0 | JZ74: 0 | KA74: 0 | KB74: 0 | KC74: 0 | KD74: 0 | KE74: 0 | KF74: 0 | KG74: 0 | KH74: 0 | KI74: 0 | KJ74: 0 | KK74: 0 | KL74: 0 | KM74: 0 | KN74: 0 | KO74: 0 | KP74: 0 | KQ74: 0 | KR74: 0 | KS74: 0 | KT74: 0 | KU74: 0 | KV74: 0 | KW74: 0 | KX74: 0 | KY74: 0 | KZ74: 0 | LA74: 0 | LB74: 0 | LC74: 0 | LD74: 0 | LE74: 0 | LF74: 0 | LG74: 0 | LH74: 0 | LI74: 0 | LJ74: 0 | LK74: 0 | LL74: 0 | LM74: 0 | LN74: 0 | LO74: 0 | LP74: 0 | LQ74: 0 | LR74: 0 | LS74: 0 | LT74: 0 | LU74: 0 | LV74: 0 | LW74: 0 | LX74: 0 | LY74: 0 | LZ74: 0 | MA74: 0 | MB74: 0 | MC74: 0 | MD74: 0 | ME74: 0 | MF74: 0 | MG74: 0 | MH74: 0 | MI74: 0 | MJ74: 0 | MK74: 0 | ML74: 0 | MM74: 0 | MN74: 0 | MO74: 0 | MP74: 0 | MQ74: 0 | MR74: =SUMIF($N$7:$MQ$7,"*"&MR$7&"*",$N74:$MQ74) -> 0 | MS74: =SUMIF($N$7:$MQ$7,"*"&MS$7&"*",$N74:$MQ74) -> 0 | MT74: =SUMIF($N$7:$MQ$7,"*"&MT$7&"*",$N74:$MQ74) -> 0 | MU74: =SUMIF($N$7:$MQ$7,"*"&MU$7&"*",$N74:$MQ74) -> 0 | MV74: =SUMIF($N$7:$MQ$7,"*"&MV$7&"*",$N74:$MQ74) -> 0 | MW74: =SUMIF($N$7:$MQ$7,"*"&MW$7&"*",$N74:$MQ74) -> 0 | MX74: =SUMIF($N$7:$MQ$7,"*"&MX$7&"*",$N74:$MQ74) -> 0 | MY74: =SUMIF($N$7:$MQ$7,"*"&MY$7&"*",$N74:$MQ74) -> 0 | ... NG74: =SUMIF($N$7:$MQ$7,"*"&NG$7&"*",$N74:$MQ74) -> 0 | NH74: =SUMIF($MR$5:$NG$5,NH$7,$MR74:$NG74) -> 0 | NI74: =SUMIF($MR$5:$NG$5,NI$7,$MR74:$NG74) -> 0 | NJ74: =SUM(NH74:NI74) -> 0

Sheet JHS
A1: EOSY Causes of Dropout in JUNIOR HIGH SCHOOL LEVEL
A2: SY 2019-2020 | N2: Had to takecare Siblings | Y2: Early Marriage/Pregnancy | AJ2: Parents Attitude Toward Schooling | AU2: Family problems/Feuds | BF2: Illness | BQ2: Overage | CB2: Death | CM2: Drug Abuse | CX2: Poor Academic Performance | DI2: Lack of interest/Distractions | DT2: Hunger/Malnutrition | EE2: Teacher Factors | EP2: Physical Conditions of Classrooms | FA2: Peer Influences | FL2: Distance between Home and School | FW2: Armed Conflict | GH2: Calamities/Disasters | GS2: Child Labor, Work | HD2: Grand Total (Dropout JHS)
A3: Based on LIS, generated as of November 28, 2020 | N3: Grade 7 | P3: Grade 8 | R3: Grade 9 | T3: Grade 10 | V3: Grand Total | Y3: Grade 7 | AA3: Grade 8 | AC3: Grade 9 | AE3: Grade 10 | AG3: Grand Total | AJ3: Grade 7 | AL3: Grade 8 | AN3: Grade 9 | AP3: Grade 10 | AR3: Grand Total | AU3: Grade 7 | AW3: Grade 8 | AY3: Grade 9 | BA3: Grade 10 | BC3: Grand Total | BF3: Grade 7 | BH3: Grade 8 | BJ3: Grade 9 | BL3: Grade 10 | BN3: Grand Total | BQ3: Grade 7 | BS3: Grade 8 | BU3: Grade 9 | BW3: Grade 10 | BY3: Grand Total | CB3: Grade 7 | CD3: Grade 8 | CF3: Grade 9 | CH3: Grade 10 | CJ3: Grand Total | CM3: Grade 7 | CO3: Grade 8 | CQ3: Grade 9 | CS3: Grade 10 | CU3: Grand Total | CX3: Grade 7 | CZ3: Grade 8 | DB3: Grade 9 | DD3: Grade 10 | DF3: Grand Total | DI3: Grade 7 | DK3: Grade 8 | DM3: Grade 9 | DO3: Grade 10 | DQ3: Grand Total | DT3: Grade 7 | DV3: Grade 8 | DX3: Grade 9 | DZ3: Grade 10 | EB3: Grand Total | EE3: Grade 7 | EG3: Grade 8 | EI3: Grade 9 | EK3: Grade 10 | EM3: Grand Total | EP3: Grade 7 | ER3: Grade 8 | ET3: Grade 9 | EV3: Grade 10 | EX3: Grand Total | FA3: Grade 7 | FC3: Grade 8 | FE3: Grade 9 | FG3: Grade 10 | FI3: Grand Total | FL3: Grade 7 | FN3: Grade 8 | FP3: Grade 9 | FR3: Grade 10 | FT3: Grand Total | FW3: Grade 7 | FY3: Grade 8 | GA3: Grade 9 | GC3: Grade 10 | GE3: Grand Total | GH3: Grade 7 | GJ3: Grade 8 | GL3: Grade 9 | GN3: Grade 10 | GP3: Grand Total | GS3: Grade 7 | GU3: Grade 8 | GW3: Grade 9 | GY3: Grade 10 | HA3: Grand Total | HD3: Grade 7 | HF3: Grade 8 | HH3: Grade 9 | HJ3: Grade 10 | HL3: Grand Total
N4: Male | O4: Female | P4: Male | Q4: Female | R4: Male | S4: Female | T4: Male | U4: Female | V4: Male | W4: Female | X4: Total | Y4: Male | Z4: Female | AA4: Male | AB4: Female | AC4: Male | AD4: Female | AE4: Male | AF4: Female | AG4: Male | AH4: Female | AI4: Total | AJ4: Male | AK4: Female | AL4: Male | AM4: Female | AN4: Male | AO4: Female | AP4: Male | AQ4: Female | AR4: Male | AS4: Female | AT4: Total | AU4: Male | AV4: Female | AW4: Male | AX4: Female | AY4: Male | AZ4: Female | BA4: Male | BB4: Female | BC4: Male | BD4: Female | BE4: Total | BF4: Male | BG4: Female | BH4: Male | BI4: Female | BJ4: Male | BK4: Female | BL4: Male | BM4: Female | BN4: Male | BO4: Female | BP4: Total | BQ4: Male | BR4: Female | BS4: Male | BT4: Female | BU4: Male | BV4: Female | BW4: Male | BX4: Female | BY4: Male | BZ4: Female | CA4: Total | CB4: Male | CC4: Female | CD4: Male | CE4: Female | CF4: Male | CG4: Female | CH4: Male | CI4: Female | CJ4: Male | CK4: Female | CL4: Total | CM4: Male | CN4: Female | CO4: Male | CP4: Female | CQ4: Male | CR4: Female | CS4: Male | CT4: Female | CU4: Male | CV4: Female | CW4: Total | CX4: Male | CY4: Female | CZ4: Male | DA4: Female | DB4: Male | DC4: Female | DD4: Male | DE4: Female | DF4: Male | DG4: Female | DH4: Total | DI4: Male | DJ4: Female | DK4: Male | DL4: Female | DM4: Male | DN4: Female | DO4: Male | DP4: Female | DQ4: Male | DR4: Female | DS4: Total | DT4: Male | DU4: Female | DV4: Male | DW4: Female | DX4: Male | DY4: Female | DZ4: Male | EA4: Female | EB4: Male | EC4: Female | ED4: Total | EE4: Male | EF4: Female | EG4: Male | EH4: Female | EI4: Male | EJ4: Female | EK4: Male | EL4: Female | EM4: Male | EN4: Female | EO4: Total | EP4: Male | EQ4: Female | ER4: Male | ES4: Female | ET4: Male | EU4: Female | EV4: Male | EW4: Female | EX4: Male | EY4: Female | EZ4: Total | FA4: Male | FB4: Female | FC4: Male | FD4: Female | FE4: Male | FF4: Female | FG4: Male | FH4: Female | FI4: Male | FJ4: Female | FK4: Total | FL4: Male | FM4: Female | FN4: Male | FO4: Female | FP4: Male | FQ4: Female | FR4: Male | FS4: Female | FT4: Male | FU4: Female | FV4: Total | FW4: Male | FX4: Female | FY4: Male | FZ4: Female | GA4: Male | GB4: Female | GC4: Male | GD4: Female | GE4: Male | GF4: Female | GG4: Total | GH4: Male | GI4: Female | GJ4: Male | GK4: Female | GL4: Male | GM4: Female | GN4: Male | GO4: Female | GP4: Male | GQ4: Female | GR4: Total | GS4: Male | GT4: Female | GU4: Male | GV4: Female | GW4: Male | GX4: Female | GY4: Male | GZ4: Female | HA4: Male | HB4: Female | HC4: Total | HD4: Male | HE4: Female | HF4: Male | HG4: Female | HH4: Male | HI4: Female | HJ4: Male | HK4: Female | HL4: Male | HM4: Female | HN4: Total
N5: =SUM(N7:N36) -> 3 | O5: =SUM(O7:O36) -> 1 | P5: =SUM(P7:P36) -> 0 | Q5: =SUM(Q7:Q36) -> 0 | R5: =SUM(R7:R36) -> 0 | S5: =SUM(S7:S36) -> 0 | T5: =SUM(T7:T36) -> 1 | U5: =SUM(U7:U36) -> 0 | ... HN5: =SUM(HN7:HN36) -> 416
A6: region | B6: division | C6: beis_school_id | D6: school_name | E6: province | F6: municipality | G6: legislative_district | H6: barangay | I6: school_type | J6: sector | K6: school_subclassification | L6: curricular_offering | M6: Modified Curricular Offering | N6: take_care_siblings_g7_male | O6: take_care_siblings_g7_female | P6: take_care_siblings_g8_male | Q6: take_care_siblings_g8_female | R6: take_care_siblings_g9_male | S6: take_care_siblings_g9_female | T6: take_care_siblings_g10_male | U6: take_care_siblings_g10_female | V6: Male | W6: Female | X6: Total | Y6: marr_preg_g7_male | Z6: marr_preg_g7_female | AA6: marr_preg_g8_male | AB6: marr_preg_g8_female | AC6: marr_preg_g9_male | AD6: marr_preg_g9_female | AE6: marr_preg_g10_male | AF6: marr_preg_g10_female | AG6: Male | AH6: Female | AI6: Total | AJ6: parents_toward_school_g7_male | AK6: parents_toward_school_g7_female | AL6: parents_toward_school_g8_male | AM6: parents_toward_school_g8_female | AN6: parents_toward_school_g9_male | AO6: parents_toward_school_g9_female | AP6: parents_toward_school_g10_male | AQ6: parents_toward_school_g10_female | AR6: Male | AS6: Female | AT6: Total | AU6: fam_prob_feuds_g7_male | AV6: fam_prob_feuds_g7_female | AW6: fam_prob_feuds_g8_male | AX6: fam_prob_feuds_g8_female | AY6: fam_prob_feuds_g9_male | AZ6: fam_prob_feuds_g9_female | BA6: fam_prob_feuds_g10_male | BB6: fam_prob_feuds_g10_female | BC6: Male | BD6: Female | BE6: Total | BF6: illness_g7_male | BG6: illness_g7_female | BH6: illness_g8_male | BI6: illness_g8_female | BJ6: illness_g9_male | BK6: illness_g9_female | BL6: illness_g10_male | BM6: illness_g10_female | BN6: Male | BO6: Female | BP6: Total | BQ6: overage_g7_male | BR6: overage_g7_female | BS6: overage_g8_male | BT6: overage_g8_female | BU6: overage_g9_male | BV6: overage_g9_female | BW6: overage_g10_male | BX6: overage_g10_female | BY6: Male | BZ6: Female | CA6: Total | CB6: death_g7_male | CC6: death_g7_female | CD6: death_g8_male | CE6: death_g8_female | CF6: death_g9_male | CG6: death_g9_female | CH6: death_g10_male | CI6: death_g10_female | CJ6: Male | CK6: Female | CL6: Total | CM6: drug_abuse_g7_male | CN6: drug_abuse_g7_female | CO6: drug_abuse_g8_male | CP6: drug_abuse_g8_female | CQ6: drug_abuse_g9_male | CR6: drug_abuse_g9_female | CS6: drug_abuse_g10_male | CT6: drug_abuse_g10_female | CU6: Male | CV6: Female | CW6: Total | CX6: poor_acad_perf_g7_male | CY6: poor_acad_perf_g7_female | CZ6: poor_acad_perf_g8_male | DA6: poor_acad_perf_g8_female | DB6: poor_acad_perf_g9_male | DC6: poor_acad_perf_g9_female | DD6: poor_acad_perf_g10_male | DE6: poor_acad_perf_g10_female | DF6: Male | DG6: Female | DH6: Total | DI6: lack_of_interest_g7_male | DJ6: lack_of_interest_g7_female | DK6: lack_of_interest_g8_male | DL6: lack_of_interest_g8_female | DM6: lack_of_interest_g9_male | DN6: lack_of_interest_g9_female | DO6: lack_of_interest_g10_male | DP6: lack_of_interest_g10_female | DQ6: Male | DR6: Female | DS6: Total | DT6: hunger_malnu_g7_male | DU6: hunger_malnu_g7_female | DV6: hunger_malnu_g8_male | DW6: hunger_malnu_g8_female | DX6: hunger_malnu_g9_male | DY6: hunger_malnu_g9_female | DZ6: hunger_malnu_g10_male | EA6: hunger_malnu_g10_female | EB6: Male | EC6: Female | ED6: Total | EE6: teacher_factor_g7_male | EF6: teacher_factor_g7_female | EG6: teacher_factor_g8_male | EH6: teacher_factor_g8_female | EI6: teacher_factor_g9_male | EJ6: teacher_factor_g9_female | EK6: teacher_factor_g10_male | EL6: teacher_factor_g10_female | EM6: Male | EN6: Female | EO6: Total | EP6: physical_cond_classroom_g7_male | EQ6: physical_cond_classroom_g7_female | ER6: physical_cond_classroom_g8_male | ES6: physical_cond_classroom_g8_female | ET6: physical_cond_classroom_g9_male | EU6: physical_cond_classroom_g9_female | EV6: physical_cond_classroom_g10_male | EW6: physical_cond_classroom_g10_female | EX6: Male | EY6: Female | EZ6: Total | FA6: peer_influ_g7_male | FB6: peer_influ_g7_female | FC6: peer_influ_g8_male | FD6: peer_influ_g8_female | FE6: peer_influ_g9_male | FF6: peer_influ_g9_female | FG6: peer_influ_g10_male | FH6: peer_influ_g10_female | FI6: Male | FJ6: Female | FK6: Total | FL6: distance_home_school_g7_male | FM6: distance_home_school_g7_female | FN6: distance_home_school_g8_male | FO6: distance_home_school_g8_female | FP6: distance_home_school_g9_male | FQ6: distance_home_school_g9_female | FR6: distance_home_school_g10_male | FS6: distance_home_school_g10_female | FT6: Male | FU6: Female | FV6: Total | FW6: armed_conflict_g7_male | FX6: armed_conflict_g7_female | FY6: armed_conflict_g8_male | FZ6: armed_conflict_g8_female | GA6: armed_conflict_g9_male | GB6: armed_conflict_g9_female | GC6: armed_conflict_g10_male | GD6: armed_conflict_g10_female | GE6: Male | GF6: Female | GG6: Total | GH6: calamities_g7_male | GI6: calamities_g7_female | GJ6: calamities_g8_male | GK6: calamities_g8_female | GL6: calamities_g9_male | GM6: calamities_g9_female | GN6: calamities_g10_male | GO6: calamities_g10_female | GP6: Male | GQ6: Female | GR6: Total | GS6: child_labor_g7_male | GT6: child_labor_g7_female | GU6: child_labor_g8_male | GV6: child_labor_g8_female | GW6: child_labor_g9_male | GX6: child_labor_g9_female | GY6: child_labor_g10_male | GZ6: child_labor_g10_female | HA6: Male | HB6: Female | HC6: Total | HD6: g7_male | HE6: g7_female | HF6: g8_male | HG6: g8_female | HH6: g9_male | HI6: g9_female | HJ6: g10_male | HK6: g10_female | HL6: Male | HM6: Female | HN6: Total
A7: Region XI | B7: Mati City | C7: 304303 | D7: Bobon NHS | E7: DAVAO ORIENTAL | F7: CITY OF MATI (Capital) | G7: 2nd District | H7: BOBON | I7: School with no Annexes | J7: Public | K7: DepED Managed | L7: Grade 7-10 & Grade 11-12 | M7: JHS with SHS | N7: 0 | O7: 0 | P7: 0 | Q7: 0 | R7: 0 | S7: 0 | T7: 0 | U7: 0 | V7: 0 | W7: 0 | X7: 0 | Y7: 0 | Z7: 0 | AA7: 0 | AB7: 0 | AC7: 0 | AD7: 0 | AE7: 0 | AF7: 0 | AG7: 0 | AH7: 0 | AI7: 0 | AJ7: 0 | AK7: 0 | AL7: 0 | AM7: 0 | AN7: 0 | AO7: 0 | AP7: 0 | AQ7: 0 | AR7: 0 | AS7: 0 | AT7: 0 | AU7: 0 | AV7: 0 | AW7: 0 | AX7: 1 | AY7: 0 | AZ7: 0 | BA7: 0 | BB7: 0 | BC7: 0 | BD7: 1 | BE7: 1 | BF7: 0 | BG7: 0 | BH7: 0 | BI7: 0 | BJ7: 0 | BK7: 0 | BL7: 0 | BM7: 0 | BN7: 0 | BO7: 0 | BP7: 0 | BQ7: 0 | BR7: 0 | BS7: 0 | BT7: 0 | BU7: 0 | BV7: 0 | BW7: 0 | BX7: 0 | BY7: 0 | BZ7: 0 | CA7: 0 | CB7: 0 | CC7: 0 | CD7: 0 | CE7: 0 | CF7: 0 | CG7: 0 | CH7: 0 | CI7: 0 | CJ7: 0 | CK7: 0 | CL7: 0 | CM7: 0 | CN7: 0 | CO7: 0 | CP7: 0 | CQ7: 0 | CR7: 0 | CS7: 0 | CT7: 0 | CU7: 0 | CV7: 0 | CW7: 0 | CX7: 0 | CY7: 0 | CZ7: 0 | DA7: 0 | DB7: 0 | DC7: 0 | DD7: 0 | DE7: 0 | DF7: 0 | DG7: 0 | DH7: 0 | DI7: 0 | DJ7: 0 | DK7: 0 | DL7: 0 | DM7: 0 | DN7: 0 | DO7: 0 | DP7: 0 | DQ7: 0 | DR7: 0 | DS7: 0 | DT7: 0 | DU7: 0 | DV7: 0 | DW7: 0 | DX7: 0 | DY7: 0 | DZ7: 0 | EA7: 0 | EB7: 0 | EC7: 0 | ED7: 0 | EE7: 0 | EF7: 0 | EG7: 0 | EH7: 0 | EI7: 0 | EJ7: 0 | EK7: 0 | EL7: 0 | EM7: 0 | EN7: 0 | EO7: 0 | EP7: 0 | EQ7: 0 | ER7: 0 | ES7: 0 | ET7: 0 | EU7: 0 | EV7: 0 | EW7: 0 | EX7: 0 | EY7: 0 | EZ7: 0 | FA7: 0 | FB7: 0 | FC7: 0 | FD7: 0 | FE7: 0 | FF7: 0 | FG7: 0 | FH7: 0 | FI7: 0 | FJ7: 0 | FK7: 0 | FL7: 0 | FM7: 0 | FN7: 0 | FO7: 0 | FP7: 0 | FQ7: 0 | FR7: 0 | FS7: 0 | FT7: 0 | FU7: 0 | FV7: 0 | FW7: 0 | FX7: 0 | FY7: 0 | FZ7: 0 | GA7: 0 | GB7: 0 | GC7: 0 | GD7: 0 | GE7: 0 | GF7: 0 | GG7: 0 | GH7: 0 | GI7: 0 | GJ7: 0 | GK7: 0 | GL7: 0 | GM7: 0 | GN7: 0 | GO7: 0 | GP7: 0 | GQ7: 0 | GR7: 0 | GS7: 0 | GT7: 0 | GU7: 0 | GV7: 0 | GW7: 0 | GX7: 0 | GY7: 0 | GZ7: 0 | HA7: 0 | HB7: 0 | HC7: 0 | HD7: =SUMIF($N$6:$HC$6,"*"&HD$6&"*",$N7:$HC7) -> 0 | HE7: =SUMIF($N$6:$HC$6,"*"&HE$6&"*",$N7:$HC7) -> 0 | HF7: =SUMIF($N$6:$HC$6,"*"&HF$6&"*",$N7:$HC7) -> 0 | HG7: =SUMIF($N$6:$HC$6,"*"&HG$6&"*",$N7:$HC7) -> 1 | HH7: =SUMIF($N$6:$HC$6,"*"&HH$6&"*",$N7:$HC7) -> 0 | HI7: =SUMIF($N$6:$HC$6,"*"&HI$6&"*",$N7:$HC7) -> 0 | HJ7: =SUMIF($N$6:$HC$6,"*"&HJ$6&"*",$N7:$HC7) -> 0 | HK7: =SUMIF($N$6:$HC$6,"*"&HK$6&"*",$N7:$HC7) -> 0 | HL7: =SUMIF($HD$4:$HK$4,HL$6,$HD7:$HK7) -> 0 | HM7: =SUMIF($HD$4:$HK$4,HM$6,$HD7:$HK7) -> 1 | HN7: =SUM(HL7:HM7) -> 1
A8: Region XI | B8: Mati City | C8: 304305 | D8: Buso National High School | E8: DAVAO ORIENTAL | F8: CITY OF MATI (Capital) | G8: 2nd District | H8: BUSO | I8: School with no Annexes | J8: Public | K8: DepED Managed | L8: Grade 7-10 & Grade 11-12 | M8: JHS with SHS | N8: 0 | O8: 0 | P8: 0 | Q8: 0 | R8: 0 | S8: 0 | T8: 0 | U8: 0 | V8: 0 | W8: 0 | X8: 0 | Y8: 0 | Z8: 0 | AA8: 0 | AB8: 0 | AC8: 0 | AD8: 0 | AE8: 0 | AF8: 0 | AG8: 0 | AH8: 0 | AI8: 0 | AJ8: 0 | AK8: 0 | AL8: 0 | AM8: 0 | AN8: 0 | AO8: 0 | AP8: 0 | AQ8: 0 | AR8: 0 | AS8: 0 | AT8: 0 | AU8: 0 | AV8: 0 | AW8: 0 | AX8: 0 | AY8: 0 | AZ8: 0 | BA8: 0 | BB8: 0 | BC8: 0 | BD8: 0 | BE8: 0 | BF8: 0 | BG8: 0 | BH8: 0 | BI8: 0 | BJ8: 0 | BK8: 0 | BL8: 0 | BM8: 0 | BN8: 0 | BO8: 0 | BP8: 0 | BQ8: 0 | BR8: 0 | BS8: 0 | BT8: 0 | BU8: 0 | BV8: 0 | BW8: 0 | BX8: 0 | BY8: 0 | BZ8: 0 | CA8: 0 | CB8: 0 | CC8: 0 | CD8: 0 | CE8: 0 | CF8: 0 | CG8: 0 | CH8: 0 | CI8: 0 | CJ8: 0 | CK8: 0 | CL8: 0 | CM8: 0 | CN8: 0 | CO8: 0 | CP8: 0 | CQ8: 0 | CR8: 0 | CS8: 0 | CT8: 0 | CU8: 0 | CV8: 0 | CW8: 0 | CX8: 0 | CY8: 0 | CZ8: 0 | DA8: 0 | DB8: 0 | DC8: 0 | DD8: 0 | DE8: 0 | DF8: 0 | DG8: 0 | DH8: 0 | DI8: 0 | DJ8: 0 | DK8: 1 | DL8: 1 | DM8: 1 | DN8: 1 | DO8: 3 | DP8: 0 | DQ8: 5 | DR8: 2 | DS8: 7 | DT8: 0 | DU8: 0 | DV8: 0 | DW8: 0 | DX8: 0 | DY8: 0 | DZ8: 0 | EA8: 0 | EB8: 0 | EC8: 0 | ED8: 0 | EE8: 0 | EF8: 0 | EG8: 0 | EH8: 0 | EI8: 0 | EJ8: 0 | EK8: 0 | EL8: 0 | EM8: 0 | EN8: 0 | EO8: 0 | EP8: 0 | EQ8: 0 | ER8: 0 | ES8: 0 | ET8: 0 | EU8: 0 | EV8: 0 | EW8: 0 | EX8: 0 | EY8: 0 | EZ8: 0 | FA8: 0 | FB8: 0 | FC8: 0 | FD8: 0 | FE8: 0 | FF8: 0 | FG8: 0 | FH8: 0 | FI8: 0 | FJ8: 0 | FK8: 0 | FL8: 0 | FM8: 0 | FN8: 0 | FO8: 0 | FP8: 0 | FQ8: 0 | FR8: 0 | FS8: 0 | FT8: 0 | FU8: 0 | FV8: 0 | FW8: 0 | FX8: 0 | FY8: 0 | FZ8: 0 | GA8: 0 | GB8: 0 | GC8: 0 | GD8: 0 | GE8: 0 | GF8: 0 | GG8: 0 | GH8: 0 | GI8: 0 | GJ8: 0 | GK8: 0 | GL8: 0 | GM8: 0 | GN8: 0 | GO8: 0 | GP8: 0 | GQ8: 0 | GR8: 0 | GS8: 0 | GT8: 0 | GU8: 0 | GV8: 0 | GW8: 0 | GX8: 0 | GY8: 0 | GZ8: 0 | HA8: 0 | HB8: 0 | HC8: 0 | HD8: =SUMIF($N$6:$HC$6,"*"&HD$6&"*",$N8:$HC8) -> 0 | HE8: =SUMIF($N$6:$HC$6,"*"&HE$6&"*",$N8:$HC8) -> 0 | HF8: =SUMIF($N$6:$HC$6,"*"&HF$6&"*",$N8:$HC8) -> 1 | HG8: =SUMIF($N$6:$HC$6,"*"&HG$6&"*",$N8:$HC8) -> 1 | HH8: =SUMIF($N$6:$HC$6,"*"&HH$6&"*",$N8:$HC8) -> 1 | HI8: =SUMIF($N$6:$HC$6,"*"&HI$6&"*",$N8:$HC8) -> 1 | HJ8: =SUMIF($N$6:$HC$6,"*"&HJ$6&"*",$N8:$HC8) -> 3 | HK8: =SUMIF($N$6:$HC$6,"*"&HK$6&"*",$N8:$HC8) -> 0 | HL8: =SUMIF($HD$4:$HK$4,HL$6,$HD8:$HK8) -> 5 | HM8: =SUMIF($HD$4:$HK$4,HM$6,$HD8:$HK8) -> 2 | HN8: =SUM(HL8:HM8) -> 7
A9: Region XI | B9: Mati City | C9: 304313 | D9: Dawan NHS | E9: DAVAO ORIENTAL | F9: CITY OF MATI (Capital) | G9: 2nd District | H9: DAWAN | I9: Mother school | J9: Public | K9: DepED Managed | L9: Grade 7-10 & Grade 11-12 | M9: JHS with SHS | N9: 0 | O9: 0 | P9: 0 | Q9: 0 | R9: 0 | S9: 0 | T9: 0 | U9: 0 | V9: 0 | W9: 0 | X9: 0 | Y9: 0 | Z9: 0 | AA9: 1 | AB9: 0 | AC9: 0 | AD9: 0 | AE9: 0 | AF9: 0 | AG9: 1 | AH9: 0 | AI9: 1 | AJ9: 0 | AK9: 0 | AL9: 0 | AM9: 0 | AN9: 0 | AO9: 0 | AP9: 0 | AQ9: 0 | AR9: 0 | AS9: 0 | AT9: 0 | AU9: 0 | AV9: 1 | AW9: 1 | AX9: 0 | AY9: 0 | AZ9: 0 | BA9: 0 | BB9: 1 | BC9: 1 | BD9: 2 | BE9: 3 | BF9: 0 | BG9: 0 | BH9: 0 | BI9: 0 | BJ9: 0 | BK9: 0 | BL9: 0 | BM9: 0 | BN9: 0 | BO9: 0 | BP9: 0 | BQ9: 0 | BR9: 0 | BS9: 0 | BT9: 0 | BU9: 0 | BV9: 0 | BW9: 0 | BX9: 0 | BY9: 0 | BZ9: 0 | CA9: 0 | CB9: 0 | CC9: 0 | CD9: 0 | CE9: 0 | CF9: 0 | CG9: 0 | CH9: 0 | CI9: 0 | CJ9: 0 | CK9: 0 | CL9: 0 | CM9: 0 | CN9: 0 | CO9: 0 | CP9: 0 | CQ9: 0 | CR9: 0 | CS9: 0 | CT9: 0 | CU9: 0 | CV9: 0 | CW9: 0 | CX9: 0 | CY9: 0 | CZ9: 0 | DA9: 0 | DB9: 0 | DC9: 0 | DD9: 0 | DE9: 0 | DF9: 0 | DG9: 0 | DH9: 0 | DI9: 5 | DJ9: 0 | DK9: 0 | DL9: 0 | DM9: 1 | DN9: 0 | DO9: 0 | DP9: 0 | DQ9: 6 | DR9: 0 | DS9: 6 | DT9: 0 | DU9: 0 | DV9: 0 | DW9: 0 | DX9: 0 | DY9: 0 | DZ9: 0 | EA9: 0 | EB9: 0 | EC9: 0 | ED9: 0 | EE9: 0 | EF9: 0 | EG9: 0 | EH9: 0 | EI9: 0 | EJ9: 0 | EK9: 0 | EL9: 0 | EM9: 0 | EN9: 0 | EO9: 0 | EP9: 0 | EQ9: 0 | ER9: 0 | ES9: 0 | ET9: 0 | EU9: 0 | EV9: 0 | EW9: 0 | EX9: 0 | EY9: 0 | EZ9: 0 | FA9: 0 | FB9: 0 | FC9: 1 | FD9: 0 | FE9: 0 | FF9: 0 | FG9: 0 | FH9: 0 | FI9: 1 | FJ9: 0 | FK9: 1 | FL9: 0 | FM9: 0 | FN9: 0 | FO9: 0 | FP9: 0 | FQ9: 0 | FR9: 0 | FS9: 0 | FT9: 0 | FU9: 0 | FV9: 0 | FW9: 0 | FX9: 0 | FY9: 0 | FZ9: 0 | GA9: 0 | GB9: 0 | GC9: 0 | GD9: 0 | GE9: 0 | GF9: 0 | GG9: 0 | GH9: 0 | GI9: 0 | GJ9: 0 | GK9: 0 | GL9: 0 | GM9: 0 | GN9: 0 | GO9: 0 | GP9: 0 | GQ9: 0 | GR9: 0 | GS9: 0 | GT9: 0 | GU9: 0 | GV9: 0 | GW9: 0 | GX9: 0 | GY9: 0 | GZ9: 0 | HA9: 0 | HB9: 0 | HC9: 0 | HD9: =SUMIF($N$6:$HC$6,"*"&HD$6&"*",$N9:$HC9) -> 5 | HE9: =SUMIF($N$6:$HC$6,"*"&HE$6&"*",$N9:$HC9) -> 1 | HF9: =SUMIF($N$6:$HC$6,"*"&HF$6&"*",$N9:$HC9) -> 3 | HG9: =SUMIF($N$6:$HC$6,"*"&HG$6&"*",$N9:$HC9) -> 0 | HH9: =SUMIF($N$6:$HC$6,"*"&HH$6&"*",$N9:$HC9) -> 1 | HI9: =SUMIF($N$6:$HC$6,"*"&HI$6&"*",$N9:$HC9) -> 0 | HJ9: =SUMIF($N$6:$HC$6,"*"&HJ$6&"*",$N9:$HC9) -> 0 | HK9: =SUMIF($N$6:$HC$6,"*"&HK$6&"*",$N9:$HC9) -> 1 | HL9: =SUMIF($HD$4:$HK$4,HL$6,$HD9:$HK9) -> 9 | HM9: =SUMIF($HD$4:$HK$4,HM$6,$HD9:$HK9) -> 2 | HN9: =SUM(HL9:HM9) -> 11
A10: Region XI | B10: Mati City | C10: 304314 | D10: Don Enrique Lopez NHS | E10: DAVAO ORIENTAL | F10: CITY OF MATI (Capital) | G10: 2nd District | H10: DON ENRIQUE LOPEZ | I10: School with no Annexes | J10: Public | K10: DepED Managed | L10: Grade 7-10 & Grade 11-12 | M10: JHS with SHS | N10: 0 | O10: 0 | P10: 0 | Q10: 0 | R10: 0 | S10: 0 | T10: 0 | U10: 0 | V10: 0 | W10: 0 | X10: 0 | Y10: 0 | Z10: 0 | AA10: 0 | AB10: 0 | AC10: 0 | AD10: 0 | AE10: 0 | AF10: 1 | AG10: 0 | AH10: 1 | AI10: 1 | AJ10: 0 | AK10: 0 | AL10: 0 | AM10: 0 | AN10: 0 | AO10: 0 | AP10: 0 | AQ10: 0 | AR10: 0 | AS10: 0 | AT10: 0 | AU10: 0 | AV10: 0 | AW10: 0 | AX10: 1 | AY10: 0 | AZ10: 0 | BA10: 0 | BB10: 0 | BC10: 0 | BD10: 1 | BE10: 1 | BF10: 0 | BG10: 0 | BH10: 0 | BI10: 0 | BJ10: 0 | BK10: 0 | BL10: 0 | BM10: 0 | BN10: 0 | BO10: 0 | BP10: 0 | BQ10: 0 | BR10: 0 | BS10: 0 | BT10: 0 | BU10: 0 | BV10: 0 | BW10: 0 | BX10: 0 | BY10: 0 | BZ10: 0 | CA10: 0 | CB10: 0 | CC10: 0 | CD10: 0 | CE10: 0 | CF10: 0 | CG10: 0 | CH10: 0 | CI10: 0 | CJ10: 0 | CK10: 0 | CL10: 0 | CM10: 0 | CN10: 0 | CO10: 0 | CP10: 0 | CQ10: 0 | CR10: 0 | CS10: 0 | CT10: 0 | CU10: 0 | CV10: 0 | CW10: 0 | CX10: 0 | CY10: 0 | CZ10: 0 | DA10: 0 | DB10: 0 | DC10: 0 | DD10: 0 | DE10: 0 | DF10: 0 | DG10: 0 | DH10: 0 | DI10: 9 | DJ10: 2 | DK10: 3 | DL10: 1 | DM10: 0 | DN10: 0 | DO10: 0 | DP10: 0 | DQ10: 12 | DR10: 3 | DS10: 15 | DT10: 0 | DU10: 0 | DV10: 0 | DW10: 0 | DX10: 0 | DY10: 0 | DZ10: 0 | EA10: 0 | EB10: 0 | EC10: 0 | ED10: 0 | EE10: 0 | EF10: 0 | EG10: 0 | EH10: 0 | EI10: 0 | EJ10: 0 | EK10: 0 | EL10: 0 | EM10: 0 | EN10: 0 | EO10: 0 | EP10: 0 | EQ10: 0 | ER10: 0 | ES10: 0 | ET10: 0 | EU10: 0 | EV10: 0 | EW10: 0 | EX10: 0 | EY10: 0 | EZ10: 0 | FA10: 0 | FB10: 0 | FC10: 0 | FD10: 0 | FE10: 0 | FF10: 0 | FG10: 0 | FH10: 0 | FI10: 0 | FJ10: 0 | FK10: 0 | FL10: 0 | FM10: 0 | FN10: 0 | FO10: 0 | FP10: 0 | FQ10: 0 | FR10: 0 | FS10: 0 | FT10: 0 | FU10: 0 | FV10: 0 | FW10: 0 | FX10: 0 | FY10: 0 | FZ10: 0 | GA10: 0 | GB10: 0 | GC10: 0 | GD10: 0 | GE10: 0 | GF10: 0 | GG10: 0 | GH10: 0 | GI10: 0 | GJ10: 0 | GK10: 0 | GL10: 0 | GM10: 0 | GN10: 0 | GO10: 0 | GP10: 0 | GQ10: 0 | GR10: 0 | GS10: 0 | GT10: 0 | GU10: 0 | GV10: 0 | GW10: 0 | GX10: 0 | GY10: 1 | GZ10: 1 | HA10: 1 | HB10: 1 | HC10: 2 | HD10: =SUMIF($N$6:$HC$6,"*"&HD$6&"*",$N10:$HC10) -> 9 | HE10: =SUMIF($N$6:$HC$6,"*"&HE$6&"*",$N10:$HC10) -> 2 | HF10: =SUMIF($N$6:$HC$6,"*"&HF$6&"*",$N10:$HC10) -> 3 | HG10: =SUMIF($N$6:$HC$6,"*"&HG$6&"*",$N10:$HC10) -> 2 | HH10: =SUMIF($N$6:$HC$6,"*"&HH$6&"*",$N10:$HC10) -> 0 | HI10: =SUMIF($N$6:$HC$6,"*"&HI$6&"*",$N10:$HC10) -> 0 | HJ10: =SUMIF($N$6:$HC$6,"*"&HJ$6&"*",$N10:$HC10) -> 1 | HK10: =SUMIF($N$6:$HC$6,"*"&HK$6&"*",$N10:$HC10) -> 2 | HL10: =SUMIF($HD$4:$HK$4,HL$6,$HD10:$HK10) -> 13 | HM10: =SUMIF($HD$4:$HK$4,HM$6,$HD10:$HK10) -> 6 | HN10: =SUM(HL10:HM10) -> 19
A11: Region XI | B11: Mati City | C11: 304318 | D11: Libudon NHS | E11: DAVAO ORIENTAL | F11: CITY OF MATI (Capital) | G11: 2nd District | H11: LIBUDON | I11: School with no Annexes | J11: Public | K11: DepED Managed | L11: Grade 7-10 & Grade 11-12 | M11: JHS with SHS | N11: 1 | O11: 1 | P11: 0 | Q11: 0 | R11: 0 | S11: 0 | T11: 0 | U11: 0 | V11: 1 | W11: 1 | X11: 2 | Y11: 0 | Z11: 0 | AA11: 0 | AB11: 0 | AC11: 0 | AD11: 1 | AE11: 0 | AF11: 0 | AG11: 0 | AH11: 1 | AI11: 1 | AJ11: 0 | AK11: 0 | AL11: 0 | AM11: 0 | AN11: 0 | AO11: 0 | AP11: 0 | AQ11: 0 | AR11: 0 | AS11: 0 | AT11: 0 | AU11: 6 | AV11: 0 | AW11: 2 | AX11: 1 | AY11: 2 | AZ11: 0 | BA11: 1 | BB11: 0 | BC11: 11 | BD11: 1 | BE11: 12 | BF11: 0 | BG11: 0 | BH11: 1 | BI11: 1 | BJ11: 0 | BK11: 0 | BL11: 0 | BM11: 0 | BN11: 1 | BO11: 1 | BP11: 2 | BQ11: 0 | BR11: 0 | BS11: 0 | BT11: 0 | BU11: 0 | BV11: 0 | BW11: 0 | BX11: 0 | BY11: 0 | BZ11: 0 | CA11: 0 | CB11: 0 | CC11: 0 | CD11: 0 | CE11: 0 | CF11: 0 | CG11: 0 | CH11: 0 | CI11: 0 | CJ11: 0 | CK11: 0 | CL11: 0 | CM11: 0 | CN11: 0 | CO11: 0 | CP11: 0 | CQ11: 0 | CR11: 0 | CS11: 0 | CT11: 0 | CU11: 0 | CV11: 0 | CW11: 0 | CX11: 0 | CY11: 0 | CZ11: 0 | DA11: 0 | DB11: 0 | DC11: 0 | DD11: 0 | DE11: 0 | DF11: 0 | DG11: 0 | DH11: 0 | DI11: 8 | DJ11: 0 | DK11: 4 | DL11: 2 | DM11: 1 | DN11: 2 | DO11: 0 | DP11: 0 | DQ11: 13 | DR11: 4 | DS11: 17 | DT11: 0 | DU11: 0 | DV11: 0 | DW11: 0 | DX11: 0 | DY11: 0 | DZ11: 0 | EA11: 0 | EB11: 0 | EC11: 0 | ED11: 0 | EE11: 0 | EF11: 0 | EG11: 0 | EH11: 0 | EI11: 0 | EJ11: 0 | EK11: 0 | EL11: 0 | EM11: 0 | EN11: 0 | EO11: 0 | EP11: 0 | EQ11: 0 | ER11: 0 | ES11: 0 | ET11: 0 | EU11: 0 | EV11: 0 | EW11: 0 | EX11: 0 | EY11: 0 | EZ11: 0 | FA11: 0 | FB11: 0 | FC11: 2 | FD11: 0 | FE11: 0 | FF11: 0 | FG11: 2 | FH11: 1 | FI11: 4 | FJ11: 1 | FK11: 5 | FL11: 0 | FM11: 0 | FN11: 0 | FO11: 0 | FP11: 0 | FQ11: 0 | FR11: 0 | FS11: 0 | FT11: 0 | FU11: 0 | FV11: 0 | FW11: 0 | FX11: 0 | FY11: 0 | FZ11: 0 | GA11: 0 | GB11: 0 | GC11: 0 | GD11: 0 | GE11: 0 | GF11: 0 | GG11: 0 | GH11: 0 | GI11: 0 | GJ11: 0 | GK11: 0 | GL11: 0 | GM11: 0 | GN11: 0 | GO11: 0 | GP11: 0 | GQ11: 0 | GR11: 0 | GS11: 1 | GT11: 1 | GU11: 1 | GV11: 0 | GW11: 0 | GX11: 0 | GY11: 0 | GZ11: 0 | HA11: 2 | HB11: 1 | HC11: 3 | HD11: =SUMIF($N$6:$HC$6,"*"&HD$6&"*",$N11:$HC11) -> 16 | HE11: =SUMIF($N$6:$HC$6,"*"&HE$6&"*",$N11:$HC11) -> 2 | HF11: =SUMIF($N$6:$HC$6,"*"&HF$6&"*",$N11:$HC11) -> 10 | HG11: =SUMIF($N$6:$HC$6,"*"&HG$6&"*",$N11:$HC11) -> 4 | HH11: =SUMIF($N$6:$HC$6,"*"&HH$6&"*",$N11:$HC11) -> 3 | HI11: =SUMIF($N$6:$HC$6,"*"&HI$6&"*",$N11:$HC11) -> 3 | HJ11: =SUMIF($N$6:$HC$6,"*"&HJ$6&"*",$N11:$HC11) -> 3 | HK11: =SUMIF($N$6:$HC$6,"*"&HK$6&"*",$N11:$HC11) -> 1 | HL11: =SUMIF($HD$4:$HK$4,HL$6,$HD11:$HK11) -> 32 | HM11: =SUMIF($HD$4:$HK$4,HM$6,$HD11:$HK11) -> 10 | HN11: =SUM(HL11:HM11) -> 42
A12: Region XI | B12: Mati City | C12: 304325 | D12: Mati National Comprehensive High School | E12: DAVAO ORIENTAL | F12: CITY OF MATI (Capital) | G12: 2nd District | H12: SAINZ | I12: School with no Annexes | J12: Public | K12: DepED Managed | L12: Grade 7-10 & Grade 11-12 | M12: JHS with SHS | N12: 0 | O12: 0 | P12: 0 | Q12: 0 | R12: 0 | S12: 0 | T12: 0 | U12: 0 | V12: 0 | W12: 0 | X12: 0 | Y12: 0 | Z12: 1 | AA12: 0 | AB12: 0 | AC12: 0 | AD12: 1 | AE12: 1 | AF12: 5 | AG12: 1 | AH12: 7 | AI12: 8 | AJ12: 0 | AK12: 0 | AL12: 0 | AM12: 0 | AN12: 0 | AO12: 0 | AP12: 0 | AQ12: 0 | AR12: 0 | AS12: 0 | AT12: 0 | AU12: 2 | AV12: 2 | AW12: 2 | AX12: 7 | AY12: 4 | AZ12: 6 | BA12: 3 | BB12: 10 | BC12: 11 | BD12: 25 | BE12: 36 | BF12: 0 | BG12: 0 | BH12: 0 | BI12: 0 | BJ12: 2 | BK12: 0 | BL12: 0 | BM12: 2 | BN12: 2 | BO12: 2 | BP12: 4 | BQ12: 1 | BR12: 0 | BS12: 0 | BT12: 0 | BU12: 1 | BV12: 0 | BW12: 0 | BX12: 0 | BY12: 2 | BZ12: 0 | CA12: 2 | CB12: 0 | CC12: 0 | CD12: 1 | CE12: 0 | CF12: 0 | CG12: 0 | CH12: 0 | CI12: 0 | CJ12: 1 | CK12: 0 | CL12: 1 | CM12: 0 | CN12: 0 | CO12: 0 | CP12: 0 | CQ12: 0 | CR12: 0 | CS12: 0 | CT12: 0 | CU12: 0 | CV12: 0 | CW12: 0 | CX12: 1 | CY12: 0 | CZ12: 2 | DA12: 0 | DB12: 0 | DC12: 0 | DD12: 0 | DE12: 0 | DF12: 3 | DG12: 0 | DH12: 3 | DI12: 17 | DJ12: 5 | DK12: 20 | DL12: 4 | DM12: 12 | DN12: 13 | DO12: 5 | DP12: 2 | DQ12: 54 | DR12: 24 | DS12: 78 | DT12: 0 | DU12: 0 | DV12: 0 | DW12: 0 | DX12: 0 | DY12: 0 | DZ12: 0 | EA12: 0 | EB12: 0 | EC12: 0 | ED12: 0 | EE12: 0 | EF12: 0 | EG12: 0 | EH12: 0 | EI12: 0 | EJ12: 0 | EK12: 0 | EL12: 0 | EM12: 0 | EN12: 0 | EO12: 0 | EP12: 0 | EQ12: 0 | ER12: 0 | ES12: 0 | ET12: 0 | EU12: 0 | EV12: 0 | EW12: 0 | EX12: 0 | EY12: 0 | EZ12: 0 | FA12: 3 | FB12: 1 | FC12: 3 | FD12: 0 | FE12: 1 | FF12: 0 | FG12: 1 | FH12: 0 | FI12: 8 | FJ12: 1 | FK12: 9 | FL12: 5 | FM12: 1 | FN12: 0 | FO12: 1 | FP12: 0 | FQ12: 1 | FR12: 1 | FS12: 1 | FT12: 6 | FU12: 4 | FV12: 10 | FW12: 0 | FX12: 0 | FY12: 0 | FZ12: 0 | GA12: 0 | GB12: 0 | GC12: 0 | GD12: 0 | GE12: 0 | GF12: 0 | GG12: 0 | GH12: 0 | GI12: 0 | GJ12: 0 | GK12: 0 | GL12: 0 | GM12: 0 | GN12: 0 | GO12: 0 | GP12: 0 | GQ12: 0 | GR12: 0 | GS12: 0 | GT12: 0 | GU12: 0 | GV12: 0 | GW12: 1 | GX12: 0 | GY12: 0 | GZ12: 0 | HA12: 1 | HB12: 0 | HC12: 1 | HD12: =SUMIF($N$6:$HC$6,"*"&HD$6&"*",$N12:$HC12) -> 29 | HE12: =SUMIF($N$6:$HC$6,"*"&HE$6&"*",$N12:$HC12) -> 10 | HF12: =SUMIF($N$6:$HC$6,"*"&HF$6&"*",$N12:$HC12) -> 28 | HG12: =SUMIF($N$6:$HC$6,"*"&HG$6&"*",$N12:$HC12) -> 12 | HH12: =SUMIF($N$6:$HC$6,"*"&HH$6&"*",$N12:$HC12) -> 21 | HI12: =SUMIF($N$6:$HC$6,"*"&HI$6&"*",$N12:$HC12) -> 21 | HJ12: =SUMIF($N$6:$HC$6,"*"&HJ$6&"*",$N12:$HC12) -> 11 | HK12: =SUMIF($N$6:$HC$6,"*"&HK$6&"*",$N12:$HC12) -> 20 | HL12: =SUMIF($HD$4:$HK$4,HL$6,$HD12:$HK12) -> 89 | HM12: =SUMIF($HD$4:$HK$4,HM$6,$HD12:$HK12) -> 63 | HN12: =SUM(HL12:HM12) -> 152
A13: Region XI | B13: Mati City | C13: 304326 | D13: Mati SAT | E13: DAVAO ORIENTAL | F13: CITY OF MATI (Capital) | G13: 2nd District | H13: SAINZ | I13: School with no Annexes | J13: Public | K13: DepED Managed | L13: Grade 7-10 & Grade 11-12 | M13: JHS with SHS | N13: 0 | O13: 0 | P13: 0 | Q13: 0 | R13: 0 | S13: 0 | T13: 1 | U13: 0 | V13: 1 | W13: 0 | X13: 1 | Y13: 0 | Z13: 0 | AA13: 0 | AB13: 1 | AC13: 0 | AD13: 0 | AE13: 0 | AF13: 0 | AG13: 0 | AH13: 1 | AI13: 1 | AJ13: 0 | AK13: 0 | AL13: 0 | AM13: 0 | AN13: 0 | AO13: 0 | AP13: 0 | AQ13: 0 | AR13: 0 | AS13: 0 | AT13: 0 | AU13: 1 | AV13: 0 | AW13: 1 | AX13: 0 | AY13: 2 | AZ13: 1 | BA13: 1 | BB13: 0 | BC13: 5 | BD13: 1 | BE13: 6 | BF13: 0 | BG13: 0 | BH13: 0 | BI13: 0 | BJ13: 1 | BK13: 0 | BL13: 0 | BM13: 0 | BN13: 1 | BO13: 0 | BP13: 1 | BQ13: 0 | BR13: 0 | BS13: 0 | BT13: 0 | BU13: 0 | BV13: 0 | BW13: 0 | BX13: 0 | BY13: 0 | BZ13: 0 | CA13: 0 | CB13: 0 | CC13: 0 | CD13: 0 | CE13: 0 | CF13: 0 | CG13: 0 | CH13: 0 | CI13: 0 | CJ13: 0 | CK13: 0 | CL13: 0 | CM13: 0 | CN13: 0 | CO13: 0 | CP13: 0 | CQ13: 0 | CR13: 0 | CS13: 0 | CT13: 0 | CU13: 0 | CV13: 0 | CW13: 0 | CX13: 0 | CY13: 0 | CZ13: 0 | DA13: 0 | DB13: 0 | DC13: 0 | DD13: 0 | DE13: 0 | DF13: 0 | DG13: 0 | DH13: 0 | DI13: 3 | DJ13: 0 | DK13: 13 | DL13: 2 | DM13: 3 | DN13: 0 | DO13: 1 | DP13: 0 | DQ13: 20 | DR13: 2 | DS13: 22 | DT13: 0 | DU13: 0 | DV13: 0 | DW13: 0 | DX13: 0 | DY13: 0 | DZ13: 0 | EA13: 0 | EB13: 0 | EC13: 0 | ED13: 0 | EE13: 0 | EF13: 0 | EG13: 0 | EH13: 0 | EI13: 0 | EJ13: 0 | EK13: 0 | EL13: 0 | EM13: 0 | EN13: 0 | EO13: 0 | EP13: 0 | EQ13: 0 | ER13: 0 | ES13: 0 | ET13: 0 | EU13: 0 | EV13: 0 | EW13: 0 | EX13: 0 | EY13: 0 | EZ13: 0 | FA13: 0 | FB13: 0 | FC13: 0 | FD13: 0 | FE13: 0 | FF13: 0 | FG13: 0 | FH13: 0 | FI13: 0 | FJ13: 0 | FK13: 0 | FL13: 22 | FM13: 5 | FN13: 0 | FO13: 0 | FP13: 1 | FQ13: 0 | FR13: 0 | FS13: 0 | FT13: 23 | FU13: 5 | FV13: 28 | FW13: 0 | FX13: 0 | FY13: 0 | FZ13: 0 | GA13: 0 | GB13: 0 | GC13: 0 | GD13: 0 | GE13: 0 | GF13: 0 | GG13: 0 | GH13: 0 | GI13: 0 | GJ13: 0 | GK13: 0 | GL13: 0 | GM13: 0 | GN13: 0 | GO13: 0 | GP13: 0 | GQ13: 0 | GR13: 0 | GS13: 0 | GT13: 0 | GU13: 1 | GV13: 0 | GW13: 0 | GX13: 0 | GY13: 1 | GZ13: 0 | HA13: 2 | HB13: 0 | HC13: 2 | HD13: =SUMIF($N$6:$HC$6,"*"&HD$6&"*",$N13:$HC13) -> 26 | HE13: =SUMIF($N$6:$HC$6,"*"&HE$6&"*",$N13:$HC13) -> 5 | HF13: =SUMIF($N$6:$HC$6,"*"&HF$6&"*",$N13:$HC13) -> 15 | HG13: =SUMIF($N$6:$HC$6,"*"&HG$6&"*",$N13:$HC13) -> 3 | HH13: =SUMIF($N$6:$HC$6,"*"&HH$6&"*",$N13:$HC13) -> 7 | HI13: =SUMIF($N$6:$HC$6,"*"&HI$6&"*",$N13:$HC13) -> 1 | HJ13: =SUMIF($N$6:$HC$6,"*"&HJ$6&"*",$N13:$HC13) -> 4 | HK13: =SUMIF($N$6:$HC$6,"*"&HK$6&"*",$N13:$HC13) -> 0 | HL13: =SUMIF($HD$4:$HK$4,HL$6,$HD13:$HK13) -> 52 | HM13: =SUMIF($HD$4:$HK$4,HM$6,$HD13:$HK13) -> 9 | HN13: =SUM(HL13:HM13) -> 61
A14: Region XI | B14: Mati City | C14: 304327 | D14: Matiao NHS | E14: DAVAO ORIENTAL | F14: CITY OF MATI (Capital) | G14: 2nd District | H14: MATIAO | I14: School with no Annexes | J14: Public | K14: DepED Managed | L14: Grade 7-10 & Grade 11-12 | M14: JHS with SHS | N14: 0 | O14: 0 | P14: 0 | Q14: 0 | R14: 0 | S14: 0 | T14: 0 | U14: 0 | V14: 0 | W14: 0 | X14: 0 | Y14: 0 | Z14: 0 | AA14: 0 | AB14: 0 | AC14: 0 | AD14: 0 | AE14: 0 | AF14: 0 | AG14: 0 | AH14: 0 | AI14: 0 | AJ14: 0 | AK14: 0 | AL14: 0 | AM14: 0 | AN14: 0 | AO14: 0 | AP14: 0 | AQ14: 0 | AR14: 0 | AS14: 0 | AT14: 0 | AU14: 0 | AV14: 0 | AW14: 0 | AX14: 0 | AY14: 0 | AZ14: 0 | BA14: 0 | BB14: 0 | BC14: 0 | BD14: 0 | BE14: 0 | BF14: 0 | BG14: 0 | BH14: 0 | BI14: 0 | BJ14: 0 | BK14: 0 | BL14: 0 | BM14: 0 | BN14: 0 | BO14: 0 | BP14: 0 | BQ14: 0 | BR14: 0 | BS14: 0 | BT14: 0 | BU14: 0 | BV14: 0 | BW14: 0 | BX14: 0 | BY14: 0 | BZ14: 0 | CA14: 0 | CB14: 0 | CC14: 0 | CD14: 0 | CE14: 0 | CF14: 0 | CG14: 0 | CH14: 0 | CI14: 0 | CJ14: 0 | CK14: 0 | CL14: 0 | CM14: 0 | CN14: 0 | CO14: 0 | CP14: 0 | CQ14: 0 | CR14: 0 | CS14: 0 | CT14: 0 | CU14: 0 | CV14: 0 | CW14: 0 | CX14: 0 | CY14: 0 | CZ14: 0 | DA14: 0 | DB14: 0 | DC14: 0 | DD14: 0 | DE14: 0 | DF14: 0 | DG14: 0 | DH14: 0 | DI14: 0 | DJ14: 0 | DK14: 0 | DL14: 0 | DM14: 0 | DN14: 0 | DO14: 0 | DP14: 0 | DQ14: 0 | DR14: 0 | DS14: 0 | DT14: 0 | DU14: 0 | DV14: 0 | DW14: 0 | DX14: 0 | DY14: 0 | DZ14: 0 | EA14: 0 | EB14: 0 | EC14: 0 | ED14: 0 | EE14: 0 | EF14: 0 | EG14: 0 | EH14: 0 | EI14: 0 | EJ14: 0 | EK14: 0 | EL14: 0 | EM14: 0 | EN14: 0 | EO14: 0 | EP14: 0 | EQ14: 0 | ER14: 0 | ES14: 0 | ET14: 0 | EU14: 0 | EV14: 0 | EW14: 0 | EX14: 0 | EY14: 0 | EZ14: 0 | FA14: 0 | FB14: 0 | FC14: 0 | FD14: 0 | FE14: 0 | FF14: 0 | FG14: 0 | FH14: 0 | FI14: 0 | FJ14: 0 | FK14: 0 | FL14: 0 | FM14: 0 | FN14: 0 | FO14: 0 | FP14: 0 | FQ14: 0 | FR14: 0 | FS14: 0 | FT14: 0 | FU14: 0 | FV14: 0 | FW14: 0 | FX14: 0 | FY14: 0 | FZ14: 0 | GA14: 0 | GB14: 0 | GC14: 0 | GD14: 0 | GE14: 0 | GF14: 0 | GG14: 0 | GH14: 0 | GI14: 0 | GJ14: 0 | GK14: 0 | GL14: 0 | GM14: 0 | GN14: 0 | GO14: 0 | GP14: 0 | GQ14: 0 | GR14: 0 | GS14: 0 | GT14: 0 | GU14: 0 | GV14: 0 | GW14: 0 | GX14: 0 | GY14: 0 | GZ14: 0 | HA14: 0 | HB14: 0 | HC14: 0 | HD14: =SUMIF($N$6:$HC$6,"*"&HD$6&"*",$N14:$HC14) -> 0 | HE14: =SUMIF($N$6:$HC$6,"*"&HE$6&"*",$N14:$HC14) -> 0 | HF14: =SUMIF($N$6:$HC$6,"*"&HF$6&"*",$N14:$HC14) -> 0 | HG14: =SUMIF($N$6:$HC$6,"*"&HG$6&"*",$N14:$HC14) -> 0 | HH14: =SUMIF($N$6:$HC$6,"*"&HH$6&"*",$N14:$HC14) -> 0 | HI14: =SUMIF($N$6:$HC$6,"*"&HI$6&"*",$N14:$HC14) -> 0 | HJ14: =SUMIF($N$6:$HC$6,"*"&HJ$6&"*",$N14:$HC14) -> 0 | HK14: =SUMIF($N$6:$HC$6,"*"&HK$6&"*",$N14:$HC14) -> 0 | HL14: =SUMIF($HD$4:$HK$4,HL$6,$HD14:$HK14) -> 0 | HM14: =SUMIF($HD$4:$HK$4,HM$6,$HD14:$HK14) -> 0 | HN14: =SUM(HL14:HM14) -> 0
A15: Region XI | B15: Mati City | C15: 304328 | D15: Davao Oriental Regional Science High School | E15: DAVAO ORIENTAL | F15: CITY OF MATI (Capital) | G15: 2nd District | H15: DAHICAN | I15: School with no Annexes | J15: Public | K15: DepED Managed | L15: Grade 7-10 & Grade 11-12 | M15: JHS with SHS | N15: 0 | O15: 0 | P15: 0 | Q15: 0 | R15: 0 | S15: 0 | T15: 0 | U15: 0 | V15: 0 | W15: 0 | X15: 0 | Y15: 0 | Z15: 0 | AA15: 0 | AB15: 0 | AC15: 0 | AD15: 0 | AE15: 0 | AF15: 0 | AG15: 0 | AH15: 0 | AI15: 0 | AJ15: 0 | AK15: 0 | AL15: 0 | AM15: 0 | AN15: 0 | AO15: 0 | AP15: 0 | AQ15: 0 | AR15: 0 | AS15: 0 | AT15: 0 | AU15: 0 | AV15: 0 | AW15: 0 | AX15: 0 | AY15: 0 | AZ15: 0 | BA15: 0 | BB15: 0 | BC15: 0 | BD15: 0 | BE15: 0 | BF15: 0 | BG15: 0 | BH15: 0 | BI15: 0 | BJ15: 0 | BK15: 0 | BL15: 0 | BM15: 0 | BN15: 0 | BO15: 0 | BP15: 0 | BQ15: 0 | BR15: 0 | BS15: 0 | BT15: 0 | BU15: 0 | BV15: 0 | BW15: 0 | BX15: 0 | BY15: 0 | BZ15: 0 | CA15: 0 | CB15: 0 | CC15: 0 | CD15: 0 | CE15: 0 | CF15: 0 | CG15: 0 | CH15: 0 | CI15: 0 | CJ15: 0 | CK15: 0 | CL15: 0 | CM15: 0 | CN15: 0 | CO15: 0 | CP15: 0 | CQ15: 0 | CR15: 0 | CS15: 0 | CT15: 0 | CU15: 0 | CV15: 0 | CW15: 0 | CX15: 0 | CY15: 0 | CZ15: 0 | DA15: 0 | DB15: 0 | DC15: 0 | DD15: 0 | DE15: 0 | DF15: 0 | DG15: 0 | DH15: 0 | DI15: 0 | DJ15: 0 | DK15: 0 | DL15: 0 | DM15: 0 | DN15: 0 | DO15: 0 | DP15: 0 | DQ15: 0 | DR15: 0 | DS15: 0 | DT15: 0 | DU15: 0 | DV15: 0 | DW15: 0 | DX15: 0 | DY15: 0 | DZ15: 0 | EA15: 0 | EB15: 0 | EC15: 0 | ED15: 0 | EE15: 0 | EF15: 0 | EG15: 0 | EH15: 0 | EI15: 0 | EJ15: 0 | EK15: 0 | EL15: 0 | EM15: 0 | EN15: 0 | EO15: 0 | EP15: 0 | EQ15: 0 | ER15: 0 | ES15: 0 | ET15: 0 | EU15: 0 | EV15: 0 | EW15: 0 | EX15: 0 | EY15: 0 | EZ15: 0 | FA15: 0 | FB15: 0 | FC15: 0 | FD15: 0 | FE15: 0 | FF15: 0 | FG15: 0 | FH15: 0 | FI15: 0 | FJ15: 0 | FK15: 0 | FL15: 0 | FM15: 0 | FN15: 0 | FO15: 0 | FP15: 0 | FQ15: 0 | FR15: 0 | FS15: 0 | FT15: 0 | FU15: 0 | FV15: 0 | FW15: 0 | FX15: 0 | FY15: 0 | FZ15: 0 | GA15: 0 | GB15: 0 | GC15: 0 | GD15: 0 | GE15: 0 | GF15: 0 | GG15: 0 | GH15: 0 | GI15: 0 | GJ15: 0 | GK15: 0 | GL15: 0 | GM15: 0 | GN15: 0 | GO15: 0 | GP15: 0 | GQ15: 0 | GR15: 0 | GS15: 0 | GT15: 0 | GU15: 0 | GV15: 0 | GW15: 0 | GX15: 0 | GY15: 0 | GZ15: 0 | HA15: 0 | HB15: 0 | HC15: 0 | HD15: =SUMIF($N$6:$HC$6,"*"&HD$6&"*",$N15:$HC15) -> 0 | HE15: =SUMIF($N$6:$HC$6,"*"&HE$6&"*",$N15:$HC15) -> 0 | HF15: =SUMIF($N$6:$HC$6,"*"&HF$6&"*",$N15:$HC15) -> 0 | HG15: =SUMIF($N$6:$HC$6,"*"&HG$6&"*",$N15:$HC15) -> 0 | HH15: =SUMIF($N$6:$HC$6,"*"&HH$6&"*",$N15:$HC15) -> 0 | HI15: =SUMIF($N$6:$HC$6,"*"&HI$6&"*",$N15:$HC15) -> 0 | HJ15: =SUMIF($N$6:$HC$6,"*"&HJ$6&"*",$N15:$HC15) -> 0 | HK15: =SUMIF($N$6:$HC$6,"*"&HK$6&"*",$N15:$HC15) -> 0 | HL15: =SUMIF($HD$4:$HK$4,HL$6,$HD15:$HK15) -> 0 | HM15: =SUMIF($HD$4:$HK$4,HM$6,$HD15:$HK15) -> 0 | HN15: =SUM(HL15:HM15) -> 0
A16: Region XI | B16: Mati City | C16: 304338 | D16: Taguibo Agri. Voc. High School | E16: DAVAO ORIENTAL | F16: CITY OF MATI (Capital) | G16: 2nd District | H16: TAGUIBO | I16: School with no Annexes | J16: Public | K16: DepED Managed | L16: Grade 7-10 & Grade 11-12 | M16: JHS with SHS | N16: 0 | O16: 0 | P16: 0 | Q16: 0 | R16: 0 | S16: 0 | T16: 0 | U16: 0 | V16: 0 | W16: 0 | X16: 0 | Y16: 0 | Z16: 0 | AA16: 0 | AB16: 0 | AC16: 0 | AD16: 0 | AE16: 0 | AF16: 0 | AG16: 0 | AH16: 0 | AI16: 0 | AJ16: 0 | AK16: 0 | AL16: 0 | AM16: 0 | AN16: 0 | AO16: 0 | AP16: 0 | AQ16: 0 | AR16: 0 | AS16: 0 | AT16: 0 | AU16: 0 | AV16: 0 | AW16: 0 | AX16: 0 | AY16: 0 | AZ16: 0 | BA16: 0 | BB16: 0 | BC16: 0 | BD16: 0 | BE16: 0 | BF16: 1 | BG16: 0 | BH16: 8 | BI16: 2 | BJ16: 3 | BK16: 1 | BL16: 0 | BM16: 2 | BN16: 12 | BO16: 5 | BP16: 17 | BQ16: 0 | BR16: 0 | BS16: 0 | BT16: 0 | BU16: 0 | BV16: 0 | BW16: 0 | BX16: 0 | BY16: 0 | BZ16: 0 | CA16: 0 | CB16: 0 | CC16: 0 | CD16: 0 | CE16: 0 | CF16: 0 | CG16: 0 | CH16: 0 | CI16: 0 | CJ16: 0 | CK16: 0 | CL16: 0 | CM16: 0 | CN16: 0 | CO16: 0 | CP16: 0 | CQ16: 0 | CR16: 0 | CS16: 0 | CT16: 0 | CU16: 0 | CV16: 0 | CW16: 0 | CX16: 0 | CY16: 0 | CZ16: 0 | DA16: 0 | DB16: 0 | DC16: 0 | DD16: 0 | DE16: 0 | DF16: 0 | DG16: 0 | DH16: 0 | DI16: 0 | DJ16: 0 | DK16: 0 | DL16: 0 | DM16: 0 | DN16: 0 | DO16: 4 | DP16: 2 | DQ16: 4 | DR16: 2 | DS16: 6 | DT16: 0 | DU16: 0 | DV16: 0 | DW16: 0 | DX16: 0 | DY16: 0 | DZ16: 0 | EA16: 0 | EB16: 0 | EC16: 0 | ED16: 0 | EE16: 0 | EF16: 0 | EG16: 0 | EH16: 0 | EI16: 0 | EJ16: 0 | EK16: 0 | EL16: 0 | EM16: 0 | EN16: 0 | EO16: 0 | EP16: 0 | EQ16: 0 | ER16: 0 | ES16: 0 | ET16: 0 | EU16: 0 | EV16: 0 | EW16: 0 | EX16: 0 | EY16: 0 | EZ16: 0 | FA16: 0 | FB16: 0 | FC16: 0 | FD16: 0 | FE16: 0 | FF16: 0 | FG16: 0 | FH16: 0 | FI16: 0 | FJ16: 0 | FK16: 0 | FL16: 0 | FM16: 0 | FN16: 3 | FO16: 2 | FP16: 0 | FQ16: 0 | FR16: 0 | FS16: 0 | FT16: 3 | FU16: 2 | FV16: 5 | FW16: 0 | FX16: 0 | FY16: 0 | FZ16: 0 | GA16: 0 | GB16: 0 | GC16: 0 | GD16: 0 | GE16: 0 | GF16: 0 | GG16: 0 | GH16: 0 | GI16: 0 | GJ16: 0 | GK16: 0 | GL16: 0 | GM16: 0 | GN16: 0 | GO16: 0 | GP16: 0 | GQ16: 0 | GR16: 0 | GS16: 0 | GT16: 0 | GU16: 0 | GV16: 0 | GW16: 0 | GX16: 0 | GY16: 0 | GZ16: 0 | HA16: 0 | HB16: 0 | HC16: 0 | HD16: =SUMIF($N$6:$HC$6,"*"&HD$6&"*",$N16:$HC16) -> 1 | HE16: =SUMIF($N$6:$HC$6,"*"&HE$6&"*",$N16:$HC16) -> 0 | HF16: =SUMIF($N$6:$HC$6,"*"&HF$6&"*",$N16:$HC16) -> 11 | HG16: =SUMIF($N$6:$HC$6,"*"&HG$6&"*",$N16:$HC16) -> 4 | HH16: =SUMIF($N$6:$HC$6,"*"&HH$6&"*",$N16:$HC16) -> 3 | HI16: =SUMIF($N$6:$HC$6,"*"&HI$6&"*",$N16:$HC16) -> 1 | HJ16: =SUMIF($N$6:$HC$6,"*"&HJ$6&"*",$N16:$HC16) -> 4 | HK16: =SUMIF($N$6:$HC$6,"*"&HK$6&"*",$N16:$HC16) -> 4 | HL16: =SUMIF($HD$4:$HK$4,HL$6,$HD16:$HK16) -> 19 | HM16: =SUMIF($HD$4:$HK$4,HM$6,$HD16:$HK16) -> 9 | HN16: =SUM(HL16:HM16) -> 28
A17: Region XI | B17: Mati City | C17: 305680 | D17: City of Mati National High School | E17: DAVAO ORIENTAL | F17: CITY OF MATI (Capital) | G17: 2nd District | H17: DAHICAN | I17: School with no Annexes | J17: Public | K17: DepED Managed | L17: Grade 7-10 | M17: Purely JHS | N17: 0 | O17: 0 | P17: 0 | Q17: 0 | R17: 0 | S17: 0 | T17: 0 | U17: 0 | V17: 0 | W17: 0 | X17: 0 | Y17: 0 | Z17: 0 | AA17: 0 | AB17: 0 | AC17: 0 | AD17: 0 | AE17: 0 | AF17: 0 | AG17: 0 | AH17: 0 | AI17: 0 | AJ17: 0 | AK17: 0 | AL17: 0 | AM17: 0 | AN17: 0 | AO17: 0 | AP17: 0 | AQ17: 0 | AR17: 0 | AS17: 0 | AT17: 0 | AU17: 1 | AV17: 0 | AW17: 1 | AX17: 1 | AY17: 0 | AZ17: 0 | BA17: 0 | BB17: 0 | BC17: 2 | BD17: 1 | BE17: 3 | BF17: 0 | BG17: 0 | BH17: 0 | BI17: 0 | BJ17: 0 | BK17: 0 | BL17: 0 | BM17: 0 | BN17: 0 | BO17: 0 | BP17: 0 | BQ17: 0 | BR17: 0 | BS17: 0 | BT17: 0 | BU17: 0 | BV17: 0 | BW17: 0 | BX17: 0 | BY17: 0 | BZ17: 0 | CA17: 0 | CB17: 0 | CC17: 0 | CD17: 0 | CE17: 0 | CF17: 0 | CG17: 0 | CH17: 0 | CI17: 0 | CJ17: 0 | CK17: 0 | CL17: 0 | CM17: 0 | CN17: 0 | CO17: 0 | CP17: 0 | CQ17: 0 | CR17: 0 | CS17: 0 | CT17: 0 | CU17: 0 | CV17: 0 | CW17: 0 | CX17: 0 | CY17: 0 | CZ17: 0 | DA17: 0 | DB17: 0 | DC17: 0 | DD17: 0 | DE17: 0 | DF17: 0 | DG17: 0 | DH17: 0 | DI17: 0 | DJ17: 0 | DK17: 0 | DL17: 0 | DM17: 0 | DN17: 0 | DO17: 0 | DP17: 0 | DQ17: 0 | DR17: 0 | DS17: 0 | DT17: 0 | DU17: 0 | DV17: 0 | DW17: 0 | DX17: 0 | DY17: 0 | DZ17: 0 | EA17: 0 | EB17: 0 | EC17: 0 | ED17: 0 | EE17: 0 | EF17: 0 | EG17: 0 | EH17: 0 | EI17: 0 | EJ17: 0 | EK17: 0 | EL17: 0 | EM17: 0 | EN17: 0 | EO17: 0 | EP17: 0 | EQ17: 0 | ER17: 0 | ES17: 0 | ET17: 0 | EU17: 0 | EV17: 0 | EW17: 0 | EX17: 0 | EY17: 0 | EZ17: 0 | FA17: 0 | FB17: 0 | FC17: 0 | FD17: 0 | FE17: 0 | FF17: 0 | FG17: 0 | FH17: 0 | FI17: 0 | FJ17: 0 | FK17: 0 | FL17: 0 | FM17: 0 | FN17: 0 | FO17: 0 | FP17: 0 | FQ17: 0 | FR17: 0 | FS17: 0 | FT17: 0 | FU17: 0 | FV17: 0 | FW17: 0 | FX17: 0 | FY17: 0 | FZ17: 0 | GA17: 0 | GB17: 0 | GC17: 0 | GD17: 0 | GE17: 0 | GF17: 0 | GG17: 0 | GH17: 0 | GI17: 0 | GJ17: 0 | GK17: 0 | GL17: 0 | GM17: 0 | GN17: 0 | GO17: 0 | GP17: 0 | GQ17: 0 | GR17: 0 | GS17: 0 | GT17: 0 | GU17: 0 | GV17: 0 | GW17: 0 | GX17: 0 | GY17: 0 | GZ17: 0 | HA17: 0 | HB17: 0 | HC17: 0 | HD17: =SUMIF($N$6:$HC$6,"*"&HD$6&"*",$N17:$HC17) -> 1 | HE17: =SUMIF($N$6:$HC$6,"*"&HE$6&"*",$N17:$HC17) -> 0 | HF17: =SUMIF($N$6:$HC$6,"*"&HF$6&"*",$N17:$HC17) -> 1 | HG17: =SUMIF($N$6:$HC$6,"*"&HG$6&"*",$N17:$HC17) -> 1 | HH17: =SUMIF($N$6:$HC$6,"*"&HH$6&"*",$N17:$HC17) -> 0 | HI17: =SUMIF($N$6:$HC$6,"*"&HI$6&"*",$N17:$HC17) -> 0 | HJ17: =SUMIF($N$6:$HC$6,"*"&HJ$6&"*",$N17:$HC17) -> 0 | HK17: =SUMIF($N$6:$HC$6,"*"&HK$6&"*",$N17:$HC17) -> 0 | HL17: =SUMIF($HD$4:$HK$4,HL$6,$HD17:$HK17) -> 2 | HM17: =SUMIF($HD$4:$HK$4,HM$6,$HD17:$HK17) -> 1 | HN17: =SUM(HL17:HM17) -> 3
A18: Region XI | B18: Mati City | C18: 316104 | D18: Don Salvador Lopez NHS | E18: DAVAO ORIENTAL | F18: CITY OF MATI (Capital) | G18: 2nd District | H18: DON SALVADOR LOPEZ, SR. | I18: School with no Annexes | J18: Public | K18: DepED Managed | L18: Grade 7-10 & Grade 11-12 | M18: JHS with SHS | N18: 0 | O18: 0 | P18: 0 | Q18: 0 | R18: 0 | S18: 0 | T18: 0 | U18: 0 | V18: 0 | W18: 0 | X18: 0 | Y18: 0 | Z18: 0 | AA18: 0 | AB18: 0 | AC18: 0 | AD18: 0 | AE18: 0 | AF18: 0 | AG18: 0 | AH18: 0 | AI18: 0 | AJ18: 0 | AK18: 0 | AL18: 0 | AM18: 0 | AN18: 0 | AO18: 0 | AP18: 0 | AQ18: 0 | AR18: 0 | AS18: 0 | AT18: 0 | AU18: 0 | AV18: 0 | AW18: 0 | AX18: 0 | AY18: 0 | AZ18: 0 | BA18: 0 | BB18: 0 | BC18: 0 | BD18: 0 | BE18: 0 | BF18: 1 | BG18: 1 | BH18: 0 | BI18: 0 | BJ18: 0 | BK18: 0 | BL18: 0 | BM18: 0 | BN18: 1 | BO18: 1 | BP18: 2 | BQ18: 0 | BR18: 0 | BS18: 0 | BT18: 0 | BU18: 0 | BV18: 0 | BW18: 0 | BX18: 0 | BY18: 0 | BZ18: 0 | CA18: 0 | CB18: 1 | CC18: 0 | CD18: 0 | CE18: 0 | CF18: 0 | CG18: 0 | CH18: 0 | CI18: 0 | CJ18: 1 | CK18: 0 | CL18: 1 | CM18: 0 | CN18: 0 | CO18: 0 | CP18: 0 | CQ18: 0 | CR18: 0 | CS18: 0 | CT18: 0 | CU18: 0 | CV18: 0 | CW18: 0 | CX18: 0 | CY18: 0 | CZ18: 0 | DA18: 0 | DB18: 0 | DC18: 0 | DD18: 0 | DE18: 0 | DF18: 0 | DG18: 0 | DH18: 0 | DI18: 3 | DJ18: 0 | DK18: 2 | DL18: 0 | DM18: 0 | DN18: 0 | DO18: 1 | DP18: 0 | DQ18: 6 | DR18: 0 | DS18: 6 | DT18: 1 | DU18: 0 | DV18: 0 | DW18: 0 | DX18: 0 | DY18: 0 | DZ18: 0 | EA18: 0 | EB18: 1 | EC18: 0 | ED18: 1 | EE18: 0 | EF18: 0 | EG18: 0 | EH18: 0 | EI18: 0 | EJ18: 0 | EK18: 0 | EL18: 0 | EM18: 0 | EN18: 0 | EO18: 0 | EP18: 0 | EQ18: 0 | ER18: 0 | ES18: 0 | ET18: 0 | EU18: 0 | EV18: 0 | EW18: 0 | EX18: 0 | EY18: 0 | EZ18: 0 | FA18: 0 | FB18: 0 | FC18: 0 | FD18: 0 | FE18: 0 | FF18: 0 | FG18: 0 | FH18: 0 | FI18: 0 | FJ18: 0 | FK18: 0 | FL18: 1 | FM18: 0 | FN18: 0 | FO18: 0 | FP18: 0 | FQ18: 0 | FR18: 0 | FS18: 0 | FT18: 1 | FU18: 0 | FV18: 1 | FW18: 0 | FX18: 0 | FY18: 0 | FZ18: 0 | GA18: 0 | GB18: 0 | GC18: 0 | GD18: 0 | GE18: 0 | GF18: 0 | GG18: 0 | GH18: 0 | GI18: 0 | GJ18: 0 | GK18: 0 | GL18: 0 | GM18: 0 | GN18: 0 | GO18: 0 | GP18: 0 | GQ18: 0 | GR18: 0 | GS18: 1 | GT18: 0 | GU18: 0 | GV18: 0 | GW18: 0 | GX18: 0 | GY18: 0 | GZ18: 0 | HA18: 1 | HB18: 0 | HC18: 1 | HD18: =SUMIF($N$6:$HC$6,"*"&HD$6&"*",$N18:$HC18) -> 8 | HE18: =SUMIF($N$6:$HC$6,"*"&HE$6&"*",$N18:$HC18) -> 1 | HF18: =SUMIF($N$6:$HC$6,"*"&HF$6&"*",$N18:$HC18) -> 2 | HG18: =SUMIF($N$6:$HC$6,"*"&HG$6&"*",$N18:$HC18) -> 0 | HH18: =SUMIF($N$6:$HC$6,"*"&HH$6&"*",$N18:$HC18) -> 0 | HI18: =SUMIF($N$6:$HC$6,"*"&HI$6&"*",$N18:$HC18) -> 0 | HJ18: =SUMIF($N$6:$HC$6,"*"&HJ$6&"*",$N18:$HC18) -> 1 | HK18: =SUMIF($N$6:$HC$6,"*"&HK$6&"*",$N18:$HC18) -> 0 | HL18: =SUMIF($HD$4:$HK$4,HL$6,$HD18:$HK18) -> 11 | HM18: =SUMIF($HD$4:$HK$4,HM$6,$HD18:$HK18) -> 1 | HN18: =SUM(HL18:HM18) -> 12
... A36: Region XI | B36: Mati City | C36: 501424 | D36: Culian Integrated School | E36: DAVAO ORIENTAL | F36: CITY OF MATI (Capital) | G36: 2nd District | H36: CULIAN | I36: School with no Annexes | J36: Public | K36: DepED Managed | L36: Kinder, Grade 1-6, Grade 7-10 | M36: ES and JHS | N36: 0 | O36: 0 | P36: 0 | Q36: 0 | R36: 0 | S36: 0 | T36: 0 | U36: 0 | V36: 0 | W36: 0 | X36: 0 | Y36: 0 | Z36: 0 | AA36: 0 | AB36: 0 | AC36: 0 | AD36: 0 | AE36: 0 | AF36: 0 | AG36: 0 | AH36: 0 | AI36: 0 | AJ36: 0 | AK36: 0 | AL36: 0 | AM36: 0 | AN36: 0 | AO36: 0 | AP36: 0 | AQ36: 0 | AR36: 0 | AS36: 0 | AT36: 0 | AU36: 0 | AV36: 0 | AW36: 0 | AX36: 0 | AY36: 0 | AZ36: 0 | BA36: 0 | BB36: 0 | BC36: 0 | BD36: 0 | BE36: 0 | BF36: 0 | BG36: 0 | BH36: 0 | BI36: 0 | BJ36: 0 | BK36: 0 | BL36: 0 | BM36: 0 | BN36: 0 | BO36: 0 | BP36: 0 | BQ36: 0 | BR36: 0 | BS36: 0 | BT36: 0 | BU36: 0 | BV36: 0 | BW36: 0 | BX36: 0 | BY36: 0 | BZ36: 0 | CA36: 0 | CB36: 0 | CC36: 0 | CD36: 0 | CE36: 0 | CF36: 0 | CG36: 0 | CH36: 0 | CI36: 0 | CJ36: 0 | CK36: 0 | CL36: 0 | CM36: 0 | CN36: 0 | CO36: 0 | CP36: 0 | CQ36: 0 | CR36: 0 | CS36: 0 | CT36: 0 | CU36: 0 | CV36: 0 | CW36: 0 | CX36: 0 | CY36: 0 | CZ36: 0 | DA36: 0 | DB36: 0 | DC36: 0 | DD36: 0 | DE36: 0 | DF36: 0 | DG36: 0 | DH36: 0 | DI36: 0 | DJ36: 0 | DK36: 0 | DL36: 0 | DM36: 0 | DN36: 0 | DO36: 0 | DP36: 0 | DQ36: 0 | DR36: 0 | DS36: 0 | DT36: 0 | DU36: 0 | DV36: 0 | DW36: 0 | DX36: 0 | DY36: 0 | DZ36: 0 | EA36: 0 | EB36: 0 | EC36: 0 | ED36: 0 | EE36: 0 | EF36: 0 | EG36: 0 | EH36: 0 | EI36: 0 | EJ36: 0 | EK36: 0 | EL36: 0 | EM36: 0 | EN36: 0 | EO36: 0 | EP36: 0 | EQ36: 0 | ER36: 0 | ES36: 0 | ET36: 0 | EU36: 0 | EV36: 0 | EW36: 0 | EX36: 0 | EY36: 0 | EZ36: 0 | FA36: 0 | FB36: 0 | FC36: 0 | FD36: 0 | FE36: 0 | FF36: 0 | FG36: 0 | FH36: 0 | FI36: 0 | FJ36: 0 | FK36: 0 | FL36: 0 | FM36: 0 | FN36: 0 | FO36: 0 | FP36: 0 | FQ36: 0 | FR36: 0 | FS36: 0 | FT36: 0 | FU36: 0 | FV36: 0 | FW36: 0 | FX36: 0 | FY36: 0 | FZ36: 0 | GA36: 0 | GB36: 0 | GC36: 0 | GD36: 0 | GE36: 0 | GF36: 0 | GG36: 0 | GH36: 0 | GI36: 0 | GJ36: 0 | GK36: 0 | GL36: 0 | GM36: 0 | GN36: 0 | GO36: 0 | GP36: 0 | GQ36: 0 | GR36: 0 | GS36: 0 | GT36: 0 | GU36: 0 | GV36: 0 | GW36: 0 | GX36: 0 | GY36: 0 | GZ36: 0 | HA36: 0 | HB36: 0 | HC36: 0 | HD36: =SUMIF($N$6:$HC$6,"*"&HD$6&"*",$N36:$HC36) -> 0 | HE36: =SUMIF($N$6:$HC$6,"*"&HE$6&"*",$N36:$HC36) -> 0 | HF36: =SUMIF($N$6:$HC$6,"*"&HF$6&"*",$N36:$HC36) -> 0 | HG36: =SUMIF($N$6:$HC$6,"*"&HG$6&"*",$N36:$HC36) -> 0 | HH36: =SUMIF($N$6:$HC$6,"*"&HH$6&"*",$N36:$HC36) -> 0 | HI36: =SUMIF($N$6:$HC$6,"*"&HI$6&"*",$N36:$HC36) -> 0 | HJ36: =SUMIF($N$6:$HC$6,"*"&HJ$6&"*",$N36:$HC36) -> 0 | HK36: =SUMIF($N$6:$HC$6,"*"&HK$6&"*",$N36:$HC36) -> 0 | HL36: =SUMIF($HD$4:$HK$4,HL$6,$HD36:$HK36) -> 0 | HM36: =SUMIF($HD$4:$HK$4,HM$6,$HD36:$HK36) -> 0 | HN36: =SUM(HL36:HM36) -> 0

Sheet SHS
A1: EOSY Causes of Dropout in SENIOR HIGH SCHOOL LEVEL
A2: SY 2019-2020 | N2: Had to takecare Siblings | U2: Early Marriage/Pregnancy | AB2: Parents Attitude Toward Schooling | AI2: Family problems/Feuds | AP2: Illness | AW2: Overage | BD2: Death | BK2: Drug Abuse | BR2: Poor Academic Performance | BY2: Lack of interest/Distractions | CF2: Hunger/Malnutrition | CM2: Teacher Factors | CT2: Physical Conditions of Classrooms | DA2: Peer Influences | DH2: Distance between Home and School | DO2: Armed Conflict | DV2: Calamities/Disasters | EC2: Child Labor, Work | EJ2: Grand Total (SHS)
A3: Based on LIS, generated as of November 28, 2020 | N3: Grade 11 | P3: Grade 12 | R3: Grand Total | U3: Grade 11 | W3: Grade 12 | Y3: Grand Total | AB3: Grade 11 | AD3: Grade 12 | AF3: Grand Total | AI3: Grade 11 | AK3: Grade 12 | AM3: Grand Total | AP3: Grade 11 | AR3: Grade 12 | AT3: Grand Total | AW3: Grade 11 | AY3: Grade 12 | BA3: Grand Total | BD3: Grade 11 | BF3: Grade 12 | BH3: Grand Total | BK3: Grade 11 | BM3: Grade 12 | BO3: Grand Total | BR3: Grade 11 | BT3: Grade 12 | BV3: Grand Total | BY3: Grade 11 | CA3: Grade 12 | CC3: Grand Total | CF3: Grade 11 | CH3: Grade 12 | CJ3: Grand Total | CM3: Grade 11 | CO3: Grade 12 | CQ3: Grand Total | CT3: Grade 11 | CV3: Grade 12 | CX3: Grand Total | DA3: Grade 11 | DC3: Grade 12 | DE3: Grand Total | DH3: Grade 11 | DJ3: Grade 12 | DL3: Grand Total | DO3: Grade 11 | DQ3: Grade 12 | DS3: Grand Total | DV3: Grade 11 | DX3: Grade 12 | DZ3: Grand Total | EC3: Grade 11 | EE3: Grade 12 | EG3: Grand Total | EJ3: Grade 11 | EL3: Grade 12 | EN3: Grand Total
N4: Male | O4: Female | P4: Male | Q4: Female | R4: Male | S4: Female | T4: Total | U4: Male | V4: Female | W4: Male | X4: Female | Y4: Male | Z4: Female | AA4: Total | AB4: Male | AC4: Female | AD4: Male | AE4: Female | AF4: Male | AG4: Female | AH4: Total | AI4: Male | AJ4: Female | AK4: Male | AL4: Female | AM4: Male | AN4: Female | AO4: Total | AP4: Male | AQ4: Female | AR4: Male | AS4: Female | AT4: Male | AU4: Female | AV4: Total | AW4: Male | AX4: Female | AY4: Male | AZ4: Female | BA4: Male | BB4: Female | BC4: Total | BD4: Male | BE4: Female | BF4: Male | BG4: Female | BH4: Male | BI4: Female | BJ4: Total | BK4: Male | BL4: Female | BM4: Male | BN4: Female | BO4: Male | BP4: Female | BQ4: Total | BR4: Male | BS4: Female | BT4: Male | BU4: Female | BV4: Male | BW4: Female | BX4: Total | BY4: Male | BZ4: Female | CA4: Male | CB4: Female | CC4: Male | CD4: Female | CE4: Total | CF4: Male | CG4: Female | CH4: Male | CI4: Female | CJ4: Male | CK4: Female | CL4: Total | CM4: Male | CN4: Female | CO4: Male | CP4: Female | CQ4: Male | CR4: Female | CS4: Total | CT4: Male | CU4: Female | CV4: Male | CW4: Female | CX4: Male | CY4: Female | CZ4: Total | DA4: Male | DB4: Female | DC4: Male | DD4: Female | DE4: Male | DF4: Female | DG4: Total | DH4: Male | DI4: Female | DJ4: Male | DK4: Female | DL4: Male | DM4: Female | DN4: Total | DO4: Male | DP4: Female | DQ4: Male | DR4: Female | DS4: Male | DT4: Female | DU4: Total | DV4: Male | DW4: Female | DX4: Male | DY4: Female | DZ4: Male | EA4: Female | EB4: Total | EC4: Male | ED4: Female | EE4: Male | EF4: Female | EG4: Male | EH4: Female | EI4: Total | EJ4: Male | EK4: Female | EL4: Male | EM4: Female | EN4: Male | EO4: Female | EP4: Total
N5: =SUM(N7:N29) -> 0 | O5: =SUM(O7:O29) -> 0 | P5: =SUM(P7:P29) -> 0 | Q5: =SUM(Q7:Q29) -> 0 | R5: =SUM(R7:R29) -> 0 | S5: =SUM(S7:S29) -> 0 | T5: =SUM(T7:T29) -> 0 | U5: =SUM(U7:U29) -> 0 | ... EP5: =SUM(EP7:EP29) -> 19
A6: region | B6: division | C6: beis_school_id | D6: school_name | E6: province | F6: municipality | G6: legislative_district | H6: barangay | I6: school_type | J6: sector | K6: school_subclassification | L6: curricular_offering | M6: Modified Curricular Offering | N6: take_care_siblings_g11_male | O6: take_care_siblings_g11_female | P6: take_care_siblings_g12_male | Q6: take_care_siblings_g12_female | R6: Male | S6: Female | T6: Total | U6: marr_preg_g11_male | V6: marr_preg_g11_female | W6: marr_preg_g12_male | X6: marr_preg_g12_female | Y6: Male | Z6: Female | AA6: Total | AB6: parents_toward_school_g11_male | AC6: parents_toward_school_g11_female | AD6: parents_toward_school_g12_male | AE6: parents_toward_school_g12_female | AF6: Male | AG6: Female | AH6: Total | AI6: fam_prob_feuds_g11_male | AJ6: fam_prob_feuds_g11_female | AK6: fam_prob_feuds_g12_male | AL6: fam_prob_feuds_g12_female | AM6: Male | AN6: Female | AO6: Total | AP6: illness_g11_male | AQ6: illness_g11_female | AR6: illness_g12_male | AS6: illness_g12_female | AT6: Male | AU6: Female | AV6: Total | AW6: overage_g11_male | AX6: overage_g11_female | AY6: overage_g12_male | AZ6: overage_g12_female | BA6: Male | BB6: Female | BC6: Total | BD6: death_g11_male | BE6: death_g11_female | BF6: death_g12_male | BG6: death_g12_female | BH6: Male | BI6: Female | BJ6: Total | BK6: drug_abuse_g11_male | BL6: drug_abuse_g11_female | BM6: drug_abuse_g12_male | BN6: drug_abuse_g12_female | BO6: Male | BP6: Female | BQ6: Total | BR6: poor_acad_perf_g11_male | BS6: poor_acad_perf_g11_female | BT6: poor_acad_perf_g12_male | BU6: poor_acad_perf_g12_female | BV6: Male | BW6: Female | BX6: Total | BY6: lack_of_interest_g11_male | BZ6: lack_of_interest_g11_female | CA6: lack_of_interest_g12_male | CB6: lack_of_interest_g12_female | CC6: Male | CD6: Female | CE6: Total | CF6: hunger_malnu_g11_male | CG6: hunger_malnu_g11_female | CH6: hunger_malnu_g12_male | CI6: hunger_malnu_g12_female | CJ6: Male | CK6: Female | CL6: Total | CM6: teacher_factor_g11_male | CN6: teacher_factor_g11_female | CO6: teacher_factor_g12_male | CP6: teacher_factor_g12_female | CQ6: Male | CR6: Female | CS6: Total | CT6: physical_cond_classroom_g11_male | CU6: physical_cond_classroom_g11_female | CV6: physical_cond_classroom_g12_male | CW6: physical_cond_classroom_g12_female | CX6: Male | CY6: Female | CZ6: Total | DA6: peer_influ_g11_male | DB6: peer_influ_g11_female | DC6: peer_influ_g12_male | DD6: peer_influ_g12_female | DE6: Male | DF6: Female | DG6: Total | DH6: distance_home_school_g11_male | DI6: distance_home_school_g11_female | DJ6: distance_home_school_g12_male | DK6: distance_home_school_g12_female | DL6: Male | DM6: Female | DN6: Total | DO6: armed_conflict_g11_male | DP6: armed_conflict_g11_female | DQ6: armed_conflict_g12_male | DR6: armed_conflict_g12_female | DS6: Male | DT6: Female | DU6: Total | DV6: calamities_g11_male | DW6: calamities_g11_female | DX6: calamities_g12_male | DY6: calamities_g12_female | DZ6: Male | EA6: Female | EB6: Total | EC6: child_labor_g11_male | ED6: child_labor_g11_female | EE6: child_labor_g12_male | EF6: child_labor_g12_female | EG6: Male | EH6: Female | EI6: Total | EJ6: g11_male | EK6: g11_female | EL6: g12_male | EM6: g12_female | EN6: Male | EO6: Female | EP6: Total
A7: Region XI | B7: Mati City | C7: 304303 | D7: Bobon NHS | E7: DAVAO ORIENTAL | F7: CITY OF MATI (Capital) | G7: 2nd District | H7: BOBON | I7: School with no Annexes | J7: Public | K7: DepED Managed | L7: Grade 7-10 & Grade 11-12 | M7: JHS with SHS | N7: 0 | O7: 0 | P7: 0 | Q7: 0 | R7: 0 | S7: 0 | T7: 0 | U7: 0 | V7: 0 | W7: 0 | X7: 0 | Y7: 0 | Z7: 0 | AA7: 0 | AB7: 0 | AC7: 0 | AD7: 0 | AE7: 0 | AF7: 0 | AG7: 0 | AH7: 0 | AI7: 0 | AJ7: 0 | AK7: 0 | AL7: 0 | AM7: 0 | AN7: 0 | AO7: 0 | AP7: 0 | AQ7: 0 | AR7: 0 | AS7: 0 | AT7: 0 | AU7: 0 | AV7: 0 | AW7: 0 | AX7: 0 | AY7: 0 | AZ7: 0 | BA7: 0 | BB7: 0 | BC7: 0 | BD7: 0 | BE7: 0 | BF7: 0 | BG7: 0 | BH7: 0 | BI7: 0 | BJ7: 0 | BK7: 0 | BL7: 0 | BM7: 0 | BN7: 0 | BO7: 0 | BP7: 0 | BQ7: 0 | BR7: 0 | BS7: 0 | BT7: 0 | BU7: 0 | BV7: 0 | BW7: 0 | BX7: 0 | BY7: 0 | BZ7: 0 | CA7: 0 | CB7: 0 | CC7: 0 | CD7: 0 | CE7: 0 | CF7: 0 | CG7: 0 | CH7: 0 | CI7: 0 | CJ7: 0 | CK7: 0 | CL7: 0 | CM7: 0 | CN7: 0 | CO7: 0 | CP7: 0 | CQ7: 0 | CR7: 0 | CS7: 0 | CT7: 0 | CU7: 0 | CV7: 0 | CW7: 0 | CX7: 0 | CY7: 0 | CZ7: 0 | DA7: 0 | DB7: 0 | DC7: 0 | DD7: 0 | DE7: 0 | DF7: 0 | DG7: 0 | DH7: 0 | DI7: 0 | DJ7: 0 | DK7: 0 | DL7: 0 | DM7: 0 | DN7: 0 | DO7: 0 | DP7: 0 | DQ7: 0 | DR7: 0 | DS7: 0 | DT7: 0 | DU7: 0 | DV7: 0 | DW7: 0 | DX7: 0 | DY7: 0 | DZ7: 0 | EA7: 0 | EB7: 0 | EC7: 2 | ED7: 1 | EE7: 0 | EF7: 0 | EG7: 2 | EH7: 1 | EI7: 3 | EJ7: =SUMIF($N$6:$EI$6,"*"&EJ$6&"*",$N7:$EI7) -> 2 | EK7: =SUMIF($N$6:$EI$6,"*"&EK$6&"*",$N7:$EI7) -> 1 | EL7: =SUMIF($N$6:$EI$6,"*"&EL$6&"*",$N7:$EI7) -> 0 | EM7: =SUMIF($N$6:$EI$6,"*"&EM$6&"*",$N7:$EI7) -> 0 | EN7: =SUMIF($EJ$4:$EM$4,EN$6,$EJ7:$EM7) -> 2 | EO7: =SUMIF($EJ$4:$EM$4,EO$6,$EJ7:$EM7) -> 1 | EP7: =SUM(EN7:EO7) -> 3
A8: Region XI | B8: Mati City | C8: 304305 | D8: Buso National High School | E8: DAVAO ORIENTAL | F8: CITY OF MATI (Capital) | G8: 2nd District | H8: BUSO | I8: School with no Annexes | J8: Public | K8: DepED Managed | L8: Grade 7-10 & Grade 11-12 | M8: JHS with SHS | N8: 0 | O8: 0 | P8: 0 | Q8: 0 | R8: 0 | S8: 0 | T8: 0 | U8: 0 | V8: 0 | W8: 0 | X8: 0 | Y8: 0 | Z8: 0 | AA8: 0 | AB8: 0 | AC8: 0 | AD8: 0 | AE8: 0 | AF8: 0 | AG8: 0 | AH8: 0 | AI8: 0 | AJ8: 0 | AK8: 0 | AL8: 0 | AM8: 0 | AN8: 0 | AO8: 0 | AP8: 0 | AQ8: 0 | AR8: 0 | AS8: 0 | AT8: 0 | AU8: 0 | AV8: 0 | AW8: 0 | AX8: 0 | AY8: 0 | AZ8: 0 | BA8: 0 | BB8: 0 | BC8: 0 | BD8: 0 | BE8: 0 | BF8: 0 | BG8: 0 | BH8: 0 | BI8: 0 | BJ8: 0 | BK8: 0 | BL8: 0 | BM8: 0 | BN8: 0 | BO8: 0 | BP8: 0 | BQ8: 0 | BR8: 0 | BS8: 0 | BT8: 0 | BU8: 0 | BV8: 0 | BW8: 0 | BX8: 0 | BY8: 0 | BZ8: 0 | CA8: 0 | CB8: 0 | CC8: 0 | CD8: 0 | CE8: 0 | CF8: 0 | CG8: 0 | CH8: 0 | CI8: 0 | CJ8: 0 | CK8: 0 | CL8: 0 | CM8: 0 | CN8: 0 | CO8: 0 | CP8: 0 | CQ8: 0 | CR8: 0 | CS8: 0 | CT8: 0 | CU8: 0 | CV8: 0 | CW8: 0 | CX8: 0 | CY8: 0 | CZ8: 0 | DA8: 0 | DB8: 0 | DC8: 0 | DD8: 0 | DE8: 0 | DF8: 0 | DG8: 0 | DH8: 0 | DI8: 0 | DJ8: 0 | DK8: 0 | DL8: 0 | DM8: 0 | DN8: 0 | DO8: 0 | DP8: 0 | DQ8: 0 | DR8: 0 | DS8: 0 | DT8: 0 | DU8: 0 | DV8: 0 | DW8: 0 | DX8: 0 | DY8: 0 | DZ8: 0 | EA8: 0 | EB8: 0 | EC8: 0 | ED8: 0 | EE8: 0 | EF8: 0 | EG8: 0 | EH8: 0 | EI8: 0 | EJ8: =SUMIF($N$6:$EI$6,"*"&EJ$6&"*",$N8:$EI8) -> 0 | EK8: =SUMIF($N$6:$EI$6,"*"&EK$6&"*",$N8:$EI8) -> 0 | EL8: =SUMIF($N$6:$EI$6,"*"&EL$6&"*",$N8:$EI8) -> 0 | EM8: =SUMIF($N$6:$EI$6,"*"&EM$6&"*",$N8:$EI8) -> 0 | EN8: =SUMIF($EJ$4:$EM$4,EN$6,$EJ8:$EM8) -> 0 | EO8: =SUMIF($EJ$4:$EM$4,EO$6,$EJ8:$EM8) -> 0 | EP8: =SUM(EN8:EO8) -> 0
A9: Region XI | B9: Mati City | C9: 304313 | D9: Dawan NHS | E9: DAVAO ORIENTAL | F9: CITY OF MATI (Capital) | G9: 2nd District | H9: DAWAN | I9: Mother school | J9: Public | K9: DepED Managed | L9: Grade 7-10 & Grade 11-12 | M9: JHS with SHS | N9: 0 | O9: 0 | P9: 0 | Q9: 0 | R9: 0 | S9: 0 | T9: 0 | U9: 0 | V9: 0 | W9: 0 | X9: 0 | Y9: 0 | Z9: 0 | AA9: 0 | AB9: 0 | AC9: 0 | AD9: 0 | AE9: 0 | AF9: 0 | AG9: 0 | AH9: 0 | AI9: 0 | AJ9: 0 | AK9: 0 | AL9: 0 | AM9: 0 | AN9: 0 | AO9: 0 | AP9: 0 | AQ9: 0 | AR9: 0 | AS9: 0 | AT9: 0 | AU9: 0 | AV9: 0 | AW9: 0 | AX9: 0 | AY9: 0 | AZ9: 0 | BA9: 0 | BB9: 0 | BC9: 0 | BD9: 0 | BE9: 0 | BF9: 0 | BG9: 0 | BH9: 0 | BI9: 0 | BJ9: 0 | BK9: 0 | BL9: 0 | BM9: 0 | BN9: 0 | BO9: 0 | BP9: 0 | BQ9: 0 | BR9: 0 | BS9: 0 | BT9: 0 | BU9: 0 | BV9: 0 | BW9: 0 | BX9: 0 | BY9: 0 | BZ9: 0 | CA9: 0 | CB9: 0 | CC9: 0 | CD9: 0 | CE9: 0 | CF9: 0 | CG9: 0 | CH9: 0 | CI9: 0 | CJ9: 0 | CK9: 0 | CL9: 0 | CM9: 0 | CN9: 0 | CO9: 0 | CP9: 0 | CQ9: 0 | CR9: 0 | CS9: 0 | CT9: 0 | CU9: 0 | CV9: 0 | CW9: 0 | CX9: 0 | CY9: 0 | CZ9: 0 | DA9: 0 | DB9: 0 | DC9: 0 | DD9: 0 | DE9: 0 | DF9: 0 | DG9: 0 | DH9: 0 | DI9: 0 | DJ9: 0 | DK9: 0 | DL9: 0 | DM9: 0 | DN9: 0 | DO9: 0 | DP9: 0 | DQ9: 0 | DR9: 0 | DS9: 0 | DT9: 0 | DU9: 0 | DV9: 0 | DW9: 0 | DX9: 0 | DY9: 0 | DZ9: 0 | EA9: 0 | EB9: 0 | EC9: 0 | ED9: 0 | EE9: 0 | EF9: 0 | EG9: 0 | EH9: 0 | EI9: 0 | EJ9: =SUMIF($N$6:$EI$6,"*"&EJ$6&"*",$N9:$EI9) -> 0 | EK9: =SUMIF($N$6:$EI$6,"*"&EK$6&"*",$N9:$EI9) -> 0 | EL9: =SUMIF($N$6:$EI$6,"*"&EL$6&"*",$N9:$EI9) -> 0 | EM9: =SUMIF($N$6:$EI$6,"*"&EM$6&"*",$N9:$EI9) -> 0 | EN9: =SUMIF($EJ$4:$EM$4,EN$6,$EJ9:$EM9) -> 0 | EO9: =SUMIF($EJ$4:$EM$4,EO$6,$EJ9:$EM9) -> 0 | EP9: =SUM(EN9:EO9) -> 0
A10: Region XI | B10: Mati City | C10: 304314 | D10: Don Enrique Lopez NHS | E10: DAVAO ORIENTAL | F10: CITY OF MATI (Capital) | G10: 2nd District | H10: DON ENRIQUE LOPEZ | I10: School with no Annexes | J10: Public | K10: DepED Managed | L10: Grade 7-10 & Grade 11-12 | M10: JHS with SHS | N10: 0 | O10: 0 | P10: 0 | Q10: 0 | R10: 0 | S10: 0 | T10: 0 | U10: 0 | V10: 0 | W10: 0 | X10: 0 | Y10: 0 | Z10: 0 | AA10: 0 | AB10: 0 | AC10: 0 | AD10: 0 | AE10: 0 | AF10: 0 | AG10: 0 | AH10: 0 | AI10: 0 | AJ10: 0 | AK10: 0 | AL10: 0 | AM10: 0 | AN10: 0 | AO10: 0 | AP10: 0 | AQ10: 0 | AR10: 0 | AS10: 0 | AT10: 0 | AU10: 0 | AV10: 0 | AW10: 0 | AX10: 0 | AY10: 0 | AZ10: 0 | BA10: 0 | BB10: 0 | BC10: 0 | BD10: 0 | BE10: 0 | BF10: 0 | BG10: 0 | BH10: 0 | BI10: 0 | BJ10: 0 | BK10: 0 | BL10: 0 | BM10: 0 | BN10: 0 | BO10: 0 | BP10: 0 | BQ10: 0 | BR10: 0 | BS10: 0 | BT10: 0 | BU10: 0 | BV10: 0 | BW10: 0 | BX10: 0 | BY10: 0 | BZ10: 0 | CA10: 0 | CB10: 0 | CC10: 0 | CD10: 0 | CE10: 0 | CF10: 0 | CG10: 0 | CH10: 0 | CI10: 0 | CJ10: 0 | CK10: 0 | CL10: 0 | CM10: 0 | CN10: 0 | CO10: 0 | CP10: 0 | CQ10: 0 | CR10: 0 | CS10: 0 | CT10: 0 | CU10: 0 | CV10: 0 | CW10: 0 | CX10: 0 | CY10: 0 | CZ10: 0 | DA10: 0 | DB10: 0 | DC10: 0 | DD10: 0 | DE10: 0 | DF10: 0 | DG10: 0 | DH10: 0 | DI10: 0 | DJ10: 0 | DK10: 0 | DL10: 0 | DM10: 0 | DN10: 0 | DO10: 0 | DP10: 0 | DQ10: 0 | DR10: 0 | DS10: 0 | DT10: 0 | DU10: 0 | DV10: 0 | DW10: 0 | DX10: 0 | DY10: 0 | DZ10: 0 | EA10: 0 | EB10: 0 | EC10: 0 | ED10: 0 | EE10: 0 | EF10: 0 | EG10: 0 | EH10: 0 | EI10: 0 | EJ10: =SUMIF($N$6:$EI$6,"*"&EJ$6&"*",$N10:$EI10) -> 0 | EK10: =SUMIF($N$6:$EI$6,"*"&EK$6&"*",$N10:$EI10) -> 0 | EL10: =SUMIF($N$6:$EI$6,"*"&EL$6&"*",$N10:$EI10) -> 0 | EM10: =SUMIF($N$6:$EI$6,"*"&EM$6&"*",$N10:$EI10) -> 0 | EN10: =SUMIF($EJ$4:$EM$4,EN$6,$EJ10:$EM10) -> 0 | EO10: =SUMIF($EJ$4:$EM$4,EO$6,$EJ10:$EM10) -> 0 | EP10: =SUM(EN10:EO10) -> 0
A11: Region XI | B11: Mati City | C11: 304318 | D11: Libudon NHS | E11: DAVAO ORIENTAL | F11: CITY OF MATI (Capital) | G11: 2nd District | H11: LIBUDON | I11: School with no Annexes | J11: Public | K11: DepED Managed | L11: Grade 7-10 & Grade 11-12 | M11: JHS with SHS | N11: 0 | O11: 0 | P11: 0 | Q11: 0 | R11: 0 | S11: 0 | T11: 0 | U11: 0 | V11: 0 | W11: 0 | X11: 0 | Y11: 0 | Z11: 0 | AA11: 0 | AB11: 0 | AC11: 0 | AD11: 0 | AE11: 0 | AF11: 0 | AG11: 0 | AH11: 0 | AI11: 0 | AJ11: 0 | AK11: 0 | AL11: 0 | AM11: 0 | AN11: 0 | AO11: 0 | AP11: 0 | AQ11: 0 | AR11: 0 | AS11: 0 | AT11: 0 | AU11: 0 | AV11: 0 | AW11: 0 | AX11: 0 | AY11: 0 | AZ11: 0 | BA11: 0 | BB11: 0 | BC11: 0 | BD11: 0 | BE11: 0 | BF11: 0 | BG11: 0 | BH11: 0 | BI11: 0 | BJ11: 0 | BK11: 0 | BL11: 0 | BM11: 0 | BN11: 0 | BO11: 0 | BP11: 0 | BQ11: 0 | BR11: 0 | BS11: 0 | BT11: 0 | BU11: 0 | BV11: 0 | BW11: 0 | BX11: 0 | BY11: 1 | BZ11: 0 | CA11: 0 | CB11: 0 | CC11: 1 | CD11: 0 | CE11: 1 | CF11: 0 | CG11: 0 | CH11: 0 | CI11: 0 | CJ11: 0 | CK11: 0 | CL11: 0 | CM11: 0 | CN11: 0 | CO11: 0 | CP11: 0 | CQ11: 0 | CR11: 0 | CS11: 0 | CT11: 0 | CU11: 0 | CV11: 0 | CW11: 0 | CX11: 0 | CY11: 0 | CZ11: 0 | DA11: 0 | DB11: 0 | DC11: 0 | DD11: 0 | DE11: 0 | DF11: 0 | DG11: 0 | DH11: 0 | DI11: 0 | DJ11: 0 | DK11: 0 | DL11: 0 | DM11: 0 | DN11: 0 | DO11: 0 | DP11: 0 | DQ11: 0 | DR11: 0 | DS11: 0 | DT11: 0 | DU11: 0 | DV11: 0 | DW11: 0 | DX11: 0 | DY11: 0 | DZ11: 0 | EA11: 0 | EB11: 0 | EC11: 0 | ED11: 0 | EE11: 0 | EF11: 0 | EG11: 0 | EH11: 0 | EI11: 0 | EJ11: =SUMIF($N$6:$EI$6,"*"&EJ$6&"*",$N11:$EI11) -> 1 | EK11: =SUMIF($N$6:$EI$6,"*"&EK$6&"*",$N11:$EI11) -> 0 | EL11: =SUMIF($N$6:$EI$6,"*"&EL$6&"*",$N11:$EI11) -> 0 | EM11: =SUMIF($N$6:$EI$6,"*"&EM$6&"*",$N11:$EI11) -> 0 | EN11: =SUMIF($EJ$4:$EM$4,EN$6,$EJ11:$EM11) -> 1 | EO11: =SUMIF($EJ$4:$EM$4,EO$6,$EJ11:$EM11) -> 0 | EP11: =SUM(EN11:EO11) -> 1
A12: Region XI | B12: Mati City | C12: 304325 | D12: Mati National Comprehensive High School | E12: DAVAO ORIENTAL | F12: CITY OF MATI (Capital) | G12: 2nd District | H12: SAINZ | I12: School with no Annexes | J12: Public | K12: DepED Managed | L12: Grade 7-10 & Grade 11-12 | M12: JHS with SHS | N12: 0 | O12: 0 | P12: 0 | Q12: 0 | R12: 0 | S12: 0 | T12: 0 | U12: 0 | V12: 0 | W12: 0 | X12: 0 | Y12: 0 | Z12: 0 | AA12: 0 | AB12: 0 | AC12: 0 | AD12: 0 | AE12: 0 | AF12: 0 | AG12: 0 | AH12: 0 | AI12: 0 | AJ12: 0 | AK12: 0 | AL12: 0 | AM12: 0 | AN12: 0 | AO12: 0 | AP12: 0 | AQ12: 0 | AR12: 0 | AS12: 0 | AT12: 0 | AU12: 0 | AV12: 0 | AW12: 0 | AX12: 0 | AY12: 0 | AZ12: 0 | BA12: 0 | BB12: 0 | BC12: 0 | BD12: 0 | BE12: 0 | BF12: 0 | BG12: 0 | BH12: 0 | BI12: 0 | BJ12: 0 | BK12: 0 | BL12: 0 | BM12: 0 | BN12: 0 | BO12: 0 | BP12: 0 | BQ12: 0 | BR12: 0 | BS12: 0 | BT12: 0 | BU12: 0 | BV12: 0 | BW12: 0 | BX12: 0 | BY12: 0 | BZ12: 0 | CA12: 0 | CB12: 0 | CC12: 0 | CD12: 0 | CE12: 0 | CF12: 0 | CG12: 0 | CH12: 0 | CI12: 0 | CJ12: 0 | CK12: 0 | CL12: 0 | CM12: 0 | CN12: 0 | CO12: 0 | CP12: 0 | CQ12: 0 | CR12: 0 | CS12: 0 | CT12: 0 | CU12: 0 | CV12: 0 | CW12: 0 | CX12: 0 | CY12: 0 | CZ12: 0 | DA12: 0 | DB12: 0 | DC12: 0 | DD12: 0 | DE12: 0 | DF12: 0 | DG12: 0 | DH12: 0 | DI12: 0 | DJ12: 0 | DK12: 0 | DL12: 0 | DM12: 0 | DN12: 0 | DO12: 0 | DP12: 0 | DQ12: 0 | DR12: 0 | DS12: 0 | DT12: 0 | DU12: 0 | DV12: 0 | DW12: 0 | DX12: 0 | DY12: 0 | DZ12: 0 | EA12: 0 | EB12: 0 | EC12: 0 | ED12: 0 | EE12: 0 | EF12: 0 | EG12: 0 | EH12: 0 | EI12: 0 | EJ12: =SUMIF($N$6:$EI$6,"*"&EJ$6&"*",$N12:$EI12) -> 0 | EK12: =SUMIF($N$6:$EI$6,"*"&EK$6&"*",$N12:$EI12) -> 0 | EL12: =SUMIF($N$6:$EI$6,"*"&EL$6&"*",$N12:$EI12) -> 0 | EM12: =SUMIF($N$6:$EI$6,"*"&EM$6&"*",$N12:$EI12) -> 0 | EN12: =SUMIF($EJ$4:$EM$4,EN$6,$EJ12:$EM12) -> 0 | EO12: =SUMIF($EJ$4:$EM$4,EO$6,$EJ12:$EM12) -> 0 | EP12: =SUM(EN12:EO12) -> 0
A13: Region XI | B13: Mati City | C13: 304326 | D13: Mati SAT | E13: DAVAO ORIENTAL | F13: CITY OF MATI (Capital) | G13: 2nd District | H13: SAINZ | I13: School with no Annexes | J13: Public | K13: DepED Managed | L13: Grade 7-10 & Grade 11-12 | M13: JHS with SHS | N13: 0 | O13: 0 | P13: 0 | Q13: 0 | R13: 0 | S13: 0 | T13: 0 | U13: 0 | V13: 0 | W13: 0 | X13: 0 | Y13: 0 | Z13: 0 | AA13: 0 | AB13: 0 | AC13: 0 | AD13: 0 | AE13: 0 | AF13: 0 | AG13: 0 | AH13: 0 | AI13: 0 | AJ13: 0 | AK13: 0 | AL13: 0 | AM13: 0 | AN13: 0 | AO13: 0 | AP13: 0 | AQ13: 0 | AR13: 0 | AS13: 0 | AT13: 0 | AU13: 0 | AV13: 0 | AW13: 0 | AX13: 0 | AY13: 0 | AZ13: 0 | BA13: 0 | BB13: 0 | BC13: 0 | BD13: 0 | BE13: 0 | BF13: 0 | BG13: 0 | BH13: 0 | BI13: 0 | BJ13: 0 | BK13: 0 | BL13: 0 | BM13: 0 | BN13: 0 | BO13: 0 | BP13: 0 | BQ13: 0 | BR13: 0 | BS13: 0 | BT13: 0 | BU13: 0 | BV13: 0 | BW13: 0 | BX13: 0 | BY13: 1 | BZ13: 0 | CA13: 1 | CB13: 0 | CC13: 2 | CD13: 0 | CE13: 2 | CF13: 0 | CG13: 0 | CH13: 0 | CI13: 0 | CJ13: 0 | CK13: 0 | CL13: 0 | CM13: 0 | CN13: 0 | CO13: 0 | CP13: 0 | CQ13: 0 | CR13: 0 | CS13: 0 | CT13: 0 | CU13: 0 | CV13: 0 | CW13: 0 | CX13: 0 | CY13: 0 | CZ13: 0 | DA13: 0 | DB13: 0 | DC13: 0 | DD13: 0 | DE13: 0 | DF13: 0 | DG13: 0 | DH13: 2 | DI13: 2 | DJ13: 1 | DK13: 0 | DL13: 3 | DM13: 2 | DN13: 5 | DO13: 0 | DP13: 0 | DQ13: 0 | DR13: 0 | DS13: 0 | DT13: 0 | DU13: 0 | DV13: 0 | DW13: 0 | DX13: 0 | DY13: 0 | DZ13: 0 | EA13: 0 | EB13: 0 | EC13: 0 | ED13: 0 | EE13: 0 | EF13: 0 | EG13: 0 | EH13: 0 | EI13: 0 | EJ13: =SUMIF($N$6:$EI$6,"*"&EJ$6&"*",$N13:$EI13) -> 3 | EK13: =SUMIF($N$6:$EI$6,"*"&EK$6&"*",$N13:$EI13) -> 2 | EL13: =SUMIF($N$6:$EI$6,"*"&EL$6&"*",$N13:$EI13) -> 2 | EM13: =SUMIF($N$6:$EI$6,"*"&EM$6&"*",$N13:$EI13) -> 0 | EN13: =SUMIF($EJ$4:$EM$4,EN$6,$EJ13:$EM13) -> 5 | EO13: =SUMIF($EJ$4:$EM$4,EO$6,$EJ13:$EM13) -> 2 | EP13: =SUM(EN13:EO13) -> 7
A14: Region XI | B14: Mati City | C14: 304327 | D14: Matiao NHS | E14: DAVAO ORIENTAL | F14: CITY OF MATI (Capital) | G14: 2nd District | H14: MATIAO | I14: School with no Annexes | J14: Public | K14: DepED Managed | L14: Grade 7-10 & Grade 11-12 | M14: JHS with SHS | N14: 0 | O14: 0 | P14: 0 | Q14: 0 | R14: 0 | S14: 0 | T14: 0 | U14: 0 | V14: 0 | W14: 0 | X14: 0 | Y14: 0 | Z14: 0 | AA14: 0 | AB14: 0 | AC14: 0 | AD14: 0 | AE14: 0 | AF14: 0 | AG14: 0 | AH14: 0 | AI14: 0 | AJ14: 0 | AK14: 0 | AL14: 0 | AM14: 0 | AN14: 0 | AO14: 0 | AP14: 0 | AQ14: 0 | AR14: 0 | AS14: 0 | AT14: 0 | AU14: 0 | AV14: 0 | AW14: 0 | AX14: 0 | AY14: 0 | AZ14: 0 | BA14: 0 | BB14: 0 | BC14: 0 | BD14: 0 | BE14: 0 | BF14: 0 | BG14: 0 | BH14: 0 | BI14: 0 | BJ14: 0 | BK14: 0 | BL14: 0 | BM14: 0 | BN14: 0 | BO14: 0 | BP14: 0 | BQ14: 0 | BR14: 0 | BS14: 0 | BT14: 0 | BU14: 0 | BV14: 0 | BW14: 0 | BX14: 0 | BY14: 0 | BZ14: 0 | CA14: 0 | CB14: 0 | CC14: 0 | CD14: 0 | CE14: 0 | CF14: 0 | CG14: 0 | CH14: 0 | CI14: 0 | CJ14: 0 | CK14: 0 | CL14: 0 | CM14: 0 | CN14: 0 | CO14: 0 | CP14: 0 | CQ14: 0 | CR14: 0 | CS14: 0 | CT14: 0 | CU14: 0 | CV14: 0 | CW14: 0 | CX14: 0 | CY14: 0 | CZ14: 0 | DA14: 0 | DB14: 0 | DC14: 0 | DD14: 0 | DE14: 0 | DF14: 0 | DG14: 0 | DH14: 0 | DI14: 0 | DJ14: 0 | DK14: 0 | DL14: 0 | DM14: 0 | DN14: 0 | DO14: 0 | DP14: 0 | DQ14: 0 | DR14: 0 | DS14: 0 | DT14: 0 | DU14: 0 | DV14: 0 | DW14: 0 | DX14: 0 | DY14: 0 | DZ14: 0 | EA14: 0 | EB14: 0 | EC14: 0 | ED14: 0 | EE14: 0 | EF14: 0 | EG14: 0 | EH14: 0 | EI14: 0 | EJ14: =SUMIF($N$6:$EI$6,"*"&EJ$6&"*",$N14:$EI14) -> 0 | EK14: =SUMIF($N$6:$EI$6,"*"&EK$6&"*",$N14:$EI14) -> 0 | EL14: =SUMIF($N$6:$EI$6,"*"&EL$6&"*",$N14:$EI14) -> 0 | EM14: =SUMIF($N$6:$EI$6,"*"&EM$6&"*",$N14:$EI14) -> 0 | EN14: =SUMIF($EJ$4:$EM$4,EN$6,$EJ14:$EM14) -> 0 | EO14: =SUMIF($EJ$4:$EM$4,EO$6,$EJ14:$EM14) -> 0 | EP14: =SUM(EN14:EO14) -> 0
A15: Region XI | B15: Mati City | C15: 304328 | D15: Davao Oriental Regional Science High School | E15: DAVAO ORIENTAL | F15: CITY OF MATI (Capital) | G15: 2nd District | H15: DAHICAN | I15: School with no Annexes | J15: Public | K15: DepED Managed | L15: Grade 7-10 & Grade 11-12 | M15: JHS with SHS | N15: 0 | O15: 0 | P15: 0 | Q15: 0 | R15: 0 | S15: 0 | T15: 0 | U15: 0 | V15: 0 | W15: 0 | X15: 0 | Y15: 0 | Z15: 0 | AA15: 0 | AB15: 0 | AC15: 0 | AD15: 0 | AE15: 0 | AF15: 0 | AG15: 0 | AH15: 0 | AI15: 0 | AJ15: 0 | AK15: 0 | AL15: 0 | AM15: 0 | AN15: 0 | AO15: 0 | AP15: 0 | AQ15: 0 | AR15: 0 | AS15: 0 | AT15: 0 | AU15: 0 | AV15: 0 | AW15: 0 | AX15: 0 | AY15: 0 | AZ15: 0 | BA15: 0 | BB15: 0 | BC15: 0 | BD15: 0 | BE15: 0 | BF15: 0 | BG15: 0 | BH15: 0 | BI15: 0 | BJ15: 0 | BK15: 0 | BL15: 0 | BM15: 0 | BN15: 0 | BO15: 0 | BP15: 0 | BQ15: 0 | BR15: 0 | BS15: 0 | BT15: 0 | BU15: 0 | BV15: 0 | BW15: 0 | BX15: 0 | BY15: 0 | BZ15: 0 | CA15: 0 | CB15: 0 | CC15: 0 | CD15: 0 | CE15: 0 | CF15: 0 | CG15: 0 | CH15: 0 | CI15: 0 | CJ15: 0 | CK15: 0 | CL15: 0 | CM15: 0 | CN15: 0 | CO15: 0 | CP15: 0 | CQ15: 0 | CR15: 0 | CS15: 0 | CT15: 0 | CU15: 0 | CV15: 0 | CW15: 0 | CX15: 0 | CY15: 0 | CZ15: 0 | DA15: 0 | DB15: 0 | DC15: 0 | DD15: 0 | DE15: 0 | DF15: 0 | DG15: 0 | DH15: 0 | DI15: 0 | DJ15: 0 | DK15: 0 | DL15: 0 | DM15: 0 | DN15: 0 | DO15: 0 | DP15: 0 | DQ15: 0 | DR15: 0 | DS15: 0 | DT15: 0 | DU15: 0 | DV15: 0 | DW15: 0 | DX15: 0 | DY15: 0 | DZ15: 0 | EA15: 0 | EB15: 0 | EC15: 0 | ED15: 0 | EE15: 0 | EF15: 0 | EG15: 0 | EH15: 0 | EI15: 0 | EJ15: =SUMIF($N$6:$EI$6,"*"&EJ$6&"*",$N15:$EI15) -> 0 | EK15: =SUMIF($N$6:$EI$6,"*"&EK$6&"*",$N15:$EI15) -> 0 | EL15: =SUMIF($N$6:$EI$6,"*"&EL$6&"*",$N15:$EI15) -> 0 | EM15: =SUMIF($N$6:$EI$6,"*"&EM$6&"*",$N15:$EI15) -> 0 | EN15: =SUMIF($EJ$4:$EM$4,EN$6,$EJ15:$EM15) -> 0 | EO15: =SUMIF($EJ$4:$EM$4,EO$6,$EJ15:$EM15) -> 0 | EP15: =SUM(EN15:EO15) -> 0
A16: Region XI | B16: Mati City | C16: 304338 | D16: Taguibo Agri. Voc. High School | E16: DAVAO ORIENTAL | F16: CITY OF MATI (Capital) | G16: 2nd District | H16: TAGUIBO | I16: School with no Annexes | J16: Public | K16: DepED Managed | L16: Grade 7-10 & Grade 11-12 | M16: JHS with SHS | N16: 0 | O16: 0 | P16: 0 | Q16: 0 | R16: 0 | S16: 0 | T16: 0 | U16: 0 | V16: 0 | W16: 0 | X16: 0 | Y16: 0 | Z16: 0 | AA16: 0 | AB16: 0 | AC16: 0 | AD16: 0 | AE16: 0 | AF16: 0 | AG16: 0 | AH16: 0 | AI16: 0 | AJ16: 0 | AK16: 0 | AL16: 0 | AM16: 0 | AN16: 0 | AO16: 0 | AP16: 0 | AQ16: 0 | AR16: 0 | AS16: 0 | AT16: 0 | AU16: 0 | AV16: 0 | AW16: 0 | AX16: 0 | AY16: 0 | AZ16: 0 | BA16: 0 | BB16: 0 | BC16: 0 | BD16: 0 | BE16: 0 | BF16: 0 | BG16: 0 | BH16: 0 | BI16: 0 | BJ16: 0 | BK16: 0 | BL16: 0 | BM16: 0 | BN16: 0 | BO16: 0 | BP16: 0 | BQ16: 0 | BR16: 0 | BS16: 0 | BT16: 0 | BU16: 0 | BV16: 0 | BW16: 0 | BX16: 0 | BY16: 0 | BZ16: 0 | CA16: 0 | CB16: 0 | CC16: 0 | CD16: 0 | CE16: 0 | CF16: 0 | CG16: 0 | CH16: 0 | CI16: 0 | CJ16: 0 | CK16: 0 | CL16: 0 | CM16: 0 | CN16: 0 | CO16: 0 | CP16: 0 | CQ16: 0 | CR16: 0 | CS16: 0 | CT16: 0 | CU16: 0 | CV16: 0 | CW16: 0 | CX16: 0 | CY16: 0 | CZ16: 0 | DA16: 0 | DB16: 0 | DC16: 0 | DD16: 0 | DE16: 0 | DF16: 0 | DG16: 0 | DH16: 0 | DI16: 0 | DJ16: 0 | DK16: 0 | DL16: 0 | DM16: 0 | DN16: 0 | DO16: 0 | DP16: 0 | DQ16: 0 | DR16: 0 | DS16: 0 | DT16: 0 | DU16: 0 | DV16: 0 | DW16: 0 | DX16: 0 | DY16: 0 | DZ16: 0 | EA16: 0 | EB16: 0 | EC16: 0 | ED16: 0 | EE16: 0 | EF16: 0 | EG16: 0 | EH16: 0 | EI16: 0 | EJ16: =SUMIF($N$6:$EI$6,"*"&EJ$6&"*",$N16:$EI16) -> 0 | EK16: =SUMIF($N$6:$EI$6,"*"&EK$6&"*",$N16:$EI16) -> 0 | EL16: =SUMIF($N$6:$EI$6,"*"&EL$6&"*",$N16:$EI16) -> 0 | EM16: =SUMIF($N$6:$EI$6,"*"&EM$6&"*",$N16:$EI16) -> 0 | EN16: =SUMIF($EJ$4:$EM$4,EN$6,$EJ16:$EM16) -> 0 | EO16: =SUMIF($EJ$4:$EM$4,EO$6,$EJ16:$EM16) -> 0 | EP16: =SUM(EN16:EO16) -> 0
A17: Region XI | B17: Mati City | C17: 316104 | D17: Don Salvador Lopez NHS | E17: DAVAO ORIENTAL | F17: CITY OF MATI (Capital) | G17: 2nd District | H17: DON SALVADOR LOPEZ, SR. | I17: School with no Annexes | J17: Public | K17: DepED Managed | L17: Grade 7-10 & Grade 11-12 | M17: JHS with SHS | N17: 0 | O17: 0 | P17: 0 | Q17: 0 | R17: 0 | S17: 0 | T17: 0 | U17: 0 | V17: 0 | W17: 0 | X17: 0 | Y17: 0 | Z17: 0 | AA17: 0 | AB17: 0 | AC17: 0 | AD17: 0 | AE17: 0 | AF17: 0 | AG17: 0 | AH17: 0 | AI17: 0 | AJ17: 0 | AK17: 0 | AL17: 0 | AM17: 0 | AN17: 0 | AO17: 0 | AP17: 0 | AQ17: 0 | AR17: 0 | AS17: 0 | AT17: 0 | AU17: 0 | AV17: 0 | AW17: 0 | AX17: 0 | AY17: 0 | AZ17: 0 | BA17: 0 | BB17: 0 | BC17: 0 | BD17: 0 | BE17: 0 | BF17: 0 | BG17: 0 | BH17: 0 | BI17: 0 | BJ17: 0 | BK17: 0 | BL17: 0 | BM17: 0 | BN17: 0 | BO17: 0 | BP17: 0 | BQ17: 0 | BR17: 0 | BS17: 0 | BT17: 0 | BU17: 0 | BV17: 0 | BW17: 0 | BX17: 0 | BY17: 1 | BZ17: 0 | CA17: 0 | CB17: 0 | CC17: 1 | CD17: 0 | CE17: 1 | CF17: 0 | CG17: 0 | CH17: 0 | CI17: 0 | CJ17: 0 | CK17: 0 | CL17: 0 | CM17: 0 | CN17: 0 | CO17: 0 | CP17: 0 | CQ17: 0 | CR17: 0 | CS17: 0 | CT17: 0 | CU17: 0 | CV17: 0 | CW17: 0 | CX17: 0 | CY17: 0 | CZ17: 0 | DA17: 0 | DB17: 0 | DC17: 0 | DD17: 0 | DE17: 0 | DF17: 0 | DG17: 0 | DH17: 0 | DI17: 0 | DJ17: 0 | DK17: 0 | DL17: 0 | DM17: 0 | DN17: 0 | DO17: 0 | DP17: 0 | DQ17: 0 | DR17: 0 | DS17: 0 | DT17: 0 | DU17: 0 | DV17: 0 | DW17: 0 | DX17: 0 | DY17: 0 | DZ17: 0 | EA17: 0 | EB17: 0 | EC17: 0 | ED17: 0 | EE17: 0 | EF17: 0 | EG17: 0 | EH17: 0 | EI17: 0 | EJ17: =SUMIF($N$6:$EI$6,"*"&EJ$6&"*",$N17:$EI17) -> 1 | EK17: =SUMIF($N$6:$EI$6,"*"&EK$6&"*",$N17:$EI17) -> 0 | EL17: =SUMIF($N$6:$EI$6,"*"&EL$6&"*",$N17:$EI17) -> 0 | EM17: =SUMIF($N$6:$EI$6,"*"&EM$6&"*",$N17:$EI17) -> 0 | EN17: =SUMIF($EJ$4:$EM$4,EN$6,$EJ17:$EM17) -> 1 | EO17: =SUMIF($EJ$4:$EM$4,EO$6,$EJ17:$EM17) -> 0 | EP17: =SUM(EN17:EO17) -> 1
A18: Region XI | B18: Mati City | C18: 325102 | D18: Lawigan National High School | E18: DAVAO ORIENTAL | F18: CITY OF MATI (Capital) | G18: 2nd District | H18: LAWIGAN | I18: School with no Annexes | J18: Public | K18: DepED Managed | L18: Grade 7-10 & Grade 11-12 | M18: JHS with SHS | N18: 0 | O18: 0 | P18: 0 | Q18: 0 | R18: 0 | S18: 0 | T18: 0 | U18: 0 | V18: 0 | W18: 0 | X18: 0 | Y18: 0 | Z18: 0 | AA18: 0 | AB18: 0 | AC18: 0 | AD18: 0 | AE18: 0 | AF18: 0 | AG18: 0 | AH18: 0 | AI18: 0 | AJ18: 1 | AK18: 0 | AL18: 0 | AM18: 0 | AN18: 1 | AO18: 1 | AP18: 0 | AQ18: 0 | AR18: 0 | AS18: 0 | AT18: 0 | AU18: 0 | AV18: 0 | AW18: 0 | AX18: 0 | AY18: 0 | AZ18: 0 | BA18: 0 | BB18: 0 | BC18: 0 | BD18: 0 | BE18: 0 | BF18: 0 | BG18: 0 | BH18: 0 | BI18: 0 | BJ18: 0 | BK18: 0 | BL18: 0 | BM18: 0 | BN18: 0 | BO18: 0 | BP18: 0 | BQ18: 0 | BR18: 0 | BS18: 0 | BT18: 0 | BU18: 0 | BV18: 0 | BW18: 0 | BX18: 0 | BY18: 0 | BZ18: 0 | CA18: 0 | CB18: 0 | CC18: 0 | CD18: 0 | CE18: 0 | CF18: 0 | CG18: 0 | CH18: 0 | CI18: 0 | CJ18: 0 | CK18: 0 | CL18: 0 | CM18: 0 | CN18: 0 | CO18: 0 | CP18: 0 | CQ18: 0 | CR18: 0 | CS18: 0 | CT18: 0 | CU18: 0 | CV18: 0 | CW18: 0 | CX18: 0 | CY18: 0 | CZ18: 0 | DA18: 0 | DB18: 0 | DC18: 0 | DD18: 0 | DE18: 0 | DF18: 0 | DG18: 0 | DH18: 0 | DI18: 0 | DJ18: 0 | DK18: 0 | DL18: 0 | DM18: 0 | DN18: 0 | DO18: 0 | DP18: 0 | DQ18: 0 | DR18: 0 | DS18: 0 | DT18: 0 | DU18: 0 | DV18: 0 | DW18: 0 | DX18: 0 | DY18: 0 | DZ18: 0 | EA18: 0 | EB18: 0 | EC18: 0 | ED18: 0 | EE18: 0 | EF18: 0 | EG18: 0 | EH18: 0 | EI18: 0 | EJ18: =SUMIF($N$6:$EI$6,"*"&EJ$6&"*",$N18:$EI18) -> 0 | EK18: =SUMIF($N$6:$EI$6,"*"&EK$6&"*",$N18:$EI18) -> 1 | EL18: =SUMIF($N$6:$EI$6,"*"&EL$6&"*",$N18:$EI18) -> 0 | EM18: =SUMIF($N$6:$EI$6,"*"&EM$6&"*",$N18:$EI18) -> 0 | EN18: =SUMIF($EJ$4:$EM$4,EN$6,$EJ18:$EM18) -> 0 | EO18: =SUMIF($EJ$4:$EM$4,EO$6,$EJ18:$EM18) -> 1 | EP18: =SUM(EN18:EO18) -> 1
... A29: Region XI | B29: Mati City | C29: 500454 | D29: Licop Integrated School | E29: DAVAO ORIENTAL | F29: CITY OF MATI (Capital) | G29: 2nd District | H29: SAINZ | I29: School with no Annexes | J29: Public | K29: DepED Managed | L29: Kinder, Grade 1-6, Grade 7-10 & Grade 11-12 | M29: All Offering | N29: 0 | O29: 0 | P29: 0 | Q29: 0 | R29: 0 | S29: 0 | T29: 0 | U29: 0 | V29: 0 | W29: 0 | X29: 0 | Y29: 0 | Z29: 0 | AA29: 0 | AB29: 0 | AC29: 0 | AD29: 0 | AE29: 0 | AF29: 0 | AG29: 0 | AH29: 0 | AI29: 0 | AJ29: 0 | AK29: 0 | AL29: 0 | AM29: 0 | AN29: 0 | AO29: 0 | AP29: 0 | AQ29: 0 | AR29: 0 | AS29: 0 | AT29: 0 | AU29: 0 | AV29: 0 | AW29: 0 | AX29: 0 | AY29: 0 | AZ29: 0 | BA29: 0 | BB29: 0 | BC29: 0 | BD29: 0 | BE29: 0 | BF29: 0 | BG29: 0 | BH29: 0 | BI29: 0 | BJ29: 0 | BK29: 0 | BL29: 0 | BM29: 0 | BN29: 0 | BO29: 0 | BP29: 0 | BQ29: 0 | BR29: 0 | BS29: 0 | BT29: 0 | BU29: 0 | BV29: 0 | BW29: 0 | BX29: 0 | BY29: 0 | BZ29: 0 | CA29: 0 | CB29: 0 | CC29: 0 | CD29: 0 | CE29: 0 | CF29: 0 | CG29: 0 | CH29: 0 | CI29: 0 | CJ29: 0 | CK29: 0 | CL29: 0 | CM29: 0 | CN29: 0 | CO29: 0 | CP29: 0 | CQ29: 0 | CR29: 0 | CS29: 0 | CT29: 0 | CU29: 0 | CV29: 0 | CW29: 0 | CX29: 0 | CY29: 0 | CZ29: 0 | DA29: 0 | DB29: 0 | DC29: 0 | DD29: 0 | DE29: 0 | DF29: 0 | DG29: 0 | DH29: 0 | DI29: 0 | DJ29: 0 | DK29: 0 | DL29: 0 | DM29: 0 | DN29: 0 | DO29: 0 | DP29: 0 | DQ29: 0 | DR29: 0 | DS29: 0 | DT29: 0 | DU29: 0 | DV29: 0 | DW29: 0 | DX29: 0 | DY29: 0 | DZ29: 0 | EA29: 0 | EB29: 0 | EC29: 0 | ED29: 0 | EE29: 0 | EF29: 0 | EG29: 0 | EH29: 0 | EI29: 0 | EJ29: =SUMIF($N$6:$EI$6,"*"&EJ$6&"*",$N29:$EI29) -> 0 | EK29: =SUMIF($N$6:$EI$6,"*"&EK$6&"*",$N29:$EI29) -> 0 | EL29: =SUMIF($N$6:$EI$6,"*"&EL$6&"*",$N29:$EI29) -> 0 | EM29: =SUMIF($N$6:$EI$6,"*"&EM$6&"*",$N29:$EI29) -> 0 | EN29: =SUMIF($EJ$4:$EM$4,EN$6,$EJ29:$EM29) -> 0 | EO29: =SUMIF($EJ$4:$EM$4,EO$6,$EJ29:$EM29) -> 0 | EP29: =SUM(EN29:EO29) -> 0

Sheet Summary
A1: EOSY Number of Dropout, by Causes
A2: SY 2019-2020
A3: Based on LIS, as of November 28, 2020
B5: Overall | M5: Davao City
C6: REGION XI_ES | F6: REGION XI_JHS | I6: REGION XI_SHS | M6: Davao De Oro
C7: Male | D7: Female | E7: Total | F7: Male | G7: Female | H7: Total | I7: Male | J7: Female | K7: Total | M7: Davao del Norte
B8: Had to Take Care Siblings | C8: =C31+C54 -> 0 | D8: =D31+D54 -> 0 | E8: =SUM(C8:D8) -> 0 | F8: =F31+F54 -> 4 | G8: =G31+G54 -> 1 | H8: =SUM(F8:G8) -> 5 | I8: =I31+I54 -> 0 | J8: =J31+J54 -> 0 | K8: =SUM(I8:J8) -> 0 | M8: Davao del Sur
B9: Early Marriage/Pregnancy | C9: =C32+C55 -> 1 | D9: =D32+D55 -> 0 | E9: =SUM(C9:D9) -> 1 | F9: =F32+F55 -> 3 | G9: =G32+G55 -> 11 | H9: =SUM(F9:G9) -> 14 | I9: =I32+I55 -> 0 | J9: =J32+J55 -> 0 | K9: =SUM(I9:J9) -> 0 | M9: Davao Occidental
B10: Parents Attitude Toward Schooling | C10: =C33+C56 -> 40 | D10: =D33+D56 -> 22 | E10: =SUM(C10:D10) -> 62 | F10: =F33+F56 -> 0 | G10: =G33+G56 -> 1 | H10: =SUM(F10:G10) -> 1 | I10: =I33+I56 -> 0 | J10: =J33+J56 -> 0 | K10: =SUM(I10:J10) -> 0 | M10: Davao Oriental
B11: Family problems/Feuds | C11: =C34+C57 -> 67 | D11: =D34+D57 -> 33 | E11: =SUM(C11:D11) -> 100 | F11: =F34+F57 -> 43 | G11: =G34+G57 -> 37 | H11: =SUM(F11:G11) -> 80 | I11: =I34+I57 -> 0 | J11: =J34+J57 -> 1 | K11: =SUM(I11:J11) -> 1 | M11: Digos City
B12: Illness | C12: =C35+C58 -> 13 | D12: =D35+D58 -> 8 | E12: =SUM(C12:D12) -> 21 | F12: =F35+F58 -> 19 | G12: =G35+G58 -> 10 | H12: =SUM(F12:G12) -> 29 | I12: =I35+I58 -> 0 | J12: =J35+J58 -> 0 | K12: =SUM(I12:J12) -> 0 | M12: Island Garden City of Samal
B13: Overage | C13: =C36+C59 -> 2 | D13: =D36+D59 -> 1 | E13: =SUM(C13:D13) -> 3 | F13: =F36+F59 -> 2 | G13: =G36+G59 -> 0 | H13: =SUM(F13:G13) -> 2 | I13: =I36+I59 -> 0 | J13: =J36+J59 -> 0 | K13: =SUM(I13:J13) -> 0 | M13: Mati City
B14: Drug Abuse | C14: =C37+C60 -> 0 | D14: =D37+D60 -> 0 | E14: =SUM(C14:D14) -> 0 | F14: =F37+F60 -> 0 | G14: =G37+G60 -> 0 | H14: =SUM(F14:G14) -> 0 | I14: =I37+I60 -> 0 | J14: =J37+J60 -> 0 | K14: =SUM(I14:J14) -> 0 | M14: Panabo City
B15: Poor Academic Performance | C15: =C38+C61 -> 8 | D15: =D38+D61 -> 3 | E15: =SUM(C15:D15) -> 11 | F15: =F38+F61 -> 6 | G15: =G38+G61 -> 0 | H15: =SUM(F15:G15) -> 6 | I15: =I38+I61 -> 0 | J15: =J38+J61 -> 0 | K15: =SUM(I15:J15) -> 0 | M15: Tagum City
B16: Lack of interest/Distractions | C16: =C39+C62 -> 131 | D16: =D39+D62 -> 36 | E16: =SUM(C16:D16) -> 167 | F16: =F39+F62 -> 151 | G16: =G39+G62 -> 48 | H16: =SUM(F16:G16) -> 199 | I16: =I39+I62 -> 7 | J16: =J39+J62 -> 1 | K16: =SUM(I16:J16) -> 8
B17: Hunger/Malnutrition | C17: =C40+C63 -> 0 | D17: =D40+D63 -> 0 | E17: =SUM(C17:D17) -> 0 | F17: =F40+F63 -> 1 | G17: =G40+G63 -> 0 | H17: =SUM(F17:G17) -> 1 | I17: =I40+I63 -> 0 | J17: =J40+J63 -> 0 | K17: =SUM(I17:J17) -> 0
B18: Teacher Factors | C18: =C41+C64 -> 0 | D18: =D41+D64 -> 0 | E18: =SUM(C18:D18) -> 0 | F18: =F41+F64 -> 0 | G18: =G41+G64 -> 0 | H18: =SUM(F18:G18) -> 0 | I18: =I41+I64 -> 0 | J18: =J41+J64 -> 0 | K18: =SUM(I18:J18) -> 0
B19: Physical Conditions of Classrooms | C19: =C42+C65 -> 0 | D19: =D42+D65 -> 0 | E19: =SUM(C19:D19) -> 0 | F19: =F42+F65 -> 0 | G19: =G42+G65 -> 0 | H19: =SUM(F19:G19) -> 0 | I19: =I42+I65 -> 0 | J19: =J42+J65 -> 0 | K19: =SUM(I19:J19) -> 0
B20: Peer Influences | C20: =C43+C66 -> 0 | D20: =D43+D66 -> 0 | E20: =SUM(C20:D20) -> 0 | F20: =F43+F66 -> 14 | G20: =G43+G66 -> 2 | H20: =SUM(F20:G20) -> 16 | I20: =I43+I66 -> 2 | J20: =J43+J66 -> 0 | K20: =SUM(I20:J20) -> 2
B21: Distance between Home and School | C21: =C44+C67 -> 20 | D21: =D44+D67 -> 16 | E21: =SUM(C21:D21) -> 36 | F21: =F44+F67 -> 37 | G21: =G44+G67 -> 13 | H21: =SUM(F21:G21) -> 50 | I21: =I44+I67 -> 3 | J21: =J44+J67 -> 2 | K21: =SUM(I21:J21) -> 5
B22: Armed Conflict | C22: =C45+C68 -> 0 | D22: =D45+D68 -> 0 | E22: =SUM(C22:D22) -> 0 | F22: =F45+F68 -> 0 | G22: =G45+G68 -> 0 | H22: =SUM(F22:G22) -> 0 | I22: =I45+I68 -> 0 | J22: =J45+J68 -> 0 | K22: =SUM(I22:J22) -> 0
B23: Calamities/Disasters | C23: =C46+C69 -> 0 | D23: =D46+D69 -> 0 | E23: =SUM(C23:D23) -> 0 | F23: =F46+F69 -> 0 | G23: =G46+G69 -> 0 | H23: =SUM(F23:G23) -> 0 | I23: =I46+I69 -> 0 | J23: =J46+J69 -> 0 | K23: =SUM(I23:J23) -> 0
B24: Child Labor, Work | C24: =C47+C70 -> 7 | D24: =D47+D70 -> 1 | E24: =SUM(C24:D24) -> 8 | F24: =F47+F70 -> 9 | G24: =G47+G70 -> 2 | H24: =SUM(F24:G24) -> 11 | I24: =I47+I70 -> 2 | J24: =J47+J70 -> 1 | K24: =SUM(I24:J24) -> 3
B25: Death | C25: =C48+C71 -> 3 | D25: =D48+D71 -> 5 | E25: =SUM(C25:D25) -> 8 | F25: =F48+F71 -> 2 | G25: =G48+G71 -> 0 | H25: =SUM(F25:G25) -> 2 | I25: =I48+I71 -> 0 | J25: =J48+J71 -> 0 | K25: =SUM(I25:J25) -> 0
B26: REGION XI | C26: =SUM(C8:C25) -> 292 | D26: =SUM(D8:D25) -> 125 | E26: =SUM(E8:E25) -> 417 | F26: =SUM(F8:F25) -> 291 | G26: =SUM(G8:G25) -> 125 | H26: =SUM(H8:H25) -> 416 | I26: =SUM(I8:I25) -> 14 | J26: =SUM(J8:J25) -> 5 | K26: =SUM(K8:K25) -> 19
B28: Public
C29: REGION XI_ES | F29: REGION XI_JHS | I29: REGION XI_SHS
C30: Male | D30: Female | E30: Total | F30: Male | G30: Female | H30: Total | I30: Male | J30: Female | K30: Total
B31: Had to Take Care Siblings | C31: =IF(ISBLANK($H$4),SUMIF(ES!$J$8:$J$74,Summary!$B$28,ES!AD$8:AD$74),SUMIFS(ES!AD$8:AD$74,ES!$B$8:$B$74,Summary!$H$4,ES!$J$8:$J$74,Summary!$B$28)) -> 0 | D31: =IF(ISBLANK($H$4),SUMIF(ES!$J$8:$J$74,Summary!$B$28,ES!AE$8:AE$74),SUMIFS(ES!AE$8:AE$74,ES!$B$8:$B$74,Summary!$H$4,ES!$J$8:$J$74,Summary!$B$28)) -> 0 | E31: =SUM(C31:D31) -> 0 | F31: =IF(ISBLANK($H$4),SUMIF(JHS!$J$7:$J$1510,Summary!$B$28,JHS!V$7:V$1510),SUMIFS(JHS!V$7:V$1510,JHS!$B$7:$B$1510,Summary!$H$4,JHS!$J$7:$J$1510,Summary!$B$28)) -> 4 | G31: =IF(ISBLANK($H$4),SUMIF(JHS!$J$7:$J$1510,Summary!$B$28,JHS!W$7:W$1510),SUMIFS(JHS!W$7:W$1510,JHS!$B$7:$B$1510,Summary!$H$4,JHS!$J$7:$J$1510,Summary!$B$28)) -> 1 | H31: =SUM(F31:G31) -> 5 | I31: =IF(ISBLANK($H$4),SUMIF(SHS!$J$7:$J$29,Summary!$B$28,SHS!R$7:R$29),SUMIFS(SHS!R$7:R$29,SHS!$B$7:$B$29,Summary!$H$4,SHS!$J$7:$J$29,Summary!$B$28)) -> 0 | J31: =IF(ISBLANK($H$4),SUMIF(SHS!$J$7:$J$29,Summary!$B$28,SHS!S$7:S$29),SUMIFS(SHS!S$7:S$29,SHS!$B$7:$B$29,Summary!$H$4,SHS!$J$7:$J$29,Summary!$B$28)) -> 0 | K31: =SUM(I31:J31) -> 0
B32: Early Marriage/Pregnancy | C32: =IF(ISBLANK($H$4),SUMIF(ES!$J$8:$J$74,Summary!$B$28,ES!AW$8:AW$74),SUMIFS(ES!AW$8:AW$74,ES!$B$8:$B$74,Summary!$H$4,ES!$J$8:$J$74,Summary!$B$28)) -> 1 | D32: =IF(ISBLANK($H$4),SUMIF(ES!$J$8:$J$74,Summary!$B$28,ES!AX$8:AX$74),SUMIFS(ES!AX$8:AX$74,ES!$B$8:$B$74,Summary!$H$4,ES!$J$8:$J$74,Summary!$B$28)) -> 0 | E32: =SUM(C32:D32) -> 1 | F32: =IF(ISBLANK($H$4),SUMIF(JHS!$J$7:$J$1510,Summary!$B$28,JHS!AG$7:AG$1510),SUMIFS(JHS!AG$7:AG$1510,JHS!$B$7:$B$1510,Summary!$H$4,JHS!$J$7:$J$1510,Summary!$B$28)) -> 3 | G32: =IF(ISBLANK($H$4),SUMIF(JHS!$J$7:$J$1510,Summary!$B$28,JHS!AH$7:AH$1510),SUMIFS(JHS!AH$7:AH$1510,JHS!$B$7:$B$1510,Summary!$H$4,JHS!$J$7:$J$1510,Summary!$B$28)) -> 10 | H32: =SUM(F32:G32) -> 13 | I32: =IF(ISBLANK($H$4),SUMIF(SHS!$J$7:$J$29,Summary!$B$28,SHS!Y$7:Y$29),SUMIFS(SHS!Y$7:Y$29,SHS!$B$7:$B$29,Summary!$H$4,SHS!$J$7:$J$29,Summary!$B$28)) -> 0 | J32: =IF(ISBLANK($H$4),SUMIF(SHS!$J$7:$J$29,Summary!$B$28,SHS!Z$7:Z$29),SUMIFS(SHS!Z$7:Z$29,SHS!$B$7:$B$29,Summary!$H$4,SHS!$J$7:$J$29,Summary!$B$28)) -> 0 | K32: =SUM(I32:J32) -> 0
B33: Parents Attitude Toward Schooling | C33: =IF(ISBLANK($H$4),SUMIF(ES!$J$8:$J$74,Summary!$B$28,ES!BP$8:BP$74),SUMIFS(ES!BP$8:BP$74,ES!$B$8:$B$74,Summary!$H$4,ES!$J$8:$J$74,Summary!$B$28)) -> 40 | D33: =IF(ISBLANK($H$4),SUMIF(ES!$J$8:$J$74,Summary!$B$28,ES!BQ$8:BQ$74),SUMIFS(ES!BQ$8:BQ$74,ES!$B$8:$B$74,Summary!$H$4,ES!$J$8:$J$74,Summary!$B$28)) -> 22 | E33: =SUM(C33:D33) -> 62 | F33: =IF(ISBLANK($H$4),SUMIF(JHS!$J$7:$J$1510,Summary!$B$28,JHS!AR$7:AR$1510),SUMIFS(JHS!AR$7:AR$1510,JHS!$B$7:$B$1510,Summary!$H$4,JHS!$J$7:$J$1510,Summary!$B$28)) -> 0 | G33: =IF(ISBLANK($H$4),SUMIF(JHS!$J$7:$J$1510,Summary!$B$28,JHS!AS$7:AS$1510),SUMIFS(JHS!AS$7:AS$1510,JHS!$B$7:$B$1510,Summary!$H$4,JHS!$J$7:$J$1510,Summary!$B$28)) -> 1 | H33: =SUM(F33:G33) -> 1 | I33: =IF(ISBLANK($H$4),SUMIF(SHS!$J$7:$J$29,Summary!$B$28,SHS!AF$7:AF$29),SUMIFS(SHS!AF$7:AF$29,SHS!$B$7:$B$29,Summary!$H$4,SHS!$J$7:$J$29,Summary!$B$28)) -> 0 | J33: =IF(ISBLANK($H$4),SUMIF(SHS!$J$7:$J$29,Summary!$B$28,SHS!AG$7:AG$29),SUMIFS(SHS!AG$7:AG$29,SHS!$B$7:$B$29,Summary!$H$4,SHS!$J$7:$J$29,Summary!$B$28)) -> 0 | K33: =SUM(I33:J33) -> 0
B34: Family problems/Feuds | C34: =IF(ISBLANK($H$4),SUMIF(ES!$J$8:$J$74,Summary!$B$28,ES!CI$8:CI$74),SUMIFS(ES!CI$8:CI$74,ES!$B$8:$B$74,Summary!$H$4,ES!$J$8:$J$74,Summary!$B$28)) -> 66 | D34: =IF(ISBLANK($H$4),SUMIF(ES!$J$8:$J$74,Summary!$B$28,ES!CJ$8:CJ$74),SUMIFS(ES!CJ$8:CJ$74,ES!$B$8:$B$74,Summary!$H$4,ES!$J$8:$J$74,Summary!$B$28)) -> 33 | E34: =SUM(C34:D34) -> 99 | F34: =IF(ISBLANK($H$4),SUMIF(JHS!$J$7:$J$1510,Summary!$B$28,JHS!BC$7:BC$1510),SUMIFS(JHS!BC$7:BC$1510,JHS!$B$7:$B$1510,Summary!$H$4,JHS!$J$7:$J$1510,Summary!$B$28)) -> 39 | G34: =IF(ISBLANK($H$4),SUMIF(JHS!$J$7:$J$1510,Summary!$B$28,JHS!BD$7:BD$1510),SUMIFS(JHS!BD$7:BD$1510,JHS!$B$7:$B$1510,Summary!$H$4,JHS!$J$7:$J$1510,Summary!$B$28)) -> 35 | H34: =SUM(F34:G34) -> 74 | I34: =IF(ISBLANK($H$4),SUMIF(SHS!$J$7:$J$29,Summary!$B$28,SHS!AM$7:AM$29),SUMIFS(SHS!AM$7:AM$29,SHS!$B$7:$B$29,Summary!$H$4,SHS!$J$7:$J$29,Summary!$B$28)) -> 0 | J34: =IF(ISBLANK($H$4),SUMIF(SHS!$J$7:$J$29,Summary!$B$28,SHS!AN$7:AN$29),SUMIFS(SHS!AN$7:AN$29,SHS!$B$7:$B$29,Summary!$H$4,SHS!$J$7:$J$29,Summary!$B$28)) -> 1 | K34: =SUM(I34:J34) -> 1
B35: Illness | C35: =IF(ISBLANK($H$4),SUMIF(ES!$J$8:$J$74,Summary!$B$28,ES!DB$8:DB$74),SUMIFS(ES!DB$8:DB$74,ES!$B$8:$B$74,Summary!$H$4,ES!$J$8:$J$74,Summary!$B$28)) -> 12 | D35: =IF(ISBLANK($H$4),SUMIF(ES!$J$8:$J$74,Summary!$B$28,ES!DC$8:DC$74),SUMIFS(ES!DC$8:DC$74,ES!$B$8:$B$74,Summary!$H$4,ES!$J$8:$J$74,Summary!$B$28)) -> 8 | E35: =SUM(C35:D35) -> 20 | F35: =IF(ISBLANK($H$4),SUMIF(JHS!$J$7:$J$1510,Summary!$B$28,JHS!BN$7:BN$1510),SUMIFS(JHS!BN$7:BN$1510,JHS!$B$7:$B$1510,Summary!$H$4,JHS!$J$7:$J$1510,Summary!$B$28)) -> 19 | G35: =IF(ISBLANK($H$4),SUMIF(JHS!$J$7:$J$1510,Summary!$B$28,JHS!BO$7:BO$1510),SUMIFS(JHS!BO$7:BO$1510,JHS!$B$7:$B$1510,Summary!$H$4,JHS!$J$7:$J$1510,Summary!$B$28)) -> 10 | H35: =SUM(F35:G35) -> 29 | I35: =IF(ISBLANK($H$4),SUMIF(SHS!$J$7:$J$29,Summary!$B$28,SHS!AT$7:AT$29),SUMIFS(SHS!AT$7:AT$29,SHS!$B$7:$B$29,Summary!$H$4,SHS!$J$7:$J$29,Summary!$B$28)) -> 0 | J35: =IF(ISBLANK($H$4),SUMIF(SHS!$J$7:$J$29,Summary!$B$28,SHS!AU$7:AU$29),SUMIFS(SHS!AU$7:AU$29,SHS!$B$7:$B$29,Summary!$H$4,SHS!$J$7:$J$29,Summary!$B$28)) -> 0 | K35: =SUM(I35:J35) -> 0
B36: Overage | C36: =IF(ISBLANK($H$4),SUMIF(ES!$J$8:$J$74,Summary!$B$28,ES!DU$8:DU$74),SUMIFS(ES!DU$8:DU$74,ES!$B$8:$B$74,Summary!$H$4,ES!$J$8:$J$74,Summary!$B$28)) -> 2 | D36: =IF(ISBLANK($H$4),SUMIF(ES!$J$8:$J$74,Summary!$B$28,ES!DV$8:DV$74),SUMIFS(ES!DV$8:DV$74,ES!$B$8:$B$74,Summary!$H$4,ES!$J$8:$J$74,Summary!$B$28)) -> 1 | E36: =SUM(C36:D36) -> 3 | F36: =IF(ISBLANK($H$4),SUMIF(JHS!$J$7:$J$1510,Summary!$B$28,JHS!BY$7:BY$1510),SUMIFS(JHS!BY$7:BY$1510,JHS!$B$7:$B$1510,Summary!$H$4,JHS!$J$7:$J$1510,Summary!$B$28)) -> 2 | G36: =IF(ISBLANK($H$4),SUMIF(JHS!$J$7:$J$1510,Summary!$B$28,JHS!BZ$7:BZ$1510),SUMIFS(JHS!BZ$7:BZ$1510,JHS!$B$7:$B$1510,Summary!$H$4,JHS!$J$7:$J$1510,Summary!$B$28)) -> 0 | H36: =SUM(F36:G36) -> 2 | I36: =IF(ISBLANK($H$4),SUMIF(SHS!$J$7:$J$29,Summary!$B$28,SHS!BA$7:BA$29),SUMIFS(SHS!BA$7:BA$29,SHS!$B$7:$B$29,Summary!$H$4,SHS!$J$7:$J$29,Summary!$B$28)) -> 0 | J36: =IF(ISBLANK($H$4),SUMIF(SHS!$J$7:$J$29,Summary!$B$28,SHS!BB$7:BB$29),SUMIFS(SHS!BB$7:BB$29,SHS!$B$7:$B$29,Summary!$H$4,SHS!$J$7:$J$29,Summary!$B$28)) -> 0 | K36: =SUM(I36:J36) -> 0
B37: Drug Abuse | C37: =IF(ISBLANK($H$4),SUMIF(ES!$J$8:$J$74,Summary!$B$28,ES!FG$8:FG$74),SUMIFS(ES!FG$8:FG$74,ES!$B$8:$B$74,Summary!$H$4,ES!$J$8:$J$74,Summary!$B$28)) -> 0 | D37: =IF(ISBLANK($H$4),SUMIF(ES!$J$8:$J$74,Summary!$B$28,ES!FH$8:FH$74),SUMIFS(ES!FH$8:FH$74,ES!$B$8:$B$74,Summary!$H$4,ES!$J$8:$J$74,Summary!$B$28)) -> 0 | E37: =SUM(C37:D37) -> 0 | F37: =IF(ISBLANK($H$4),SUMIF(JHS!$J$7:$J$1510,Summary!$B$28,JHS!CU$7:CU$1510),SUMIFS(JHS!CU$7:CU$1510,JHS!$B$7:$B$1510,Summary!$H$4,JHS!$J$7:$J$1510,Summary!$B$28)) -> 0 | G37: =IF(ISBLANK($H$4),SUMIF(JHS!$J$7:$J$1510,Summary!$B$28,JHS!CV$7:CV$1510),SUMIFS(JHS!CV$7:CV$1510,JHS!$B$7:$B$1510,Summary!$H$4,JHS!$J$7:$J$1510,Summary!$B$28)) -> 0 | H37: =SUM(F37:G37) -> 0 | I37: =IF(ISBLANK($H$4),SUMIF(SHS!$J$7:$J$29,Summary!$B$28,SHS!BO$7:BO$29),SUMIFS(SHS!BO$7:BO$29,SHS!$B$7:$B$29,Summary!$H$4,SHS!$J$7:$J$29,Summary!$B$28)) -> 0 | J37: =IF(ISBLANK($H$4),SUMIF(SHS!$J$7:$J$29,Summary!$B$28,SHS!BP$7:BP$29),SUMIFS(SHS!BP$7:BP$29,SHS!$B$7:$B$29,Summary!$H$4,SHS!$J$7:$J$29,Summary!$B$28)) -> 0 | K37: =SUM(I37:J37) -> 0
B38: Poor Academic Performance | C38: =IF(ISBLANK($H$4),SUMIF(ES!$J$8:$J$74,Summary!$B$28,ES!FZ$8:FZ$74),SUMIFS(ES!FZ$8:FZ$74,ES!$B$8:$B$74,Summary!$H$4,ES!$J$8:$J$74,Summary!$B$28)) -> 8 | D38: =IF(ISBLANK($H$4),SUMIF(ES!$J$8:$J$74,Summary!$B$28,ES!GA$8:GA$74),SUMIFS(ES!GA$8:GA$74,ES!$B$8:$B$74,Summary!$H$4,ES!$J$8:$J$74,Summary!$B$28)) -> 3 | E38: =SUM(C38:D38) -> 11 | F38: =IF(ISBLANK($H$4),SUMIF(JHS!$J$7:$J$1510,Summary!$B$28,JHS!DF$7:DF$1510),SUMIFS(JHS!DF$7:DF$1510,JHS!$B$7:$B$1510,Summary!$H$4,JHS!$J$7:$J$1510,Summary!$B$28)) -> 6 | G38: =IF(ISBLANK($H$4),SUMIF(JHS!$J$7:$J$1510,Summary!$B$28,JHS!DG$7:DG$1510),SUMIFS(JHS!DG$7:DG$1510,JHS!$B$7:$B$1510,Summary!$H$4,JHS!$J$7:$J$1510,Summary!$B$28)) -> 0 | H38: =SUM(F38:G38) -> 6 | I38: =IF(ISBLANK($H$4),SUMIF(SHS!$J$7:$J$29,Summary!$B$28,SHS!BV$7:BV$29),SUMIFS(SHS!BV$7:BV$29,SHS!$B$7:$B$29,Summary!$H$4,SHS!$J$7:$J$29,Summary!$B$28)) -> 0 | J38: =IF(ISBLANK($H$4),SUMIF(SHS!$J$7:$J$29,Summary!$B$28,SHS!BW$7:BW$29),SUMIFS(SHS!BW$7:BW$29,SHS!$B$7:$B$29,Summary!$H$4,SHS!$J$7:$J$29,Summary!$B$28)) -> 0 | K38: =SUM(I38:J38) -> 0
B39: Lack of interest/Distractions | C39: =IF(ISBLANK($H$4),SUMIF(ES!$J$8:$J$74,Summary!$B$28,ES!GS$8:GS$74),SUMIFS(ES!GS$8:GS$74,ES!$B$8:$B$74,Summary!$H$4,ES!$J$8:$J$74,Summary!$B$28)) -> 130 | D39: =IF(ISBLANK($H$4),SUMIF(ES!$J$8:$J$74,Summary!$B$28,ES!GT$8:GT$74),SUMIFS(ES!GT$8:GT$74,ES!$B$8:$B$74,Summary!$H$4,ES!$J$8:$J$74,Summary!$B$28)) -> 36 | E39: =SUM(C39:D39) -> 166 | F39: =IF(ISBLANK($H$4),SUMIF(JHS!$J$7:$J$1510,Summary!$B$28,JHS!DQ$7:DQ$1510),SUMIFS(JHS!DQ$7:DQ$1510,JHS!$B$7:$B$1510,Summary!$H$4,JHS!$J$7:$J$1510,Summary!$B$28)) -> 139 | G39: =IF(ISBLANK($H$4),SUMIF(JHS!$J$7:$J$1510,Summary!$B$28,JHS!DR$7:DR$1510),SUMIFS(JHS!DR$7:DR$1510,JHS!$B$7:$B$1510,Summary!$H$4,JHS!$J$7:$J$1510,Summary!$B$28)) -> 44 | H39: =SUM(F39:G39) -> 183 | I39: =IF(ISBLANK($H$4),SUMIF(SHS!$J$7:$J$29,Summary!$B$28,SHS!CC$7:CC$29),SUMIFS(SHS!CC$7:CC$29,SHS!$B$7:$B$29,Summary!$H$4,SHS!$J$7:$J$29,Summary!$B$28)) -> 4 | J39: =IF(ISBLANK($H$4),SUMIF(SHS!$J$7:$J$29,Summary!$B$28,SHS!CD$7:CD$29),SUMIFS(SHS!CD$7:CD$29,SHS!$B$7:$B$29,Summary!$H$4,SHS!$J$7:$J$29,Summary!$B$28)) -> 0 | K39: =SUM(I39:J39) -> 4
B40: Hunger/Malnutrition | C40: =IF(ISBLANK($H$4),SUMIF(ES!$J$8:$J$74,Summary!$B$28,ES!HL$8:HL$74),SUMIFS(ES!HL$8:HL$74,ES!$B$8:$B$74,Summary!$H$4,ES!$J$8:$J$74,Summary!$B$28)) -> 0 | D40: =IF(ISBLANK($H$4),SUMIF(ES!$J$8:$J$74,Summary!$B$28,ES!HM$8:HM$74),SUMIFS(ES!HM$8:HM$74,ES!$B$8:$B$74,Summary!$H$4,ES!$J$8:$J$74,Summary!$B$28)) -> 0 | E40: =SUM(C40:D40) -> 0 | F40: =IF(ISBLANK($H$4),SUMIF(JHS!$J$7:$J$1510,Summary!$B$28,JHS!EB$7:EB$1510),SUMIFS(JHS!EB$7:EB$1510,JHS!$B$7:$B$1510,Summary!$H$4,JHS!$J$7:$J$1510,Summary!$B$28)) -> 1 | G40: =IF(ISBLANK($H$4),SUMIF(JHS!$J$7:$J$1510,Summary!$B$28,JHS!EC$7:EC$1510),SUMIFS(JHS!EC$7:EC$1510,JHS!$B$7:$B$1510,Summary!$H$4,JHS!$J$7:$J$1510,Summary!$B$28)) -> 0 | H40: =SUM(F40:G40) -> 1 | I40: =IF(ISBLANK($H$4),SUMIF(SHS!$J$7:$J$29,Summary!$B$28,SHS!CJ$7:CJ$29),SUMIFS(SHS!CJ$7:CJ$29,SHS!$B$7:$B$29,Summary!$H$4,SHS!$J$7:$J$29,Summary!$B$28)) -> 0 | J40: =IF(ISBLANK($H$4),SUMIF(SHS!$J$7:$J$29,Summary!$B$28,SHS!CK$7:CK$29),SUMIFS(SHS!CK$7:CK$29,SHS!$B$7:$B$29,Summary!$H$4,SHS!$J$7:$J$29,Summary!$B$28)) -> 0 | K40: =SUM(I40:J40) -> 0
B41: Teacher Factors | C41: =IF(ISBLANK($H$4),SUMIF(ES!$J$8:$J$74,Summary!$B$28,ES!IE$8:IE$74),SUMIFS(ES!IE$8:IE$74,ES!$B$8:$B$74,Summary!$H$4,ES!$J$8:$J$74,Summary!$B$28)) -> 0 | D41: =IF(ISBLANK($H$4),SUMIF(ES!$J$8:$J$74,Summary!$B$28,ES!IF$8:IF$74),SUMIFS(ES!IF$8:IF$74,ES!$B$8:$B$74,Summary!$H$4,ES!$J$8:$J$74,Summary!$B$28)) -> 0 | E41: =SUM(C41:D41) -> 0 | F41: =IF(ISBLANK($H$4),SUMIF(JHS!$J$7:$J$1510,Summary!$B$28,JHS!EM$7:EM$1510),SUMIFS(JHS!EM$7:EM$1510,JHS!$B$7:$B$1510,Summary!$H$4,JHS!$J$7:$J$1510,Summary!$B$28)) -> 0 | G41: =IF(ISBLANK($H$4),SUMIF(JHS!$J$7:$J$1510,Summary!$B$28,JHS!EN$7:EN$1510),SUMIFS(JHS!EN$7:EN$1510,JHS!$B$7:$B$1510,Summary!$H$4,JHS!$J$7:$J$1510,Summary!$B$28)) -> 0 | H41: =SUM(F41:G41) -> 0 | I41: =IF(ISBLANK($H$4),SUMIF(SHS!$J$7:$J$29,Summary!$B$28,SHS!CQ$7:CQ$29),SUMIFS(SHS!CQ$7:CQ$29,SHS!$B$7:$B$29,Summary!$H$4,SHS!$J$7:$J$29,Summary!$B$28)) -> 0 | J41: =IF(ISBLANK($H$4),SUMIF(SHS!$J$7:$J$29,Summary!$B$28,SHS!CR$7:CR$29),SUMIFS(SHS!CR$7:CR$29,SHS!$B$7:$B$29,Summary!$H$4,SHS!$J$7:$J$29,Summary!$B$28)) -> 0 | K41: =SUM(I41:J41) -> 0
B42: Physical Conditions of Classrooms | C42: =IF(ISBLANK($H$4),SUMIF(ES!$J$8:$J$74,Summary!$B$28,ES!IX$8:IX$74),SUMIFS(ES!IX$8:IX$74,ES!$B$8:$B$74,Summary!$H$4,ES!$J$8:$J$74,Summary!$B$28)) -> 0 | D42: =IF(ISBLANK($H$4),SUMIF(ES!$J$8:$J$74,Summary!$B$28,ES!IY$8:IY$74),SUMIFS(ES!IY$8:IY$74,ES!$B$8:$B$74,Summary!$H$4,ES!$J$8:$J$74,Summary!$B$28)) -> 0 | E42: =SUM(C42:D42) -> 0 | F42: =IF(ISBLANK($H$4),SUMIF(JHS!$J$7:$J$1510,Summary!$B$28,JHS!EX$7:EX$1510),SUMIFS(JHS!EX$7:EX$1510,JHS!$B$7:$B$1510,Summary!$H$4,JHS!$J$7:$J$1510,Summary!$B$28)) -> 0 | G42: =IF(ISBLANK($H$4),SUMIF(JHS!$J$7:$J$1510,Summary!$B$28,JHS!EY$7:EY$1510),SUMIFS(JHS!EY$7:EY$1510,JHS!$B$7:$B$1510,Summary!$H$4,JHS!$J$7:$J$1510,Summary!$B$28)) -> 0 | H42: =SUM(F42:G42) -> 0 | I42: =IF(ISBLANK($H$4),SUMIF(SHS!$J$7:$J$29,Summary!$B$28,SHS!CX$7:CX$29),SUMIFS(SHS!CX$7:CX$29,SHS!$B$7:$B$29,Summary!$H$4,SHS!$J$7:$J$29,Summary!$B$28)) -> 0 | J42: =IF(ISBLANK($H$4),SUMIF(SHS!$J$7:$J$29,Summary!$B$28,SHS!CY$7:CY$29),SUMIFS(SHS!CY$7:CY$29,SHS!$B$7:$B$29,Summary!$H$4,SHS!$J$7:$J$29,Summary!$B$28)) -> 0 | K42: =SUM(I42:J42) -> 0
B43: Peer Influences | C43: =IF(ISBLANK($H$4),SUMIF(ES!$J$8:$J$74,Summary!$B$28,ES!JQ$8:JQ$74),SUMIFS(ES!JQ$8:JQ$74,ES!$B$8:$B$74,Summary!$H$4,ES!$J$8:$J$74,Summary!$B$28)) -> 0 | D43: =IF(ISBLANK($H$4),SUMIF(ES!$J$8:$J$74,Summary!$B$28,ES!JR$8:JR$74),SUMIFS(ES!JR$8:JR$74,ES!$B$8:$B$74,Summary!$H$4,ES!$J$8:$J$74,Summary!$B$28)) -> 0 | E43: =SUM(C43:D43) -> 0 | F43: =IF(ISBLANK($H$4),SUMIF(JHS!$J$7:$J$1510,Summary!$B$28,JHS!FI$7:FI$1510),SUMIFS(JHS!FI$7:FI$1510,JHS!$B$7:$B$1510,Summary!$H$4,JHS!$J$7:$J$1510,Summary!$B$28)) -> 14 | G43: =IF(ISBLANK($H$4),SUMIF(JHS!$J$7:$J$1510,Summary!$B$28,JHS!FJ$7:FJ$1510),SUMIFS(JHS!FJ$7:FJ$1510,JHS!$B$7:$B$1510,Summary!$H$4,JHS!$J$7:$J$1510,Summary!$B$28)) -> 2 | H43: =SUM(F43:G43) -> 16 | I43: =IF(ISBLANK($H$4),SUMIF(SHS!$J$7:$J$29,Summary!$B$28,SHS!DE$7:DE$29),SUMIFS(SHS!DE$7:DE$29,SHS!$B$7:$B$29,Summary!$H$4,SHS!$J$7:$J$29,Summary!$B$28)) -> 0 | J43: =IF(ISBLANK($H$4),SUMIF(SHS!$J$7:$J$29,Summary!$B$28,SHS!DF$7:DF$29),SUMIFS(SHS!DF$7:DF$29,SHS!$B$7:$B$29,Summary!$H$4,SHS!$J$7:$J$29,Summary!$B$28)) -> 0 | K43: =SUM(I43:J43) -> 0
B44: Distance between Home and School | C44: =IF(ISBLANK($H$4),SUMIF(ES!$J$8:$J$74,Summary!$B$28,ES!KJ$8:KJ$74),SUMIFS(ES!KJ$8:KJ$74,ES!$B$8:$B$74,Summary!$H$4,ES!$J$8:$J$74,Summary!$B$28)) -> 19 | D44: =IF(ISBLANK($H$4),SUMIF(ES!$J$8:$J$74,Summary!$B$28,ES!KK$8:KK$74),SUMIFS(ES!KK$8:KK$74,ES!$B$8:$B$74,Summary!$H$4,ES!$J$8:$J$74,Summary!$B$28)) -> 15 | E44: =SUM(C44:D44) -> 34 | F44: =IF(ISBLANK($H$4),SUMIF(JHS!$J$7:$J$1510,Summary!$B$28,JHS!FT$7:FT$1510),SUMIFS(JHS!FT$7:FT$1510,JHS!$B$7:$B$1510,Summary!$H$4,JHS!$J$7:$J$1510,Summary!$B$28)) -> 37 | G44: =IF(ISBLANK($H$4),SUMIF(JHS!$J$7:$J$1510,Summary!$B$28,JHS!FU$7:FU$1510),SUMIFS(JHS!FU$7:FU$1510,JHS!$B$7:$B$1510,Summary!$H$4,JHS!$J$7:$J$1510,Summary!$B$28)) -> 13 | H44: =SUM(F44:G44) -> 50 | I44: =IF(ISBLANK($H$4),SUMIF(SHS!$J$7:$J$29,Summary!$B$28,SHS!DL$7:DL$29),SUMIFS(SHS!DL$7:DL$29,SHS!$B$7:$B$29,Summary!$H$4,SHS!$J$7:$J$29,Summary!$B$28)) -> 3 | J44: =IF(ISBLANK($H$4),SUMIF(SHS!$J$7:$J$29,Summary!$B$28,SHS!DM$7:DM$29),SUMIFS(SHS!DM$7:DM$29,SHS!$B$7:$B$29,Summary!$H$4,SHS!$J$7:$J$29,Summary!$B$28)) -> 2 | K44: =SUM(I44:J44) -> 5
B45: Armed Conflict | C45: =IF(ISBLANK($H$4),SUMIF(ES!$J$8:$J$74,Summary!$B$28,ES!LC$8:LC$74),SUMIFS(ES!LC$8:LC$74,ES!$B$8:$B$74,Summary!$H$4,ES!$J$8:$J$74,Summary!$B$28)) -> 0 | D45: =IF(ISBLANK($H$4),SUMIF(ES!$J$8:$J$74,Summary!$B$28,ES!LD$8:LD$74),SUMIFS(ES!LD$8:LD$74,ES!$B$8:$B$74,Summary!$H$4,ES!$J$8:$J$74,Summary!$B$28)) -> 0 | E45: =SUM(C45:D45) -> 0 | F45: =IF(ISBLANK($H$4),SUMIF(JHS!$J$7:$J$1510,Summary!$B$28,JHS!GE$7:GE$1510),SUMIFS(JHS!GE$7:GE$1510,JHS!$B$7:$B$1510,Summary!$H$4,JHS!$J$7:$J$1510,Summary!$B$28)) -> 0 | G45: =IF(ISBLANK($H$4),SUMIF(JHS!$J$7:$J$1510,Summary!$B$28,JHS!GF$7:GF$1510),SUMIFS(JHS!GF$7:GF$1510,JHS!$B$7:$B$1510,Summary!$H$4,JHS!$J$7:$J$1510,Summary!$B$28)) -> 0 | H45: =SUM(F45:G45) -> 0 | I45: =IF(ISBLANK($H$4),SUMIF(SHS!$J$7:$J$29,Summary!$B$28,SHS!DS$7:DS$29),SUMIFS(SHS!DS$7:DS$29,SHS!$B$7:$B$29,Summary!$H$4,SHS!$J$7:$J$29,Summary!$B$28)) -> 0 | J45: =IF(ISBLANK($H$4),SUMIF(SHS!$J$7:$J$29,Summary!$B$28,SHS!DT$7:DT$29),SUMIFS(SHS!DT$7:DT$29,SHS!$B$7:$B$29,Summary!$H$4,SHS!$J$7:$J$29,Summary!$B$28)) -> 0 | K45: =SUM(I45:J45) -> 0
B46: Calamities/Disasters | C46: =IF(ISBLANK($H$4),SUMIF(ES!$J$8:$J$74,Summary!$B$28,ES!LV$8:LV$74),SUMIFS(ES!LV$8:LV$74,ES!$B$8:$B$74,Summary!$H$4,ES!$J$8:$J$74,Summary!$B$28)) -> 0 | D46: =IF(ISBLANK($H$4),SUMIF(ES!$J$8:$J$74,Summary!$B$28,ES!LW$8:LW$74),SUMIFS(ES!LW$8:LW$74,ES!$B$8:$B$74,Summary!$H$4,ES!$J$8:$J$74,Summary!$B$28)) -> 0 | E46: =SUM(C46:D46) -> 0 | F46: =IF(ISBLANK($H$4),SUMIF(JHS!$J$7:$J$1510,Summary!$B$28,JHS!GP$7:GP$1510),SUMIFS(JHS!GP$7:GP$1510,JHS!$B$7:$B$1510,Summary!$H$4,JHS!$J$7:$J$1510,Summary!$B$28)) -> 0 | G46: =IF(ISBLANK($H$4),SUMIF(JHS!$J$7:$J$1510,Summary!$B$28,JHS!GQ$7:GQ$1510),SUMIFS(JHS!GQ$7:GQ$1510,JHS!$B$7:$B$1510,Summary!$H$4,JHS!$J$7:$J$1510,Summary!$B$28)) -> 0 | H46: =SUM(F46:G46) -> 0 | I46: =IF(ISBLANK($H$4),SUMIF(SHS!$J$7:$J$29,Summary!$B$28,SHS!DZ$7:DZ$29),SUMIFS(SHS!DZ$7:DZ$29,SHS!$B$7:$B$29,Summary!$H$4,SHS!$J$7:$J$29,Summary!$B$28)) -> 0 | J46: =IF(ISBLANK($H$4),SUMIF(SHS!$J$7:$J$29,Summary!$B$28,SHS!EA$7:EA$29),SUMIFS(SHS!EA$7:EA$29,SHS!$B$7:$B$29,Summary!$H$4,SHS!$J$7:$J$29,Summary!$B$28)) -> 0 | K46: =SUM(I46:J46) -> 0
B47: Child Labor, Work | C47: =IF(ISBLANK($H$4),SUMIF(ES!$J$8:$J$74,Summary!$B$28,ES!MO$8:MO$74),SUMIFS(ES!MO$8:MO$74,ES!$B$8:$B$74,Summary!$H$4,ES!$J$8:$J$74,Summary!$B$28)) -> 7 | D47: =IF(ISBLANK($H$4),SUMIF(ES!$J$8:$J$74,Summary!$B$28,ES!MP$8:MP$74),SUMIFS(ES!MP$8:MP$74,ES!$B$8:$B$74,Summary!$H$4,ES!$J$8:$J$74,Summary!$B$28)) -> 1 | E47: =SUM(C47:D47) -> 8 | F47: =IF(ISBLANK($H$4),SUMIF(JHS!$J$7:$J$1510,Summary!$B$28,JHS!HA$7:HA$1510),SUMIFS(JHS!HA$7:HA$1510,JHS!$B$7:$B$1510,Summary!$H$4,JHS!$J$7:$J$1510,Summary!$B$28)) -> 9 | G47: =IF(ISBLANK($H$4),SUMIF(JHS!$J$7:$J$1510,Summary!$B$28,JHS!HB$7:HB$1510),SUMIFS(JHS!HB$7:HB$1510,JHS!$B$7:$B$1510,Summary!$H$4,JHS!$J$7:$J$1510,Summary!$B$28)) -> 2 | H47: =SUM(F47:G47) -> 11 | I47: =IF(ISBLANK($H$4),SUMIF(SHS!$J$7:$J$29,Summary!$B$28,SHS!EG$7:EG$29),SUMIFS(SHS!EG$7:EG$29,SHS!$B$7:$B$29,Summary!$H$4,SHS!$J$7:$J$29,Summary!$B$28)) -> 2 | J47: =IF(ISBLANK($H$4),SUMIF(SHS!$J$7:$J$29,Summary!$B$28,SHS!EH$7:EH$29),SUMIFS(SHS!EH$7:EH$29,SHS!$B$7:$B$29,Summary!$H$4,SHS!$J$7:$J$29,Summary!$B$28)) -> 1 | K47: =SUM(I47:J47) -> 3
B48: Death | C48: =IF(ISBLANK($H$4),SUMIF(ES!$J$8:$J$74,Summary!$B$28,ES!EN$8:EN$74),SUMIFS(ES!EN$8:EN$74,ES!$B$8:$B$74,Summary!$H$4,ES!$J$8:$J$74,Summary!$B$28)) -> 3 | D48: =IF(ISBLANK($H$4),SUMIF(ES!$J$8:$J$74,Summary!$B$28,ES!EO$8:EO$74),SUMIFS(ES!EO$8:EO$74,ES!$B$8:$B$74,Summary!$H$4,ES!$J$8:$J$74,Summary!$B$28)) -> 4 | E48: =SUM(C48:D48) -> 7 | F48: =IF(ISBLANK($H$4),SUMIF(JHS!$J$7:$J$1510,Summary!$B$28,JHS!CJ$7:CJ$1510),SUMIFS(JHS!CJ$7:CJ$1510,JHS!$B$7:$B$1510,Summary!$H$4,JHS!$J$7:$J$1510,Summary!$B$28)) -> 2 | G48: =IF(ISBLANK($H$4),SUMIF(JHS!$J$7:$J$1510,Summary!$B$28,JHS!CK$7:CK$1510),SUMIFS(JHS!CK$7:CK$1510,JHS!$B$7:$B$1510,Summary!$H$4,JHS!$J$7:$J$1510,Summary!$B$28)) -> 0 | H48: =SUM(F48:G48) -> 2 | I48: =IF(ISBLANK($H$4),SUMIF(SHS!$J$7:$J$29,Summary!$B$28,SHS!BH$7:BH$29),SUMIFS(SHS!BH$7:BH$29,SHS!$B$7:$B$29,Summary!$H$4,SHS!$J$7:$J$29,Summary!$B$28)) -> 0 | J48: =IF(ISBLANK($H$4),SUMIF(SHS!$J$7:$J$29,Summary!$B$28,SHS!BI$7:BI$29),SUMIFS(SHS!BI$7:BI$29,SHS!$B$7:$B$29,Summary!$H$4,SHS!$J$7:$J$29,Summary!$B$28)) -> 0 | K48: =SUM(I48:J48) -> 0
B49: REGION XI | C49: =SUM(C31:C48) -> 288 | D49: =SUM(D31:D48) -> 123 | E49: =SUM(E31:E48) -> 411 | F49: =SUM(F31:F48) -> 275 | G49: =SUM(G31:G48) -> 118 | H49: =SUM(H31:H48) -> 393 | I49: =SUM(I31:I48) -> 9 | J49: =SUM(J31:J48) -> 4 | K49: =SUM(K31:K48) -> 13
B51: Private
C52: REGION XI_ES | F52: REGION XI_JHS | I52: REGION XI_SHS
C53: Male | D53: Female | E53: Total | F53: Male | G53: Female | H53: Total | I53: Male | J53: Female | K53: Total
B54: Had to Take Care Siblings | C54: =IF(ISBLANK($H$4),SUMIF(ES!$J$8:$J$74,Summary!$B$51,ES!AD$8:AD$74),SUMIFS(ES!AD$8:AD$74,ES!$B$8:$B$74,Summary!$H$4,ES!$J$8:$J$74,Summary!$B$51)) -> 0 | D54: =IF(ISBLANK($H$4),SUMIF(ES!$J$8:$J$74,Summary!$B$51,ES!AE$8:AE$74),SUMIFS(ES!AE$8:AE$74,ES!$B$8:$B$74,Summary!$H$4,ES!$J$8:$J$74,Summary!$B$51)) -> 0 | E54: =SUM(C54:D54) -> 0 | F54: =IF(ISBLANK($H$4),SUMIF(JHS!$J$7:$J$1510,Summary!$B$51,JHS!V$7:V$1510),SUMIFS(JHS!V$7:V$1510,JHS!$B$7:$B$1510,Summary!$H$4,JHS!$J$7:$J$1510,Summary!$B$51)) -> 0 | G54: =IF(ISBLANK($H$4),SUMIF(JHS!$J$7:$J$1510,Summary!$B$51,JHS!W$7:W$1510),SUMIFS(JHS!W$7:W$1510,JHS!$B$7:$B$1510,Summary!$H$4,JHS!$J$7:$J$1510,Summary!$B$51)) -> 0 | H54: =SUM(F54:G54) -> 0 | I54: =IF(ISBLANK($H$4),SUMIF(SHS!$J$7:$J$29,Summary!$B$51,SHS!R$7:R$29),SUMIFS(SHS!R$7:R$29,SHS!$B$7:$B$29,Summary!$H$4,SHS!$J$7:$J$29,Summary!$B$51)) -> 0 | J54: =IF(ISBLANK($H$4),SUMIF(SHS!$J$7:$J$29,Summary!$B$51,SHS!S$7:S$29),SUMIFS(SHS!S$7:S$29,SHS!$B$7:$B$29,Summary!$H$4,SHS!$J$7:$J$29,Summary!$B$51)) -> 0 | K54: =SUM(I54:J54) -> 0
B55: Early Marriage/Pregnancy | C55: =IF(ISBLANK($H$4),SUMIF(ES!$J$8:$J$74,Summary!$B$51,ES!AW$8:AW$74),SUMIFS(ES!AW$8:AW$74,ES!$B$8:$B$74,Summary!$H$4,ES!$J$8:$J$74,Summary!$B$51)) -> 0 | D55: =IF(ISBLANK($H$4),SUMIF(ES!$J$8:$J$74,Summary!$B$51,ES!AX$8:AX$74),SUMIFS(ES!AX$8:AX$74,ES!$B$8:$B$74,Summary!$H$4,ES!$J$8:$J$74,Summary!$B$51)) -> 0 | E55: =SUM(C55:D55) -> 0 | F55: =IF(ISBLANK($H$4),SUMIF(JHS!$J$7:$J$1510,Summary!$B$51,JHS!AG$7:AG$1510),SUMIFS(JHS!AG$7:AG$1510,JHS!$B$7:$B$1510,Summary!$H$4,JHS!$J$7:$J$1510,Summary!$B$51)) -> 0 | G55: =IF(ISBLANK($H$4),SUMIF(JHS!$J$7:$J$1510,Summary!$B$51,JHS!AH$7:AH$1510),SUMIFS(JHS!AH$7:AH$1510,JHS!$B$7:$B$1510,Summary!$H$4,JHS!$J$7:$J$1510,Summary!$B$51)) -> 1 | H55: =SUM(F55:G55) -> 1 | I55: =IF(ISBLANK($H$4),SUMIF(SHS!$J$7:$J$29,Summary!$B$51,SHS!Y$7:Y$29),SUMIFS(SHS!Y$7:Y$29,SHS!$B$7:$B$29,Summary!$H$4,SHS!$J$7:$J$29,Summary!$B$51)) -> 0 | J55: =IF(ISBLANK($H$4),SUMIF(SHS!$J$7:$J$29,Summary!$B$51,SHS!Z$7:Z$29),SUMIFS(SHS!Z$7:Z$29,SHS!$B$7:$B$29,Summary!$H$4,SHS!$J$7:$J$29,Summary!$B$51)) -> 0 | K55: =SUM(I55:J55) -> 0
B56: Parents Attitude Toward Schooling | C56: =IF(ISBLANK($H$4),SUMIF(ES!$J$8:$J$74,Summary!$B$51,ES!BP$8:BP$74),SUMIFS(ES!BP$8:BP$74,ES!$B$8:$B$74,Summary!$H$4,ES!$J$8:$J$74,Summary!$B$51)) -> 0 | D56: =IF(ISBLANK($H$4),SUMIF(ES!$J$8:$J$74,Summary!$B$51,ES!BQ$8:BQ$74),SUMIFS(ES!BQ$8:BQ$74,ES!$B$8:$B$74,Summary!$H$4,ES!$J$8:$J$74,Summary!$B$51)) -> 0 | E56: =SUM(C56:D56) -> 0 | F56: =IF(ISBLANK($H$4),SUMIF(JHS!$J$7:$J$1510,Summary!$B$51,JHS!AR$7:AR$1510),SUMIFS(JHS!AR$7:AR$1510,JHS!$B$7:$B$1510,Summary!$H$4,JHS!$J$7:$J$1510,Summary!$B$51)) -> 0 | G56: =IF(ISBLANK($H$4),SUMIF(JHS!$J$7:$J$1510,Summary!$B$51,JHS!AS$7:AS$1510),SUMIFS(JHS!AS$7:AS$1510,JHS!$B$7:$B$1510,Summary!$H$4,JHS!$J$7:$J$1510,Summary!$B$51)) -> 0 | H56: =SUM(F56:G56) -> 0 | I56: =IF(ISBLANK($H$4),SUMIF(SHS!$J$7:$J$29,Summary!$B$51,SHS!AF$7:AF$29),SUMIFS(SHS!AF$7:AF$29,SHS!$B$7:$B$29,Summary!$H$4,SHS!$J$7:$J$29,Summary!$B$51)) -> 0 | J56: =IF(ISBLANK($H$4),SUMIF(SHS!$J$7:$J$29,Summary!$B$51,SHS!AG$7:AG$29),SUMIFS(SHS!AG$7:AG$29,SHS!$B$7:$B$29,Summary!$H$4,SHS!$J$7:$J$29,Summary!$B$51)) -> 0 | K56: =SUM(I56:J56) -> 0
B57: Family problems/Feuds | C57: =IF(ISBLANK($H$4),SUMIF(ES!$J$8:$J$74,Summary!$B$51,ES!CI$8:CI$74),SUMIFS(ES!CI$8:CI$74,ES!$B$8:$B$74,Summary!$H$4,ES!$J$8:$J$74,Summary!$B$51)) -> 1 | D57: =IF(ISBLANK($H$4),SUMIF(ES!$J$8:$J$74,Summary!$B$51,ES!CJ$8:CJ$74),SUMIFS(ES!CJ$8:CJ$74,ES!$B$8:$B$74,Summary!$H$4,ES!$J$8:$J$74,Summary!$B$51)) -> 0 | E57: =SUM(C57:D57) -> 1 | F57: =IF(ISBLANK($H$4),SUMIF(JHS!$J$7:$J$1510,Summary!$B$51,JHS!BC$7:BC$1510),SUMIFS(JHS!BC$7:BC$1510,JHS!$B$7:$B$1510,Summary!$H$4,JHS!$J$7:$J$1510,Summary!$B$51)) -> 4 | G57: =IF(ISBLANK($H$4),SUMIF(JHS!$J$7:$J$1510,Summary!$B$51,JHS!BD$7:BD$1510),SUMIFS(JHS!BD$7:BD$1510,JHS!$B$7:$B$1510,Summary!$H$4,JHS!$J$7:$J$1510,Summary!$B$51)) -> 2 | H57: =SUM(F57:G57) -> 6 | I57: =IF(ISBLANK($H$4),SUMIF(SHS!$J$7:$J$29,Summary!$B$51,SHS!AM$7:AM$29),SUMIFS(SHS!AM$7:AM$29,SHS!$B$7:$B$29,Summary!$H$4,SHS!$J$7:$J$29,Summary!$B$51)) -> 0 | J57: =IF(ISBLANK($H$4),SUMIF(SHS!$J$7:$J$29,Summary!$B$51,SHS!AN$7:AN$29),SUMIFS(SHS!AN$7:AN$29,SHS!$B$7:$B$29,Summary!$H$4,SHS!$J$7:$J$29,Summary!$B$51)) -> 0 | K57: =SUM(I57:J57) -> 0
B58: Illness | C58: =IF(ISBLANK($H$4),SUMIF(ES!$J$8:$J$74,Summary!$B$51,ES!DB$8:DB$74),SUMIFS(ES!DB$8:DB$74,ES!$B$8:$B$74,Summary!$H$4,ES!$J$8:$J$74,Summary!$B$51)) -> 1 | D58: =IF(ISBLANK($H$4),SUMIF(ES!$J$8:$J$74,Summary!$B$51,ES!DC$8:DC$74),SUMIFS(ES!DC$8:DC$74,ES!$B$8:$B$74,Summary!$H$4,ES!$J$8:$J$74,Summary!$B$51)) -> 0 | E58: =SUM(C58:D58) -> 1 | F58: =IF(ISBLANK($H$4),SUMIF(JHS!$J$7:$J$1510,Summary!$B$51,JHS!BN$7:BN$1510),SUMIFS(JHS!BN$7:BN$1510,JHS!$B$7:$B$1510,Summary!$H$4,JHS!$J$7:$J$1510,Summary!$B$51)) -> 0 | G58: =IF(ISBLANK($H$4),SUMIF(JHS!$J$7:$J$1510,Summary!$B$51,JHS!BO$7:BO$1510),SUMIFS(JHS!BO$7:BO$1510,JHS!$B$7:$B$1510,Summary!$H$4,JHS!$J$7:$J$1510,Summary!$B$51)) -> 0 | H58: =SUM(F58:G58) -> 0 | I58: =IF(ISBLANK($H$4),SUMIF(SHS!$J$7:$J$29,Summary!$B$51,SHS!AT$7:AT$29),SUMIFS(SHS!AT$7:AT$29,SHS!$B$7:$B$29,Summary!$H$4,SHS!$J$7:$J$29,Summary!$B$51)) -> 0 | J58: =IF(ISBLANK($H$4),SUMIF(SHS!$J$7:$J$29,Summary!$B$51,SHS!AU$7:AU$29),SUMIFS(SHS!AU$7:AU$29,SHS!$B$7:$B$29,Summary!$H$4,SHS!$J$7:$J$29,Summary!$B$51)) -> 0 | K58: =SUM(I58:J58) -> 0
B59: Overage | C59: =IF(ISBLANK($H$4),SUMIF(ES!$J$8:$J$74,Summary!$B$51,ES!DU$8:DU$74),SUMIFS(ES!DU$8:DU$74,ES!$B$8:$B$74,Summary!$H$4,ES!$J$8:$J$74,Summary!$B$51)) -> 0 | D59: =IF(ISBLANK($H$4),SUMIF(ES!$J$8:$J$74,Summary!$B$51,ES!DV$8:DV$74),SUMIFS(ES!DV$8:DV$74,ES!$B$8:$B$74,Summary!$H$4,ES!$J$8:$J$74,Summary!$B$51)) -> 0 | E59: =SUM(C59:D59) -> 0 | F59: =IF(ISBLANK($H$4),SUMIF(JHS!$J$7:$J$1510,Summary!$B$51,JHS!BY$7:BY$1510),SUMIFS(JHS!BY$7:BY$1510,JHS!$B$7:$B$1510,Summary!$H$4,JHS!$J$7:$J$1510,Summary!$B$51)) -> 0 | G59: =IF(ISBLANK($H$4),SUMIF(JHS!$J$7:$J$1510,Summary!$B$51,JHS!BZ$7:BZ$1510),SUMIFS(JHS!BZ$7:BZ$1510,JHS!$B$7:$B$1510,Summary!$H$4,JHS!$J$7:$J$1510,Summary!$B$51)) -> 0 | H59: =SUM(F59:G59) -> 0 | I59: =IF(ISBLANK($H$4),SUMIF(SHS!$J$7:$J$29,Summary!$B$51,SHS!BA$7:BA$29),SUMIFS(SHS!BA$7:BA$29,SHS!$B$7:$B$29,Summary!$H$4,SHS!$J$7:$J$29,Summary!$B$51)) -> 0 | J59: =IF(ISBLANK($H$4),SUMIF(SHS!$J$7:$J$29,Summary!$B$51,SHS!BB$7:BB$29),SUMIFS(SHS!BB$7:BB$29,SHS!$B$7:$B$29,Summary!$H$4,SHS!$J$7:$J$29,Summary!$B$51)) -> 0 | K59: =SUM(I59:J59) -> 0
B60: Drug Abuse | C60: =IF(ISBLANK($H$4),SUMIF(ES!$J$8:$J$74,Summary!$B$51,ES!FG$8:FG$74),SUMIFS(ES!FG$8:FG$74,ES!$B$8:$B$74,Summary!$H$4,ES!$J$8:$J$74,Summary!$B$51)) -> 0 | D60: =IF(ISBLANK($H$4),SUMIF(ES!$J$8:$J$74,Summary!$B$51,ES!FH$8:FH$74),SUMIFS(ES!FH$8:FH$74,ES!$B$8:$B$74,Summary!$H$4,ES!$J$8:$J$74,Summary!$B$51)) -> 0 | E60: =SUM(C60:D60) -> 0 | F60: =IF(ISBLANK($H$4),SUMIF(JHS!$J$7:$J$1510,Summary!$B$51,JHS!CU$7:CU$1510),SUMIFS(JHS!CU$7:CU$1510,JHS!$B$7:$B$1510,Summary!$H$4,JHS!$J$7:$J$1510,Summary!$B$51)) -> 0 | G60: =IF(ISBLANK($H$4),SUMIF(JHS!$J$7:$J$1510,Summary!$B$51,JHS!CV$7:CV$1510),SUMIFS(JHS!CV$7:CV$1510,JHS!$B$7:$B$1510,Summary!$H$4,JHS!$J$7:$J$1510,Summary!$B$51)) -> 0 | H60: =SUM(F60:G60) -> 0 | I60: =IF(ISBLANK($H$4),SUMIF(SHS!$J$7:$J$29,Summary!$B$51,SHS!BO$7:BO$29),SUMIFS(SHS!BO$7:BO$29,SHS!$B$7:$B$29,Summary!$H$4,SHS!$J$7:$J$29,Summary!$B$51)) -> 0 | J60: =IF(ISBLANK($H$4),SUMIF(SHS!$J$7:$J$29,Summary!$B$51,SHS!BP$7:BP$29),SUMIFS(SHS!BP$7:BP$29,SHS!$B$7:$B$29,Summary!$H$4,SHS!$J$7:$J$29,Summary!$B$51)) -> 0 | K60: =SUM(I60:J60) -> 0
B61: Poor Academic Performance | C61: =IF(ISBLANK($H$4),SUMIF(ES!$J$8:$J$74,Summary!$B$51,ES!FZ$8:FZ$74),SUMIFS(ES!FZ$8:FZ$74,ES!$B$8:$B$74,Summary!$H$4,ES!$J$8:$J$74,Summary!$B$51)) -> 0 | D61: =IF(ISBLANK($H$4),SUMIF(ES!$J$8:$J$74,Summary!$B$51,ES!GA$8:GA$74),SUMIFS(ES!GA$8:GA$74,ES!$B$8:$B$74,Summary!$H$4,ES!$J$8:$J$74,Summary!$B$51)) -> 0 | E61: =SUM(C61:D61) -> 0 | F61: =IF(ISBLANK($H$4),SUMIF(JHS!$J$7:$J$1510,Summary!$B$51,JHS!DF$7:DF$1510),SUMIFS(JHS!DF$7:DF$1510,JHS!$B$7:$B$1510,Summary!$H$4,JHS!$J$7:$J$1510,Summary!$B$51)) -> 0 | G61: =IF(ISBLANK($H$4),SUMIF(JHS!$J$7:$J$1510,Summary!$B$51,JHS!DG$7:DG$1510),SUMIFS(JHS!DG$7:DG$1510,JHS!$B$7:$B$1510,Summary!$H$4,JHS!$J$7:$J$1510,Summary!$B$51)) -> 0 | H61: =SUM(F61:G61) -> 0 | I61: =IF(ISBLANK($H$4),SUMIF(SHS!$J$7:$J$29,Summary!$B$51,SHS!BV$7:BV$29),SUMIFS(SHS!BV$7:BV$29,SHS!$B$7:$B$29,Summary!$H$4,SHS!$J$7:$J$29,Summary!$B$51)) -> 0 | J61: =IF(ISBLANK($H$4),SUMIF(SHS!$J$7:$J$29,Summary!$B$51,SHS!BW$7:BW$29),SUMIFS(SHS!BW$7:BW$29,SHS!$B$7:$B$29,Summary!$H$4,SHS!$J$7:$J$29,Summary!$B$51)) -> 0 | K61: =SUM(I61:J61) -> 0
B62: Lack of interest/Distractions | C62: =IF(ISBLANK($H$4),SUMIF(ES!$J$8:$J$74,Summary!$B$51,ES!GS$8:GS$74),SUMIFS(ES!GS$8:GS$74,ES!$B$8:$B$74,Summary!$H$4,ES!$J$8:$J$74,Summary!$B$51)) -> 1 | D62: =IF(ISBLANK($H$4),SUMIF(ES!$J$8:$J$74,Summary!$B$51,ES!GT$8:GT$74),SUMIFS(ES!GT$8:GT$74,ES!$B$8:$B$74,Summary!$H$4,ES!$J$8:$J$74,Summary!$B$51)) -> 0 | E62: =SUM(C62:D62) -> 1 | F62: =IF(ISBLANK($H$4),SUMIF(JHS!$J$7:$J$1510,Summary!$B$51,JHS!DQ$7:DQ$1510),SUMIFS(JHS!DQ$7:DQ$1510,JHS!$B$7:$B$1510,Summary!$H$4,JHS!$J$7:$J$1510,Summary!$B$51)) -> 12 | G62: =IF(ISBLANK($H$4),SUMIF(JHS!$J$7:$J$1510,Summary!$B$51,JHS!DR$7:DR$1510),SUMIFS(JHS!DR$7:DR$1510,JHS!$B$7:$B$1510,Summary!$H$4,JHS!$J$7:$J$1510,Summary!$B$51)) -> 4 | H62: =SUM(F62:G62) -> 16 | I62: =IF(ISBLANK($H$4),SUMIF(SHS!$J$7:$J$29,Summary!$B$51,SHS!CC$7:CC$29),SUMIFS(SHS!CC$7:CC$29,SHS!$B$7:$B$29,Summary!$H$4,SHS!$J$7:$J$29,Summary!$B$51)) -> 3 | J62: =IF(ISBLANK($H$4),SUMIF(SHS!$J$7:$J$29,Summary!$B$51,SHS!CD$7:CD$29),SUMIFS(SHS!CD$7:CD$29,SHS!$B$7:$B$29,Summary!$H$4,SHS!$J$7:$J$29,Summary!$B$51)) -> 1 | K62: =SUM(I62:J62) -> 4
B63: Hunger/Malnutrition | C63: =IF(ISBLANK($H$4),SUMIF(ES!$J$8:$J$74,Summary!$B$51,ES!HL$8:HL$74),SUMIFS(ES!HL$8:HL$74,ES!$B$8:$B$74,Summary!$H$4,ES!$J$8:$J$74,Summary!$B$51)) -> 0 | D63: =IF(ISBLANK($H$4),SUMIF(ES!$J$8:$J$74,Summary!$B$51,ES!HM$8:HM$74),SUMIFS(ES!HM$8:HM$74,ES!$B$8:$B$74,Summary!$H$4,ES!$J$8:$J$74,Summary!$B$51)) -> 0 | E63: =SUM(C63:D63) -> 0 | F63: =IF(ISBLANK($H$4),SUMIF(JHS!$J$7:$J$1510,Summary!$B$51,JHS!EB$7:EB$1510),SUMIFS(JHS!EB$7:EB$1510,JHS!$B$7:$B$1510,Summary!$H$4,JHS!$J$7:$J$1510,Summary!$B$51)) -> 0 | G63: =IF(ISBLANK($H$4),SUMIF(JHS!$J$7:$J$1510,Summary!$B$51,JHS!EC$7:EC$1510),SUMIFS(JHS!EC$7:EC$1510,JHS!$B$7:$B$1510,Summary!$H$4,JHS!$J$7:$J$1510,Summary!$B$51)) -> 0 | H63: =SUM(F63:G63) -> 0 | I63: =IF(ISBLANK($H$4),SUMIF(SHS!$J$7:$J$29,Summary!$B$51,SHS!CJ$7:CJ$29),SUMIFS(SHS!CJ$7:CJ$29,SHS!$B$7:$B$29,Summary!$H$4,SHS!$J$7:$J$29,Summary!$B$51)) -> 0 | J63: =IF(ISBLANK($H$4),SUMIF(SHS!$J$7:$J$29,Summary!$B$51,SHS!CK$7:CK$29),SUMIFS(SHS!CK$7:CK$29,SHS!$B$7:$B$29,Summary!$H$4,SHS!$J$7:$J$29,Summary!$B$51)) -> 0 | K63: =SUM(I63:J63) -> 0
B64: Teacher Factors | C64: =IF(ISBLANK($H$4),SUMIF(ES!$J$8:$J$74,Summary!$B$51,ES!IE$8:IE$74),SUMIFS(ES!IE$8:IE$74,ES!$B$8:$B$74,Summary!$H$4,ES!$J$8:$J$74,Summary!$B$51)) -> 0 | D64: =IF(ISBLANK($H$4),SUMIF(ES!$J$8:$J$74,Summary!$B$51,ES!IF$8:IF$74),SUMIFS(ES!IF$8:IF$74,ES!$B$8:$B$74,Summary!$H$4,ES!$J$8:$J$74,Summary!$B$51)) -> 0 | E64: =SUM(C64:D64) -> 0 | F64: =IF(ISBLANK($H$4),SUMIF(JHS!$J$7:$J$1510,Summary!$B$51,JHS!EM$7:EM$1510),SUMIFS(JHS!EM$7:EM$1510,JHS!$B$7:$B$1510,Summary!$H$4,JHS!$J$7:$J$1510,Summary!$B$51)) -> 0 | G64: =IF(ISBLANK($H$4),SUMIF(JHS!$J$7:$J$1510,Summary!$B$51,JHS!EN$7:EN$1510),SUMIFS(JHS!EN$7:EN$1510,JHS!$B$7:$B$1510,Summary!$H$4,JHS!$J$7:$J$1510,Summary!$B$51)) -> 0 | H64: =SUM(F64:G64) -> 0 | I64: =IF(ISBLANK($H$4),SUMIF(SHS!$J$7:$J$29,Summary!$B$51,SHS!CQ$7:CQ$29),SUMIFS(SHS!CQ$7:CQ$29,SHS!$B$7:$B$29,Summary!$H$4,SHS!$J$7:$J$29,Summary!$B$51)) -> 0 | J64: =IF(ISBLANK($H$4),SUMIF(SHS!$J$7:$J$29,Summary!$B$51,SHS!CR$7:CR$29),SUMIFS(SHS!CR$7:CR$29,SHS!$B$7:$B$29,Summary!$H$4,SHS!$J$7:$J$29,Summary!$B$51)) -> 0 | K64: =SUM(I64:J64) -> 0
B65: Physical Conditions of Classrooms | C65: =IF(ISBLANK($H$4),SUMIF(ES!$J$8:$J$74,Summary!$B$51,ES!IX$8:IX$74),SUMIFS(ES!IX$8:IX$74,ES!$B$8:$B$74,Summary!$H$4,ES!$J$8:$J$74,Summary!$B$51)) -> 0 | D65: =IF(ISBLANK($H$4),SUMIF(ES!$J$8:$J$74,Summary!$B$51,ES!IY$8:IY$74),SUMIFS(ES!IY$8:IY$74,ES!$B$8:$B$74,Summary!$H$4,ES!$J$8:$J$74,Summary!$B$51)) -> 0 | E65: =SUM(C65:D65) -> 0 | F65: =IF(ISBLANK($H$4),SUMIF(JHS!$J$7:$J$1510,Summary!$B$51,JHS!EX$7:EX$1510),SUMIFS(JHS!EX$7:EX$1510,JHS!$B$7:$B$1510,Summary!$H$4,JHS!$J$7:$J$1510,Summary!$B$51)) -> 0 | G65: =IF(ISBLANK($H$4),SUMIF(JHS!$J$7:$J$1510,Summary!$B$51,JHS!EY$7:EY$1510),SUMIFS(JHS!EY$7:EY$1510,JHS!$B$7:$B$1510,Summary!$H$4,JHS!$J$7:$J$1510,Summary!$B$51)) -> 0 | H65: =SUM(F65:G65) -> 0 | I65: =IF(ISBLANK($H$4),SUMIF(SHS!$J$7:$J$29,Summary!$B$51,SHS!CX$7:CX$29),SUMIFS(SHS!CX$7:CX$29,SHS!$B$7:$B$29,Summary!$H$4,SHS!$J$7:$J$29,Summary!$B$51)) -> 0 | J65: =IF(ISBLANK($H$4),SUMIF(SHS!$J$7:$J$29,Summary!$B$51,SHS!CY$7:CY$29),SUMIFS(SHS!CY$7:CY$29,SHS!$B$7:$B$29,Summary!$H$4,SHS!$J$7:$J$29,Summary!$B$51)) -> 0 | K65: =SUM(I65:J65) -> 0
B66: Peer Influences | C66: =IF(ISBLANK($H$4),SUMIF(ES!$J$8:$J$74,Summary!$B$51,ES!JQ$8:JQ$74),SUMIFS(ES!JQ$8:JQ$74,ES!$B$8:$B$74,Summary!$H$4,ES!$J$8:$J$74,Summary!$B$51)) -> 0 | D66: =IF(ISBLANK($H$4),SUMIF(ES!$J$8:$J$74,Summary!$B$51,ES!JR$8:JR$74),SUMIFS(ES!JR$8:JR$74,ES!$B$8:$B$74,Summary!$H$4,ES!$J$8:$J$74,Summary!$B$51)) -> 0 | E66: =SUM(C66:D66) -> 0 | F66: =IF(ISBLANK($H$4),SUMIF(JHS!$J$7:$J$1510,Summary!$B$51,JHS!FI$7:FI$1510),SUMIFS(JHS!FI$7:FI$1510,JHS!$B$7:$B$1510,Summary!$H$4,JHS!$J$7:$J$1510,Summary!$B$51)) -> 0 | G66: =IF(ISBLANK($H$4),SUMIF(JHS!$J$7:$J$1510,Summary!$B$51,JHS!FJ$7:FJ$1510),SUMIFS(JHS!FJ$7:FJ$1510,JHS!$B$7:$B$1510,Summary!$H$4,JHS!$J$7:$J$1510,Summary!$B$51)) -> 0 | H66: =SUM(F66:G66) -> 0 | I66: =IF(ISBLANK($H$4),SUMIF(SHS!$J$7:$J$29,Summary!$B$51,SHS!DE$7:DE$29),SUMIFS(SHS!DE$7:DE$29,SHS!$B$7:$B$29,Summary!$H$4,SHS!$J$7:$J$29,Summary!$B$51)) -> 2 | J66: =IF(ISBLANK($H$4),SUMIF(SHS!$J$7:$J$29,Summary!$B$51,SHS!DF$7:DF$29),SUMIFS(SHS!DF$7:DF$29,SHS!$B$7:$B$29,Summary!$H$4,SHS!$J$7:$J$29,Summary!$B$51)) -> 0 | K66: =SUM(I66:J66) -> 2
B67: Distance between Home and School | C67: =IF(ISBLANK($H$4),SUMIF(ES!$J$8:$J$74,Summary!$B$51,ES!KJ$8:KJ$74),SUMIFS(ES!KJ$8:KJ$74,ES!$B$8:$B$74,Summary!$H$4,ES!$J$8:$J$74,Summary!$B$51)) -> 1 | D67: =IF(ISBLANK($H$4),SUMIF(ES!$J$8:$J$74,Summary!$B$51,ES!KK$8:KK$74),SUMIFS(ES!KK$8:KK$74,ES!$B$8:$B$74,Summary!$H$4,ES!$J$8:$J$74,Summary!$B$51)) -> 1 | E67: =SUM(C67:D67) -> 2 | F67: =IF(ISBLANK($H$4),SUMIF(JHS!$J$7:$J$1510,Summary!$B$51,JHS!FT$7:FT$1510),SUMIFS(JHS!FT$7:FT$1510,JHS!$B$7:$B$1510,Summary!$H$4,JHS!$J$7:$J$1510,Summary!$B$51)) -> 0 | G67: =IF(ISBLANK($H$4),SUMIF(JHS!$J$7:$J$1510,Summary!$B$51,JHS!FU$7:FU$1510),SUMIFS(JHS!FU$7:FU$1510,JHS!$B$7:$B$1510,Summary!$H$4,JHS!$J$7:$J$1510,Summary!$B$51)) -> 0 | H67: =SUM(F67:G67) -> 0 | I67: =IF(ISBLANK($H$4),SUMIF(SHS!$J$7:$J$29,Summary!$B$51,SHS!DL$7:DL$29),SUMIFS(SHS!DL$7:DL$29,SHS!$B$7:$B$29,Summary!$H$4,SHS!$J$7:$J$29,Summary!$B$51)) -> 0 | J67: =IF(ISBLANK($H$4),SUMIF(SHS!$J$7:$J$29,Summary!$B$51,SHS!DM$7:DM$29),SUMIFS(SHS!DM$7:DM$29,SHS!$B$7:$B$29,Summary!$H$4,SHS!$J$7:$J$29,Summary!$B$51)) -> 0 | K67: =SUM(I67:J67) -> 0
B68: Armed Conflict | C68: =IF(ISBLANK($H$4),SUMIF(ES!$J$8:$J$74,Summary!$B$51,ES!LC$8:LC$74),SUMIFS(ES!LC$8:LC$74,ES!$B$8:$B$74,Summary!$H$4,ES!$J$8:$J$74,Summary!$B$51)) -> 0 | D68: =IF(ISBLANK($H$4),SUMIF(ES!$J$8:$J$74,Summary!$B$51,ES!LD$8:LD$74),SUMIFS(ES!LD$8:LD$74,ES!$B$8:$B$74,Summary!$H$4,ES!$J$8:$J$74,Summary!$B$51)) -> 0 | E68: =SUM(C68:D68) -> 0 | F68: =IF(ISBLANK($H$4),SUMIF(JHS!$J$7:$J$1510,Summary!$B$51,JHS!GE$7:GE$1510),SUMIFS(JHS!GE$7:GE$1510,JHS!$B$7:$B$1510,Summary!$H$4,JHS!$J$7:$J$1510,Summary!$B$51)) -> 0 | G68: =IF(ISBLANK($H$4),SUMIF(JHS!$J$7:$J$1510,Summary!$B$51,JHS!GF$7:GF$1510),SUMIFS(JHS!GF$7:GF$1510,JHS!$B$7:$B$1510,Summary!$H$4,JHS!$J$7:$J$1510,Summary!$B$51)) -> 0 | H68: =SUM(F68:G68) -> 0 | I68: =IF(ISBLANK($H$4),SUMIF(SHS!$J$7:$J$29,Summary!$B$51,SHS!DS$7:DS$29),SUMIFS(SHS!DS$7:DS$29,SHS!$B$7:$B$29,Summary!$H$4,SHS!$J$7:$J$29,Summary!$B$51)) -> 0 | J68: =IF(ISBLANK($H$4),SUMIF(SHS!$J$7:$J$29,Summary!$B$51,SHS!DT$7:DT$29),SUMIFS(SHS!DT$7:DT$29,SHS!$B$7:$B$29,Summary!$H$4,SHS!$J$7:$J$29,Summary!$B$51)) -> 0 | K68: =SUM(I68:J68) -> 0
B69: Calamities/Disasters | C69: =IF(ISBLANK($H$4),SUMIF(ES!$J$8:$J$74,Summary!$B$51,ES!LV$8:LV$74),SUMIFS(ES!LV$8:LV$74,ES!$B$8:$B$74,Summary!$H$4,ES!$J$8:$J$74,Summary!$B$51)) -> 0 | D69: =IF(ISBLANK($H$4),SUMIF(ES!$J$8:$J$74,Summary!$B$51,ES!LW$8:LW$74),SUMIFS(ES!LW$8:LW$74,ES!$B$8:$B$74,Summary!$H$4,ES!$J$8:$J$74,Summary!$B$51)) -> 0 | E69: =SUM(C69:D69) -> 0 | F69: =IF(ISBLANK($H$4),SUMIF(JHS!$J$7:$J$1510,Summary!$B$51,JHS!GP$7:GP$1510),SUMIFS(JHS!GP$7:GP$1510,JHS!$B$7:$B$1510,Summary!$H$4,JHS!$J$7:$J$1510,Summary!$B$51)) -> 0 | G69: =IF(ISBLANK($H$4),SUMIF(JHS!$J$7:$J$1510,Summary!$B$51,JHS!GQ$7:GQ$1510),SUMIFS(JHS!GQ$7:GQ$1510,JHS!$B$7:$B$1510,Summary!$H$4,JHS!$J$7:$J$1510,Summary!$B$51)) -> 0 | H69: =SUM(F69:G69) -> 0 | I69: =IF(ISBLANK($H$4),SUMIF(SHS!$J$7:$J$29,Summary!$B$51,SHS!DZ$7:DZ$29),SUMIFS(SHS!DZ$7:DZ$29,SHS!$B$7:$B$29,Summary!$H$4,SHS!$J$7:$J$29,Summary!$B$51)) -> 0 | J69: =IF(ISBLANK($H$4),SUMIF(SHS!$J$7:$J$29,Summary!$B$51,SHS!EA$7:EA$29),SUMIFS(SHS!EA$7:EA$29,SHS!$B$7:$B$29,Summary!$H$4,SHS!$J$7:$J$29,Summary!$B$51)) -> 0 | K69: =SUM(I69:J69) -> 0
B70: Child Labor, Work | C70: =IF(ISBLANK($H$4),SUMIF(ES!$J$8:$J$74,Summary!$B$51,ES!MO$8:MO$74),SUMIFS(ES!MO$8:MO$74,ES!$B$8:$B$74,Summary!$H$4,ES!$J$8:$J$74,Summary!$B$51)) -> 0 | D70: =IF(ISBLANK($H$4),SUMIF(ES!$J$8:$J$74,Summary!$B$51,ES!MP$8:MP$74),SUMIFS(ES!MP$8:MP$74,ES!$B$8:$B$74,Summary!$H$4,ES!$J$8:$J$74,Summary!$B$51)) -> 0 | E70: =SUM(C70:D70) -> 0 | F70: =IF(ISBLANK($H$4),SUMIF(JHS!$J$7:$J$1510,Summary!$B$51,JHS!HA$7:HA$1510),SUMIFS(JHS!HA$7:HA$1510,JHS!$B$7:$B$1510,Summary!$H$4,JHS!$J$7:$J$1510,Summary!$B$51)) -> 0 | G70: =IF(ISBLANK($H$4),SUMIF(JHS!$J$7:$J$1510,Summary!$B$51,JHS!HB$7:HB$1510),SUMIFS(JHS!HB$7:HB$1510,JHS!$B$7:$B$1510,Summary!$H$4,JHS!$J$7:$J$1510,Summary!$B$51)) -> 0 | H70: =SUM(F70:G70) -> 0 | I70: =IF(ISBLANK($H$4),SUMIF(SHS!$J$7:$J$29,Summary!$B$51,SHS!EG$7:EG$29),SUMIFS(SHS!EG$7:EG$29,SHS!$B$7:$B$29,Summary!$H$4,SHS!$J$7:$J$29,Summary!$B$51)) -> 0 | J70: =IF(ISBLANK($H$4),SUMIF(SHS!$J$7:$J$29,Summary!$B$51,SHS!EH$7:EH$29),SUMIFS(SHS!EH$7:EH$29,SHS!$B$7:$B$29,Summary!$H$4,SHS!$J$7:$J$29,Summary!$B$51)) -> 0 | K70: =SUM(I70:J70) -> 0
B71: Death | C71: =IF(ISBLANK($H$4),SUMIF(ES!$J$8:$J$74,Summary!$B$51,ES!EN$8:EN$74),SUMIFS(ES!EN$8:EN$74,ES!$B$8:$B$74,Summary!$H$4,ES!$J$8:$J$74,Summary!$B$51)) -> 0 | D71: =IF(ISBLANK($H$4),SUMIF(ES!$J$8:$J$74,Summary!$B$51,ES!EO$8:EO$74),SUMIFS(ES!EO$8:EO$74,ES!$B$8:$B$74,Summary!$H$4,ES!$J$8:$J$74,Summary!$B$51)) -> 1 | E71: =SUM(C71:D71) -> 1 | F71: =IF(ISBLANK($H$4),SUMIF(JHS!$J$7:$J$1510,Summary!$B$51,JHS!CJ$7:CJ$1510),SUMIFS(JHS!CJ$7:CJ$1510,JHS!$B$7:$B$1510,Summary!$H$4,JHS!$J$7:$J$1510,Summary!$B$51)) -> 0 | G71: =IF(ISBLANK($H$4),SUMIF(JHS!$J$7:$J$1510,Summary!$B$51,JHS!CK$7:CK$1510),SUMIFS(JHS!CK$7:CK$1510,JHS!$B$7:$B$1510,Summary!$H$4,JHS!$J$7:$J$1510,Summary!$B$51)) -> 0 | H71: =SUM(F71:G71) -> 0 | I71: =IF(ISBLANK($H$4),SUMIF(SHS!$J$7:$J$29,Summary!$B$51,SHS!BH$7:BH$29),SUMIFS(SHS!BH$7:BH$29,SHS!$B$7:$B$29,Summary!$H$4,SHS!$J$7:$J$29,Summary!$B$51)) -> 0 | J71: =IF(ISBLANK($H$4),SUMIF(SHS!$J$7:$J$29,Summary!$B$51,SHS!BI$7:BI$29),SUMIFS(SHS!BI$7:BI$29,SHS!$B$7:$B$29,Summary!$H$4,SHS!$J$7:$J$29,Summary!$B$51)) -> 0 | K71: =SUM(I71:J71) -> 0
B72: REGION XI | C72: =SUM(C54:C71) -> 4 | D72: =SUM(D54:D71) -> 2 | E72: =SUM(E54:E71) -> 6 | F72: =SUM(F54:F71) -> 16 | G72: =SUM(G54:G71) -> 7 | H72: =SUM(H54:H71) -> 23 | I72: =SUM(I54:I71) -> 5 | J72: =SUM(J54:J71) -> 1 | K72: =SUM(K54:K71) -> 6
