Workbook
Name TableRegionDivision: List!$E$2:$E$229

Sheet List
A1: SEX | C1: RF13 Codes | E1: Region-Divison | F1: Flitered List
A2: Male | C2: 1. Joint Transfer | E2: Region I-Alaminos City | F2: {=TRANSPOSE(_xlfn._xlws.FILTER(TableRegionDivision,ISNUMBER(SEARCH('RF08 (TRANSFER-RELATED ISSUES)'!$B13,TableRegionDivision)),"Not found"))} -> Region I-Alaminos City | G2: Region I-Batac City | H2: Region I-Candon City | I2: Region I-Dagupan City | J2: Region I-Ilocos Norte | K2: Region I-Ilocos Sur | L2: Region I-La Union | M2: Region I-Laoag City | N2: Region I-Pangasinan I, Lingayen | O2: Region I-Pangasinan II, Binalonan | P2: Region I-San Carlos City | Q2: Region I-San Fernando City | R2: Region I-Urdaneta City | S2: Region I-Vigan City | T2: Region II-Batanes | U2: Region II-Cagayan | V2: Region II-Cauayan City | W2: Region II-City of Ilagan | X2: Region II-Isabela | Y2: Region II-Nueva Vizcaya | Z2: Region II-Quirino | AA2: Region II-Santiago City | AB2: Region II-Tuguegarao City | AC2: Region III-Angeles City | AD2: Region III-Aurora | AE2: Region III-Balanga City | AF2: Region III-Bataan | AG2: Region III-Bulacan | AH2: Region III-Cabanatuan City | AI2: Region III-Gapan City | AJ2: Region III-Mabalacat City | AK2: Region III-Malolos City | AL2: Region III-Meycauayan City | AM2: Region III-Munoz Science City | AN2: Region III-Nueva Ecija | AO2: Region III-Olongapo City | AP2: Region III-Pampanga | AQ2: Region III-San Fernando City | AR2: Region III-San Jose City | AS2: Region III-San Jose del Monte City | AT2: Region III-Tarlac | AU2: Region III-Tarlac City | AV2: Region III-Zambales | AW2: Region IV-A-Antipolo City | AX2: Region IV-A-Bacoor City | AY2: Region IV-A-Batangas | AZ2: Region IV-A-Batangas City | BA2: Region IV-A-Binan City | BB2: Region IV-A-Cabuyao | BC2: Region IV-A-Calamba City | BD2: Region IV-A-Cavite | BE2: Region IV-A-Cavite City | BF2: Region IV-A-Dasmarinas City | BG2: Region IV-A-Imus City | BH2: Region IV-A-Laguna | BI2: Region IV-A-Lipa City | BJ2: Region IV-A-Lucena City | BK2: Region IV-A-Quezon | BL2: Region IV-A-Rizal | BM2: Region IV-A-San Pablo City | BN2: Region IV-A-San Pedro City | BO2: Region IV-A-Sta. Rosa City | BP2: Region IV-A-Sto. Tomas City | BQ2: Region IV-A-Tanauan City | BR2: Region IV-A-Tayabas City | BS2: Region IV-A-General Trias | BT2: Region V-Albay | BU2: Region V-Camarines Norte | BV2: Region V-Camarines Sur | BW2: Region V-Catanduanes | BX2: Region V-Iriga City | BY2: Region V-Legaspi City | BZ2: Region V-Ligao City | CA2: Region V-Masbate | CB2: Region V-Masbate City | CC2: Region V-Naga City | CD2: Region V-Sorsogon | CE2: Region V-Sorsogon City | CF2: Region V-Tabaco City | CG2: Region VI-Aklan | CH2: Region VI-Antique | CI2: Region VI-Capiz | CJ2: Region VI-Guimaras | CK2: Region VI-Iloilo | CL2: Region VI-Iloilo City | CM2: Region VI-Passi City | CN2: Region VI-Roxas City | CO2: Region VII-Bogo City | CP2: Region VII-Bohol | CQ2: Region VII-Carcar City | CR2: Region VII-Cebu | CS2: Region VII-Cebu City | CT2: Region VII-City of Naga Cebu | CU2: Region VII-Danao City | CV2: Region VII-Lapu-Lapu City | CW2: Region VII-Mandaue City | CX2: Region VII-Tagbilaran City | CY2: Region VII-Talisay City | CZ2: Region VII-Toledo City | DA2: Region VIII-Baybay City | DB2: Region VIII-Biliran | DC2: Region VIII-Borongan City | DD2: Region VIII-Calbayog City | DE2: Region VIII-Catbalogan City | DF2: Region VIII-Eastern Samar | DG2: Region VIII-Leyte | DH2: Region VIII-Maasin City | DI2: Region VIII-Northern Samar | DJ2: Region VIII-Ormoc City | DK2: Region VIII-Samar (Western Samar) | DL2: Region VIII-Southern Leyte | DM2: Region VIII-Tacloban City | DN2: NIR-Bacolod City | DO2: NIR-Bago City | DP2: NIR-Bais City | DQ2: NIR-Bayawan City | DR2: NIR-Cadiz City | DS2: NIR-Canlaon City | DT2: NIR-Dumaguete City | DU2: NIR-Escalante City | DV2: NIR-Guihulngan City | DW2: NIR-Himamaylan City | DX2: NIR-Kabankalan City | DY2: NIR-La Carlota City | DZ2: NIR-Negros Occidental | EA2: NIR-Negros Oriental | EB2: NIR-Sagay City | EC2: NIR-San Carlos City | ED2: NIR-Silay City | EE2: NIR-Sipalay City | EF2: NIR-Siquijor | EG2: NIR-Tanjay City | EH2: NIR-Victorias City | EI2: Region IX-Dapitan City | EJ2: Region IX-Dipolog City | EK2: Region IX-Isabela City | EL2: Region IX-Pagadian City | EM2: Region IX-Zamboanga City | EN2: Region IX-Zamboanga del Norte | EO2: Region IX-Zamboanga del Sur | EP2: Region IX-Zamboanga Sibugay | EQ2: Region X-Bukidnon | ER2: Region X-Cagayan de Oro City | ES2: Region X-Camiguin | ET2: Region X-El Salvador | EU2: Region X-Gingoog City | EV2: Region X-Iligan City | EW2: Region X-Lanao del Norte | EX2: Region X-Malaybalay City | EY2: Region X-Misamis Occidental | EZ2: Region X-Misamis Oriental | FA2: Region X-Oroquieta City | FB2: Region X-Ozamis City | FC2: Region X-Tangub City | FD2: Region X-Valencia City | FE2: Region XI-Davao de Oro | FF2: Region XI-Davao City | FG2: Region XI-Davao del Norte | FH2: Region XI-Davao del Sur | FI2: Region XI-Davao Oriental | FJ2: Region XI-Digos City | FK2: Region XI-Island Garden City of Samal | FL2: Region XI-Mati City | FM2: Region XI-Panabo City | FN2: Region XI-Tagum City | FO2: Region XI-Davao Occidental | FP2: Region XII-General Santos City | FQ2: Region XII-Kidapawan City | FR2: Region XII-Koronadal City | FS2: Region XII-North Cotabato | FT2: Region XII-Sarangani | FU2: Region XII-South Cotabato | FV2: Region XII-Sultan Kudarat | FW2: Region XII-Tacurong City | FX2: NCR-Caloocan City | FY2: NCR-City of San Juan | FZ2: NCR-Las Pinas City | GA2: NCR-Makati City | GB2: NCR-Malabon City | GC2: NCR-Mandaluyong City | GD2: NCR-Manila | GE2: NCR-Marikina City | GF2: NCR-Muntinlupa City | GG2: NCR-Navotas | GH2: NCR-Paranaque City | GI2: NCR-Pasay City | GJ2: NCR-Pasig City | GK2: NCR-Quezon City | GL2: NCR-Taguig | GM2: NCR-Valenzuela City | GN2: CAR-Abra | GO2: CAR-Apayao | GP2: CAR-Baguio City | GQ2: CAR-Benguet | GR2: CAR-Ifugao | GS2: CAR-Kalinga | GT2: CAR-Mt. Province | GU2: CAR-Tabuk City | GV2: BARMM-Basilan | GW2: BARMM-Cotabato City | GX2: BARMM-Lamitan City | GY2: BARMM-Lanao del Sur - I | GZ2: BARMM-Lanao del Sur - II | HA2: BARMM-Maguindanao I | HB2: BARMM-Maguindanao II | HC2: BARMM-Marawi City | HD2: BARMM-Sulu | HE2: BARMM-Tawi-Tawi | HF2: BARMM-Special Geographic Division | HG2: CARAGA-Agusan del Norte | HH2: CARAGA-Agusan del Sur | HI2: CARAGA-Bayugan City | HJ2: CARAGA-Bislig City | HK2: CARAGA-Butuan City | HL2: CARAGA-Cabadbaran City | HM2: CARAGA-Dinagat Island | HN2: CARAGA-Siargao | HO2: CARAGA-Surigao City | HP2: CARAGA-Surigao del Norte | HQ2: CARAGA-Surigao del Sur | HR2: CARAGA-Tandag City | HS2: MIMAROPA-Calapan City | HT2: MIMAROPA-Marinduque | HU2: MIMAROPA-Occidental Mindoro | HV2: MIMAROPA-Oriental Mindoro | HW2: MIMAROPA-Palawan | HX2: MIMAROPA-Puerto Princesa City | HY2: MIMAROPA-Romblon | HZ2: {=TRANSPOSE(_xlfn._xlws.FILTER(TableRegionDivision,ISNUMBER(SEARCH('RF08 (TRANSFER-RELATED ISSUES)'!$O13,TableRegionDivision)),"Not found"))} -> Region I-Alaminos City | IA2: Region I-Batac City | IB2: Region I-Candon City | IC2: Region I-Dagupan City | ID2: Region I-Ilocos Norte | IE2: Region I-Ilocos Sur | IF2: Region I-La Union | IG2: Region I-Laoag City | IH2: Region I-Pangasinan I, Lingayen | II2: Region I-Pangasinan II, Binalonan | IJ2: Region I-San Carlos City | IK2: Region I-San Fernando City | IL2: Region I-Urdaneta City | IM2: Region I-Vigan City | IN2: Region II-Batanes | IO2: Region II-Cagayan | IP2: Region II-Cauayan City | IQ2: Region II-City of Ilagan | IR2: Region II-Isabela | IS2: Region II-Nueva Vizcaya | IT2: Region II-Quirino | IU2: Region II-Santiago City | IV2: Region II-Tuguegarao City | IW2: Region III-Angeles City | IX2: Region III-Aurora | IY2: Region III-Balanga City | IZ2: Region III-Bataan | JA2: Region III-Bulacan | JB2: Region III-Cabanatuan City | JC2: Region III-Gapan City | JD2: Region III-Mabalacat City | JE2: Region III-Malolos City | JF2: Region III-Meycauayan City | JG2: Region III-Munoz Science City | JH2: Region III-Nueva Ecija | JI2: Region III-Olongapo City | JJ2: Region III-Pampanga | JK2: Region III-San Fernando City | JL2: Region III-San Jose City | JM2: Region III-San Jose del Monte City | JN2: Region III-Tarlac | JO2: Region III-Tarlac City | JP2: Region III-Zambales | JQ2: Region IV-A-Antipolo City | JR2: Region IV-A-Bacoor City | JS2: Region IV-A-Batangas | JT2: Region IV-A-Batangas City | JU2: Region IV-A-Binan City | JV2: Region IV-A-Cabuyao | JW2: Region IV-A-Calamba City | JX2: Region IV-A-Cavite | JY2: Region IV-A-Cavite City | JZ2: Region IV-A-Dasmarinas City | KA2: Region IV-A-Imus City | KB2: Region IV-A-Laguna | KC2: Region IV-A-Lipa City | KD2: Region IV-A-Lucena City | KE2: Region IV-A-Quezon | KF2: Region IV-A-Rizal | KG2: Region IV-A-San Pablo City | KH2: Region IV-A-San Pedro City | KI2: Region IV-A-Sta. Rosa City | KJ2: Region IV-A-Sto. Tomas City | KK2: Region IV-A-Tanauan City | KL2: Region IV-A-Tayabas City | KM2: Region IV-A-General Trias | KN2: Region V-Albay | KO2: Region V-Camarines Norte | KP2: Region V-Camarines Sur | KQ2: Region V-Catanduanes | KR2: Region V-Iriga City | KS2: Region V-Legaspi City | KT2: Region V-Ligao City | KU2: Region V-Masbate | KV2: Region V-Masbate City | KW2: Region V-Naga City | KX2: Region V-Sorsogon | KY2: Region V-Sorsogon City | KZ2: Region V-Tabaco City | LA2: Region VI-Aklan | LB2: Region VI-Antique | LC2: Region VI-Capiz | LD2: Region VI-Guimaras | LE2: Region VI-Iloilo | LF2: Region VI-Iloilo City | LG2: Region VI-Passi City | LH2: Region VI-Roxas City | LI2: Region VII-Bogo City | LJ2: Region VII-Bohol | LK2: Region VII-Carcar City | LL2: Region VII-Cebu | LM2: Region VII-Cebu City | LN2: Region VII-City of Naga Cebu | LO2: Region VII-Danao City | LP2: Region VII-Lapu-Lapu City | LQ2: Region VII-Mandaue City | LR2: Region VII-Tagbilaran City | LS2: Region VII-Talisay City | LT2: Region VII-Toledo City | LU2: Region VIII-Baybay City | LV2: Region VIII-Biliran | LW2: Region VIII-Borongan City | LX2: Region VIII-Calbayog City | LY2: Region VIII-Catbalogan City | LZ2: Region VIII-Eastern Samar | MA2: Region VIII-Leyte | MB2: Region VIII-Maasin City | MC2: Region VIII-Northern Samar | MD2: Region VIII-Ormoc City | ME2: Region VIII-Samar (Western Samar) | MF2: Region VIII-Southern Leyte | MG2: Region VIII-Tacloban City | MH2: NIR-Bacolod City | MI2: NIR-Bago City | MJ2: NIR-Bais City | MK2: NIR-Bayawan City | ML2: NIR-Cadiz City | MM2: NIR-Canlaon City | MN2: NIR-Dumaguete City | MO2: NIR-Escalante City | MP2: NIR-Guihulngan City | MQ2: NIR-Himamaylan City | MR2: NIR-Kabankalan City | MS2: NIR-La Carlota City | MT2: NIR-Negros Occidental | MU2: NIR-Negros Oriental | MV2: NIR-Sagay City | MW2: NIR-San Carlos City | MX2: NIR-Silay City | MY2: NIR-Sipalay City | MZ2: NIR-Siquijor | NA2: NIR-Tanjay City | NB2: NIR-Victorias City | NC2: Region IX-Dapitan City | ND2: Region IX-Dipolog City | NE2: Region IX-Isabela City | NF2: Region IX-Pagadian City | NG2: Region IX-Zamboanga City | NH2: Region IX-Zamboanga del Norte | NI2: Region IX-Zamboanga del Sur | NJ2: Region IX-Zamboanga Sibugay | NK2: Region X-Bukidnon | NL2: Region X-Cagayan de Oro City | NM2: Region X-Camiguin | NN2: Region X-El Salvador | NO2: Region X-Gingoog City | NP2: Region X-Iligan City | NQ2: Region X-Lanao del Norte | NR2: Region X-Malaybalay City | NS2: Region X-Misamis Occidental | NT2: Region X-Misamis Oriental | NU2: Region X-Oroquieta City | NV2: Region X-Ozamis City | NW2: Region X-Tangub City | NX2: Region X-Valencia City | NY2: Region XI-Davao de Oro | NZ2: Region XI-Davao City | OA2: Region XI-Davao del Norte | OB2: Region XI-Davao del Sur | OC2: Region XI-Davao Oriental | OD2: Region XI-Digos City | OE2: Region XI-Island Garden City of Samal | OF2: Region XI-Mati City | OG2: Region XI-Panabo City | OH2: Region XI-Tagum City | OI2: Region XI-Davao Occidental | OJ2: Region XII-General Santos City | OK2: Region XII-Kidapawan City | OL2: Region XII-Koronadal City | OM2: Region XII-North Cotabato | ON2: Region XII-Sarangani | OO2: Region XII-South Cotabato | OP2: Region XII-Sultan Kudarat | OQ2: Region XII-Tacurong City | OR2: NCR-Caloocan City | OS2: NCR-City of San Juan | OT2: NCR-Las Pinas City | OU2: NCR-Makati City | OV2: NCR-Malabon City | OW2: NCR-Mandaluyong City | OX2: NCR-Manila | OY2: NCR-Marikina City | OZ2: NCR-Muntinlupa City | PA2: NCR-Navotas | PB2: NCR-Paranaque City | PC2: NCR-Pasay City | PD2: NCR-Pasig City | PE2: NCR-Quezon City | PF2: NCR-Taguig | PG2: NCR-Valenzuela City | PH2: CAR-Abra | PI2: CAR-Apayao | PJ2: CAR-Baguio City | PK2: CAR-Benguet | PL2: CAR-Ifugao | PM2: CAR-Kalinga | PN2: CAR-Mt. Province | PO2: CAR-Tabuk City | PP2: BARMM-Basilan | PQ2: BARMM-Cotabato City | PR2: BARMM-Lamitan City | PS2: BARMM-Lanao del Sur - I | PT2: BARMM-Lanao del Sur - II | PU2: BARMM-Maguindanao I | PV2: BARMM-Maguindanao II | PW2: BARMM-Marawi City | PX2: BARMM-Sulu | PY2: BARMM-Tawi-Tawi | PZ2: BARMM-Special Geographic Division | QA2: CARAGA-Agusan del Norte | QB2: CARAGA-Agusan del Sur | QC2: CARAGA-Bayugan City | QD2: CARAGA-Bislig City | QE2: CARAGA-Butuan City | QF2: CARAGA-Cabadbaran City | QG2: CARAGA-Dinagat Island | QH2: CARAGA-Siargao | QI2: CARAGA-Surigao City | QJ2: CARAGA-Surigao del Norte | QK2: CARAGA-Surigao del Sur | QL2: CARAGA-Tandag City | QM2: MIMAROPA-Calapan City | QN2: MIMAROPA-Marinduque | QO2: MIMAROPA-Occidental Mindoro | QP2: MIMAROPA-Oriental Mindoro | QQ2: MIMAROPA-Palawan | QR2: MIMAROPA-Puerto Princesa City | QS2: MIMAROPA-Romblon
A3: Female | C3: 2. Transfer Dispute | E3: Region I-Batac City | F3: {=TRANSPOSE(_xlfn._xlws.FILTER(TableRegionDivision,ISNUMBER(SEARCH('RF08 (TRANSFER-RELATED ISSUES)'!$B14,TableRegionDivision)),"Not found"))} -> Region I-Alaminos City | G3: Region I-Batac City | H3: Region I-Candon City | I3: Region I-Dagupan City | J3: Region I-Ilocos Norte | K3: Region I-Ilocos Sur | L3: Region I-La Union | M3: Region I-Laoag City | N3: Region I-Pangasinan I, Lingayen | O3: Region I-Pangasinan II, Binalonan | P3: Region I-San Carlos City | Q3: Region I-San Fernando City | R3: Region I-Urdaneta City | S3: Region I-Vigan City | T3: Region II-Batanes | U3: Region II-Cagayan | V3: Region II-Cauayan City | W3: Region II-City of Ilagan | X3: Region II-Isabela | Y3: Region II-Nueva Vizcaya | Z3: Region II-Quirino | AA3: Region II-Santiago City | AB3: Region II-Tuguegarao City | AC3: Region III-Angeles City | AD3: Region III-Aurora | AE3: Region III-Balanga City | AF3: Region III-Bataan | AG3: Region III-Bulacan | AH3: Region III-Cabanatuan City | AI3: Region III-Gapan City | AJ3: Region III-Mabalacat City | AK3: Region III-Malolos City | AL3: Region III-Meycauayan City | AM3: Region III-Munoz Science City | AN3: Region III-Nueva Ecija | AO3: Region III-Olongapo City | AP3: Region III-Pampanga | AQ3: Region III-San Fernando City | AR3: Region III-San Jose City | AS3: Region III-San Jose del Monte City | AT3: Region III-Tarlac | AU3: Region III-Tarlac City | AV3: Region III-Zambales | AW3: Region IV-A-Antipolo City | AX3: Region IV-A-Bacoor City | AY3: Region IV-A-Batangas | AZ3: Region IV-A-Batangas City | BA3: Region IV-A-Binan City | BB3: Region IV-A-Cabuyao | BC3: Region IV-A-Calamba City | BD3: Region IV-A-Cavite | BE3: Region IV-A-Cavite City | BF3: Region IV-A-Dasmarinas City | BG3: Region IV-A-Imus City | BH3: Region IV-A-Laguna | BI3: Region IV-A-Lipa City | BJ3: Region IV-A-Lucena City | BK3: Region IV-A-Quezon | BL3: Region IV-A-Rizal | BM3: Region IV-A-San Pablo City | BN3: Region IV-A-San Pedro City | BO3: Region IV-A-Sta. Rosa City | BP3: Region IV-A-Sto. Tomas City | BQ3: Region IV-A-Tanauan City | BR3: Region IV-A-Tayabas City | BS3: Region IV-A-General Trias | BT3: Region V-Albay | BU3: Region V-Camarines Norte | BV3: Region V-Camarines Sur | BW3: Region V-Catanduanes | BX3: Region V-Iriga City | BY3: Region V-Legaspi City | BZ3: Region V-Ligao City | CA3: Region V-Masbate | CB3: Region V-Masbate City | CC3: Region V-Naga City | CD3: Region V-Sorsogon | CE3: Region V-Sorsogon City | CF3: Region V-Tabaco City | CG3: Region VI-Aklan | CH3: Region VI-Antique | CI3: Region VI-Capiz | CJ3: Region VI-Guimaras | CK3: Region VI-Iloilo | CL3: Region VI-Iloilo City | CM3: Region VI-Passi City | CN3: Region VI-Roxas City | CO3: Region VII-Bogo City | CP3: Region VII-Bohol | CQ3: Region VII-Carcar City | CR3: Region VII-Cebu | CS3: Region VII-Cebu City | CT3: Region VII-City of Naga Cebu | CU3: Region VII-Danao City | CV3: Region VII-Lapu-Lapu City | CW3: Region VII-Mandaue City | CX3: Region VII-Tagbilaran City | CY3: Region VII-Talisay City | CZ3: Region VII-Toledo City | DA3: Region VIII-Baybay City | DB3: Region VIII-Biliran | DC3: Region VIII-Borongan City | DD3: Region VIII-Calbayog City | DE3: Region VIII-Catbalogan City | DF3: Region VIII-Eastern Samar | DG3: Region VIII-Leyte | DH3: Region VIII-Maasin City | DI3: Region VIII-Northern Samar | DJ3: Region VIII-Ormoc City | DK3: Region VIII-Samar (Western Samar) | DL3: Region VIII-Southern Leyte | DM3: Region VIII-Tacloban City | DN3: NIR-Bacolod City | DO3: NIR-Bago City | DP3: NIR-Bais City | DQ3: NIR-Bayawan City | DR3: NIR-Cadiz City | DS3: NIR-Canlaon City | DT3: NIR-Dumaguete City | DU3: NIR-Escalante City | DV3: NIR-Guihulngan City | DW3: NIR-Himamaylan City | DX3: NIR-Kabankalan City | DY3: NIR-La Carlota City | DZ3: NIR-Negros Occidental | EA3: NIR-Negros Oriental | EB3: NIR-Sagay City | EC3: NIR-San Carlos City | ED3: NIR-Silay City | EE3: NIR-Sipalay City | EF3: NIR-Siquijor | EG3: NIR-Tanjay City | EH3: NIR-Victorias City | EI3: Region IX-Dapitan City | EJ3: Region IX-Dipolog City | EK3: Region IX-Isabela City | EL3: Region IX-Pagadian City | EM3: Region IX-Zamboanga City | EN3: Region IX-Zamboanga del Norte | EO3: Region IX-Zamboanga del Sur | EP3: Region IX-Zamboanga Sibugay | EQ3: Region X-Bukidnon | ER3: Region X-Cagayan de Oro City | ES3: Region X-Camiguin | ET3: Region X-El Salvador | EU3: Region X-Gingoog City | EV3: Region X-Iligan City | EW3: Region X-Lanao del Norte | EX3: Region X-Malaybalay City | EY3: Region X-Misamis Occidental | EZ3: Region X-Misamis Oriental | FA3: Region X-Oroquieta City | FB3: Region X-Ozamis City | FC3: Region X-Tangub City | FD3: Region X-Valencia City | FE3: Region XI-Davao de Oro | FF3: Region XI-Davao City | FG3: Region XI-Davao del Norte | FH3: Region XI-Davao del Sur | FI3: Region XI-Davao Oriental | FJ3: Region XI-Digos City | FK3: Region XI-Island Garden City of Samal | FL3: Region XI-Mati City | FM3: Region XI-Panabo City | FN3: Region XI-Tagum City | FO3: Region XI-Davao Occidental | FP3: Region XII-General Santos City | FQ3: Region XII-Kidapawan City | FR3: Region XII-Koronadal City | FS3: Region XII-North Cotabato | FT3: Region XII-Sarangani | FU3: Region XII-South Cotabato | FV3: Region XII-Sultan Kudarat | FW3: Region XII-Tacurong City | FX3: NCR-Caloocan City | FY3: NCR-City of San Juan | FZ3: NCR-Las Pinas City | GA3: NCR-Makati City | GB3: NCR-Malabon City | GC3: NCR-Mandaluyong City | GD3: NCR-Manila | GE3: NCR-Marikina City | GF3: NCR-Muntinlupa City | GG3: NCR-Navotas | GH3: NCR-Paranaque City | GI3: NCR-Pasay City | GJ3: NCR-Pasig City | GK3: NCR-Quezon City | GL3: NCR-Taguig | GM3: NCR-Valenzuela City | GN3: CAR-Abra | GO3: CAR-Apayao | GP3: CAR-Baguio City | GQ3: CAR-Benguet | GR3: CAR-Ifugao | GS3: CAR-Kalinga | GT3: CAR-Mt. Province | GU3: CAR-Tabuk City | GV3: BARMM-Basilan | GW3: BARMM-Cotabato City | GX3: BARMM-Lamitan City | GY3: BARMM-Lanao del Sur - I | GZ3: BARMM-Lanao del Sur - II | HA3: BARMM-Maguindanao I | HB3: BARMM-Maguindanao II | HC3: BARMM-Marawi City | HD3: BARMM-Sulu | HE3: BARMM-Tawi-Tawi | HF3: BARMM-Special Geographic Division | HG3: CARAGA-Agusan del Norte | HH3: CARAGA-Agusan del Sur | HI3: CARAGA-Bayugan City | HJ3: CARAGA-Bislig City | HK3: CARAGA-Butuan City | HL3: CARAGA-Cabadbaran City | HM3: CARAGA-Dinagat Island | HN3: CARAGA-Siargao | HO3: CARAGA-Surigao City | HP3: CARAGA-Surigao del Norte | HQ3: CARAGA-Surigao del Sur | HR3: CARAGA-Tandag City | HS3: MIMAROPA-Calapan City | HT3: MIMAROPA-Marinduque | HU3: MIMAROPA-Occidental Mindoro | HV3: MIMAROPA-Oriental Mindoro | HW3: MIMAROPA-Palawan | HX3: MIMAROPA-Puerto Princesa City | HY3: MIMAROPA-Romblon | HZ3: {=TRANSPOSE(_xlfn._xlws.FILTER(TableRegionDivision,ISNUMBER(SEARCH('RF08 (TRANSFER-RELATED ISSUES)'!$O14,TableRegionDivision)),"Not found"))} -> Region I-Alaminos City | IA3: Region I-Batac City | IB3: Region I-Candon City | IC3: Region I-Dagupan City | ID3: Region I-Ilocos Norte | IE3: Region I-Ilocos Sur | IF3: Region I-La Union | IG3: Region I-Laoag City | IH3: Region I-Pangasinan I, Lingayen | II3: Region I-Pangasinan II, Binalonan | IJ3: Region I-San Carlos City | IK3: Region I-San Fernando City | IL3: Region I-Urdaneta City | IM3: Region I-Vigan City | IN3: Region II-Batanes | IO3: Region II-Cagayan | IP3: Region II-Cauayan City | IQ3: Region II-City of Ilagan | IR3: Region II-Isabela | IS3: Region II-Nueva Vizcaya | IT3: Region II-Quirino | IU3: Region II-Santiago City | IV3: Region II-Tuguegarao City | IW3: Region III-Angeles City | IX3: Region III-Aurora | IY3: Region III-Balanga City | IZ3: Region III-Bataan | JA3: Region III-Bulacan | JB3: Region III-Cabanatuan City | JC3: Region III-Gapan City | JD3: Region III-Mabalacat City | JE3: Region III-Malolos City | JF3: Region III-Meycauayan City | JG3: Region III-Munoz Science City | JH3: Region III-Nueva Ecija | JI3: Region III-Olongapo City | JJ3: Region III-Pampanga | JK3: Region III-San Fernando City | JL3: Region III-San Jose City | JM3: Region III-San Jose del Monte City | JN3: Region III-Tarlac | JO3: Region III-Tarlac City | JP3: Region III-Zambales | JQ3: Region IV-A-Antipolo City | JR3: Region IV-A-Bacoor City | JS3: Region IV-A-Batangas | JT3: Region IV-A-Batangas City | JU3: Region IV-A-Binan City | JV3: Region IV-A-Cabuyao | JW3: Region IV-A-Calamba City | JX3: Region IV-A-Cavite | JY3: Region IV-A-Cavite City | JZ3: Region IV-A-Dasmarinas City | KA3: Region IV-A-Imus City | KB3: Region IV-A-Laguna | KC3: Region IV-A-Lipa City | KD3: Region IV-A-Lucena City | KE3: Region IV-A-Quezon | KF3: Region IV-A-Rizal | KG3: Region IV-A-San Pablo City | KH3: Region IV-A-San Pedro City | KI3: Region IV-A-Sta. Rosa City | KJ3: Region IV-A-Sto. Tomas City | KK3: Region IV-A-Tanauan City | KL3: Region IV-A-Tayabas City | KM3: Region IV-A-General Trias | KN3: Region V-Albay | KO3: Region V-Camarines Norte | KP3: Region V-Camarines Sur | KQ3: Region V-Catanduanes | KR3: Region V-Iriga City | KS3: Region V-Legaspi City | KT3: Region V-Ligao City | KU3: Region V-Masbate | KV3: Region V-Masbate City | KW3: Region V-Naga City | KX3: Region V-Sorsogon | KY3: Region V-Sorsogon City | KZ3: Region V-Tabaco City | LA3: Region VI-Aklan | LB3: Region VI-Antique | LC3: Region VI-Capiz | LD3: Region VI-Guimaras | LE3: Region VI-Iloilo | LF3: Region VI-Iloilo City | LG3: Region VI-Passi City | LH3: Region VI-Roxas City | LI3: Region VII-Bogo City | LJ3: Region VII-Bohol | LK3: Region VII-Carcar City | LL3: Region VII-Cebu | LM3: Region VII-Cebu City | LN3: Region VII-City of Naga Cebu | LO3: Region VII-Danao City | LP3: Region VII-Lapu-Lapu City | LQ3: Region VII-Mandaue City | LR3: Region VII-Tagbilaran City | LS3: Region VII-Talisay City | LT3: Region VII-Toledo City | LU3: Region VIII-Baybay City | LV3: Region VIII-Biliran | LW3: Region VIII-Borongan City | LX3: Region VIII-Calbayog City | LY3: Region VIII-Catbalogan City | LZ3: Region VIII-Eastern Samar | MA3: Region VIII-Leyte | MB3: Region VIII-Maasin City | MC3: Region VIII-Northern Samar | MD3: Region VIII-Ormoc City | ME3: Region VIII-Samar (Western Samar) | MF3: Region VIII-Southern Leyte | MG3: Region VIII-Tacloban City | MH3: NIR-Bacolod City | MI3: NIR-Bago City | MJ3: NIR-Bais City | MK3: NIR-Bayawan City | ML3: NIR-Cadiz City | MM3: NIR-Canlaon City | MN3: NIR-Dumaguete City | MO3: NIR-Escalante City | MP3: NIR-Guihulngan City | MQ3: NIR-Himamaylan City | MR3: NIR-Kabankalan City | MS3: NIR-La Carlota City | MT3: NIR-Negros Occidental | MU3: NIR-Negros Oriental | MV3: NIR-Sagay City | MW3: NIR-San Carlos City | MX3: NIR-Silay City | MY3: NIR-Sipalay City | MZ3: NIR-Siquijor | NA3: NIR-Tanjay City | NB3: NIR-Victorias City | NC3: Region IX-Dapitan City | ND3: Region IX-Dipolog City | NE3: Region IX-Isabela City | NF3: Region IX-Pagadian City | NG3: Region IX-Zamboanga City | NH3: Region IX-Zamboanga del Norte | NI3: Region IX-Zamboanga del Sur | NJ3: Region IX-Zamboanga Sibugay | NK3: Region X-Bukidnon | NL3: Region X-Cagayan de Oro City | NM3: Region X-Camiguin | NN3: Region X-El Salvador | NO3: Region X-Gingoog City | NP3: Region X-Iligan City | NQ3: Region X-Lanao del Norte | NR3: Region X-Malaybalay City | NS3: Region X-Misamis Occidental | NT3: Region X-Misamis Oriental | NU3: Region X-Oroquieta City | NV3: Region X-Ozamis City | NW3: Region X-Tangub City | NX3: Region X-Valencia City | NY3: Region XI-Davao de Oro | NZ3: Region XI-Davao City | OA3: Region XI-Davao del Norte | OB3: Region XI-Davao del Sur | OC3: Region XI-Davao Oriental | OD3: Region XI-Digos City | OE3: Region XI-Island Garden City of Samal | OF3: Region XI-Mati City | OG3: Region XI-Panabo City | OH3: Region XI-Tagum City | OI3: Region XI-Davao Occidental | OJ3: Region XII-General Santos City | OK3: Region XII-Kidapawan City | OL3: Region XII-Koronadal City | OM3: Region XII-North Cotabato | ON3: Region XII-Sarangani | OO3: Region XII-South Cotabato | OP3: Region XII-Sultan Kudarat | OQ3: Region XII-Tacurong City | OR3: NCR-Caloocan City | OS3: NCR-City of San Juan | OT3: NCR-Las Pinas City | OU3: NCR-Makati City | OV3: NCR-Malabon City | OW3: NCR-Mandaluyong City | OX3: NCR-Manila | OY3: NCR-Marikina City | OZ3: NCR-Muntinlupa City | PA3: NCR-Navotas | PB3: NCR-Paranaque City | PC3: NCR-Pasay City | PD3: NCR-Pasig City | PE3: NCR-Quezon City | PF3: NCR-Taguig | PG3: NCR-Valenzuela City | PH3: CAR-Abra | PI3: CAR-Apayao | PJ3: CAR-Baguio City | PK3: CAR-Benguet | PL3: CAR-Ifugao | PM3: CAR-Kalinga | PN3: CAR-Mt. Province | PO3: CAR-Tabuk City | PP3: BARMM-Basilan | PQ3: BARMM-Cotabato City | PR3: BARMM-Lamitan City | PS3: BARMM-Lanao del Sur - I | PT3: BARMM-Lanao del Sur - II | PU3: BARMM-Maguindanao I | PV3: BARMM-Maguindanao II | PW3: BARMM-Marawi City | PX3: BARMM-Sulu | PY3: BARMM-Tawi-Tawi | PZ3: BARMM-Special Geographic Division | QA3: CARAGA-Agusan del Norte | QB3: CARAGA-Agusan del Sur | QC3: CARAGA-Bayugan City | QD3: CARAGA-Bislig City | QE3: CARAGA-Butuan City | QF3: CARAGA-Cabadbaran City | QG3: CARAGA-Dinagat Island | QH3: CARAGA-Siargao | QI3: CARAGA-Surigao City | QJ3: CARAGA-Surigao del Norte | QK3: CARAGA-Surigao del Sur | QL3: CARAGA-Tandag City | QM3: MIMAROPA-Calapan City | QN3: MIMAROPA-Marinduque | QO3: MIMAROPA-Occidental Mindoro | QP3: MIMAROPA-Oriental Mindoro | QQ3: MIMAROPA-Palawan | QR3: MIMAROPA-Puerto Princesa City | QS3: MIMAROPA-Romblon
C4: 3. Confirmed/Declined but still Pending | E4: Region I-Candon City | F4: {=TRANSPOSE(_xlfn._xlws.FILTER(TableRegionDivision,ISNUMBER(SEARCH('RF08 (TRANSFER-RELATED ISSUES)'!$B15,TableRegionDivision)),"Not found"))} -> Region I-Alaminos City | G4: Region I-Batac City | H4: Region I-Candon City | I4: Region I-Dagupan City | J4: Region I-Ilocos Norte | K4: Region I-Ilocos Sur | L4: Region I-La Union | M4: Region I-Laoag City | N4: Region I-Pangasinan I, Lingayen | O4: Region I-Pangasinan II, Binalonan | P4: Region I-San Carlos City | Q4: Region I-San Fernando City | R4: Region I-Urdaneta City | S4: Region I-Vigan City | T4: Region II-Batanes | U4: Region II-Cagayan | V4: Region II-Cauayan City | W4: Region II-City of Ilagan | X4: Region II-Isabela | Y4: Region II-Nueva Vizcaya | Z4: Region II-Quirino | AA4: Region II-Santiago City | AB4: Region II-Tuguegarao City | AC4: Region III-Angeles City | AD4: Region III-Aurora | AE4: Region III-Balanga City | AF4: Region III-Bataan | AG4: Region III-Bulacan | AH4: Region III-Cabanatuan City | AI4: Region III-Gapan City | AJ4: Region III-Mabalacat City | AK4: Region III-Malolos City | AL4: Region III-Meycauayan City | AM4: Region III-Munoz Science City | AN4: Region III-Nueva Ecija | AO4: Region III-Olongapo City | AP4: Region III-Pampanga | AQ4: Region III-San Fernando City | AR4: Region III-San Jose City | AS4: Region III-San Jose del Monte City | AT4: Region III-Tarlac | AU4: Region III-Tarlac City | AV4: Region III-Zambales | AW4: Region IV-A-Antipolo City | AX4: Region IV-A-Bacoor City | AY4: Region IV-A-Batangas | AZ4: Region IV-A-Batangas City | BA4: Region IV-A-Binan City | BB4: Region IV-A-Cabuyao | BC4: Region IV-A-Calamba City | BD4: Region IV-A-Cavite | BE4: Region IV-A-Cavite City | BF4: Region IV-A-Dasmarinas City | BG4: Region IV-A-Imus City | BH4: Region IV-A-Laguna | BI4: Region IV-A-Lipa City | BJ4: Region IV-A-Lucena City | BK4: Region IV-A-Quezon | BL4: Region IV-A-Rizal | BM4: Region IV-A-San Pablo City | BN4: Region IV-A-San Pedro City | BO4: Region IV-A-Sta. Rosa City | BP4: Region IV-A-Sto. Tomas City | BQ4: Region IV-A-Tanauan City | BR4: Region IV-A-Tayabas City | BS4: Region IV-A-General Trias | BT4: Region V-Albay | BU4: Region V-Camarines Norte | BV4: Region V-Camarines Sur | BW4: Region V-Catanduanes | BX4: Region V-Iriga City | BY4: Region V-Legaspi City | BZ4: Region V-Ligao City | CA4: Region V-Masbate | CB4: Region V-Masbate City | CC4: Region V-Naga City | CD4: Region V-Sorsogon | CE4: Region V-Sorsogon City | CF4: Region V-Tabaco City | CG4: Region VI-Aklan | CH4: Region VI-Antique | CI4: Region VI-Capiz | CJ4: Region VI-Guimaras | CK4: Region VI-Iloilo | CL4: Region VI-Iloilo City | CM4: Region VI-Passi City | CN4: Region VI-Roxas City | CO4: Region VII-Bogo City | CP4: Region VII-Bohol | CQ4: Region VII-Carcar City | CR4: Region VII-Cebu | CS4: Region VII-Cebu City | CT4: Region VII-City of Naga Cebu | CU4: Region VII-Danao City | CV4: Region VII-Lapu-Lapu City | CW4: Region VII-Mandaue City | CX4: Region VII-Tagbilaran City | CY4: Region VII-Talisay City | CZ4: Region VII-Toledo City | DA4: Region VIII-Baybay City | DB4: Region VIII-Biliran | DC4: Region VIII-Borongan City | DD4: Region VIII-Calbayog City | DE4: Region VIII-Catbalogan City | DF4: Region VIII-Eastern Samar | DG4: Region VIII-Leyte | DH4: Region VIII-Maasin City | DI4: Region VIII-Northern Samar | DJ4: Region VIII-Ormoc City | DK4: Region VIII-Samar (Western Samar) | DL4: Region VIII-Southern Leyte | DM4: Region VIII-Tacloban City | DN4: NIR-Bacolod City | DO4: NIR-Bago City | DP4: NIR-Bais City | DQ4: NIR-Bayawan City | DR4: NIR-Cadiz City | DS4: NIR-Canlaon City | DT4: NIR-Dumaguete City | DU4: NIR-Escalante City | DV4: NIR-Guihulngan City | DW4: NIR-Himamaylan City | DX4: NIR-Kabankalan City | DY4: NIR-La Carlota City | DZ4: NIR-Negros Occidental | EA4: NIR-Negros Oriental | EB4: NIR-Sagay City | EC4: NIR-San Carlos City | ED4: NIR-Silay City | EE4: NIR-Sipalay City | EF4: NIR-Siquijor | EG4: NIR-Tanjay City | EH4: NIR-Victorias City | EI4: Region IX-Dapitan City | EJ4: Region IX-Dipolog City | EK4: Region IX-Isabela City | EL4: Region IX-Pagadian City | EM4: Region IX-Zamboanga City | EN4: Region IX-Zamboanga del Norte | EO4: Region IX-Zamboanga del Sur | EP4: Region IX-Zamboanga Sibugay | EQ4: Region X-Bukidnon | ER4: Region X-Cagayan de Oro City | ES4: Region X-Camiguin | ET4: Region X-El Salvador | EU4: Region X-Gingoog City | EV4: Region X-Iligan City | EW4: Region X-Lanao del Norte | EX4: Region X-Malaybalay City | EY4: Region X-Misamis Occidental | EZ4: Region X-Misamis Oriental | FA4: Region X-Oroquieta City | FB4: Region X-Ozamis City | FC4: Region X-Tangub City | FD4: Region X-Valencia City | FE4: Region XI-Davao de Oro | FF4: Region XI-Davao City | FG4: Region XI-Davao del Norte | FH4: Region XI-Davao del Sur | FI4: Region XI-Davao Oriental | FJ4: Region XI-Digos City | FK4: Region XI-Island Garden City of Samal | FL4: Region XI-Mati City | FM4: Region XI-Panabo City | FN4: Region XI-Tagum City | FO4: Region XI-Davao Occidental | FP4: Region XII-General Santos City | FQ4: Region XII-Kidapawan City | FR4: Region XII-Koronadal City | FS4: Region XII-North Cotabato | FT4: Region XII-Sarangani | FU4: Region XII-South Cotabato | FV4: Region XII-Sultan Kudarat | FW4: Region XII-Tacurong City | FX4: NCR-Caloocan City | FY4: NCR-City of San Juan | FZ4: NCR-Las Pinas City | GA4: NCR-Makati City | GB4: NCR-Malabon City | GC4: NCR-Mandaluyong City | GD4: NCR-Manila | GE4: NCR-Marikina City | GF4: NCR-Muntinlupa City | GG4: NCR-Navotas | GH4: NCR-Paranaque City | GI4: NCR-Pasay City | GJ4: NCR-Pasig City | GK4: NCR-Quezon City | GL4: NCR-Taguig | GM4: NCR-Valenzuela City | GN4: CAR-Abra | GO4: CAR-Apayao | GP4: CAR-Baguio City | GQ4: CAR-Benguet | GR4: CAR-Ifugao | GS4: CAR-Kalinga | GT4: CAR-Mt. Province | GU4: CAR-Tabuk City | GV4: BARMM-Basilan | GW4: BARMM-Cotabato City | GX4: BARMM-Lamitan City | GY4: BARMM-Lanao del Sur - I | GZ4: BARMM-Lanao del Sur - II | HA4: BARMM-Maguindanao I | HB4: BARMM-Maguindanao II | HC4: BARMM-Marawi City | HD4: BARMM-Sulu | HE4: BARMM-Tawi-Tawi | HF4: BARMM-Special Geographic Division | HG4: CARAGA-Agusan del Norte | HH4: CARAGA-Agusan del Sur | HI4: CARAGA-Bayugan City | HJ4: CARAGA-Bislig City | HK4: CARAGA-Butuan City | HL4: CARAGA-Cabadbaran City | HM4: CARAGA-Dinagat Island | HN4: CARAGA-Siargao | HO4: CARAGA-Surigao City | HP4: CARAGA-Surigao del Norte | HQ4: CARAGA-Surigao del Sur | HR4: CARAGA-Tandag City | HS4: MIMAROPA-Calapan City | HT4: MIMAROPA-Marinduque | HU4: MIMAROPA-Occidental Mindoro | HV4: MIMAROPA-Oriental Mindoro | HW4: MIMAROPA-Palawan | HX4: MIMAROPA-Puerto Princesa City | HY4: MIMAROPA-Romblon | HZ4: {=TRANSPOSE(_xlfn._xlws.FILTER(TableRegionDivision,ISNUMBER(SEARCH('RF08 (TRANSFER-RELATED ISSUES)'!$O15,TableRegionDivision)),"Not found"))} -> Region I-Alaminos City | IA4: Region I-Batac City | IB4: Region I-Candon City | IC4: Region I-Dagupan City | ID4: Region I-Ilocos Norte | IE4: Region I-Ilocos Sur | IF4: Region I-La Union | IG4: Region I-Laoag City | IH4: Region I-Pangasinan I, Lingayen | II4: Region I-Pangasinan II, Binalonan | IJ4: Region I-San Carlos City | IK4: Region I-San Fernando City | IL4: Region I-Urdaneta City | IM4: Region I-Vigan City | IN4: Region II-Batanes | IO4: Region II-Cagayan | IP4: Region II-Cauayan City | IQ4: Region II-City of Ilagan | IR4: Region II-Isabela | IS4: Region II-Nueva Vizcaya | IT4: Region II-Quirino | IU4: Region II-Santiago City | IV4: Region II-Tuguegarao City | IW4: Region III-Angeles City | IX4: Region III-Aurora | IY4: Region III-Balanga City | IZ4: Region III-Bataan | JA4: Region III-Bulacan | JB4: Region III-Cabanatuan City | JC4: Region III-Gapan City | JD4: Region III-Mabalacat City | JE4: Region III-Malolos City | JF4: Region III-Meycauayan City | JG4: Region III-Munoz Science City | JH4: Region III-Nueva Ecija | JI4: Region III-Olongapo City | JJ4: Region III-Pampanga | JK4: Region III-San Fernando City | JL4: Region III-San Jose City | JM4: Region III-San Jose del Monte City | JN4: Region III-Tarlac | JO4: Region III-Tarlac City | JP4: Region III-Zambales | JQ4: Region IV-A-Antipolo City | JR4: Region IV-A-Bacoor City | JS4: Region IV-A-Batangas | JT4: Region IV-A-Batangas City | JU4: Region IV-A-Binan City | JV4: Region IV-A-Cabuyao | JW4: Region IV-A-Calamba City | JX4: Region IV-A-Cavite | JY4: Region IV-A-Cavite City | JZ4: Region IV-A-Dasmarinas City | KA4: Region IV-A-Imus City | KB4: Region IV-A-Laguna | KC4: Region IV-A-Lipa City | KD4: Region IV-A-Lucena City | KE4: Region IV-A-Quezon | KF4: Region IV-A-Rizal | KG4: Region IV-A-San Pablo City | KH4: Region IV-A-San Pedro City | KI4: Region IV-A-Sta. Rosa City | KJ4: Region IV-A-Sto. Tomas City | KK4: Region IV-A-Tanauan City | KL4: Region IV-A-Tayabas City | KM4: Region IV-A-General Trias | KN4: Region V-Albay | KO4: Region V-Camarines Norte | KP4: Region V-Camarines Sur | KQ4: Region V-Catanduanes | KR4: Region V-Iriga City | KS4: Region V-Legaspi City | KT4: Region V-Ligao City | KU4: Region V-Masbate | KV4: Region V-Masbate City | KW4: Region V-Naga City | KX4: Region V-Sorsogon | KY4: Region V-Sorsogon City | KZ4: Region V-Tabaco City | LA4: Region VI-Aklan | LB4: Region VI-Antique | LC4: Region VI-Capiz | LD4: Region VI-Guimaras | LE4: Region VI-Iloilo | LF4: Region VI-Iloilo City | LG4: Region VI-Passi City | LH4: Region VI-Roxas City | LI4: Region VII-Bogo City | LJ4: Region VII-Bohol | LK4: Region VII-Carcar City | LL4: Region VII-Cebu | LM4: Region VII-Cebu City | LN4: Region VII-City of Naga Cebu | LO4: Region VII-Danao City | LP4: Region VII-Lapu-Lapu City | LQ4: Region VII-Mandaue City | LR4: Region VII-Tagbilaran City | LS4: Region VII-Talisay City | LT4: Region VII-Toledo City | LU4: Region VIII-Baybay City | LV4: Region VIII-Biliran | LW4: Region VIII-Borongan City | LX4: Region VIII-Calbayog City | LY4: Region VIII-Catbalogan City | LZ4: Region VIII-Eastern Samar | MA4: Region VIII-Leyte | MB4: Region VIII-Maasin City | MC4: Region VIII-Northern Samar | MD4: Region VIII-Ormoc City | ME4: Region VIII-Samar (Western Samar) | MF4: Region VIII-Southern Leyte | MG4: Region VIII-Tacloban City | MH4: NIR-Bacolod City | MI4: NIR-Bago City | MJ4: NIR-Bais City | MK4: NIR-Bayawan City | ML4: NIR-Cadiz City | MM4: NIR-Canlaon City | MN4: NIR-Dumaguete City | MO4: NIR-Escalante City | MP4: NIR-Guihulngan City | MQ4: NIR-Himamaylan City | MR4: NIR-Kabankalan City | MS4: NIR-La Carlota City | MT4: NIR-Negros Occidental | MU4: NIR-Negros Oriental | MV4: NIR-Sagay City | MW4: NIR-San Carlos City | MX4: NIR-Silay City | MY4: NIR-Sipalay City | MZ4: NIR-Siquijor | NA4: NIR-Tanjay City | NB4: NIR-Victorias City | NC4: Region IX-Dapitan City | ND4: Region IX-Dipolog City | NE4: Region IX-Isabela City | NF4: Region IX-Pagadian City | NG4: Region IX-Zamboanga City | NH4: Region IX-Zamboanga del Norte | NI4: Region IX-Zamboanga del Sur | NJ4: Region IX-Zamboanga Sibugay | NK4: Region X-Bukidnon | NL4: Region X-Cagayan de Oro City | NM4: Region X-Camiguin | NN4: Region X-El Salvador | NO4: Region X-Gingoog City | NP4: Region X-Iligan City | NQ4: Region X-Lanao del Norte | NR4: Region X-Malaybalay City | NS4: Region X-Misamis Occidental | NT4: Region X-Misamis Oriental | NU4: Region X-Oroquieta City | NV4: Region X-Ozamis City | NW4: Region X-Tangub City | NX4: Region X-Valencia City | NY4: Region XI-Davao de Oro | NZ4: Region XI-Davao City | OA4: Region XI-Davao del Norte | OB4: Region XI-Davao del Sur | OC4: Region XI-Davao Oriental | OD4: Region XI-Digos City | OE4: Region XI-Island Garden City of Samal | OF4: Region XI-Mati City | OG4: Region XI-Panabo City | OH4: Region XI-Tagum City | OI4: Region XI-Davao Occidental | OJ4: Region XII-General Santos City | OK4: Region XII-Kidapawan City | OL4: Region XII-Koronadal City | OM4: Region XII-North Cotabato | ON4: Region XII-Sarangani | OO4: Region XII-South Cotabato | OP4: Region XII-Sultan Kudarat | OQ4: Region XII-Tacurong City | OR4: NCR-Caloocan City | OS4: NCR-City of San Juan | OT4: NCR-Las Pinas City | OU4: NCR-Makati City | OV4: NCR-Malabon City | OW4: NCR-Mandaluyong City | OX4: NCR-Manila | OY4: NCR-Marikina City | OZ4: NCR-Muntinlupa City | PA4: NCR-Navotas | PB4: NCR-Paranaque City | PC4: NCR-Pasay City | PD4: NCR-Pasig City | PE4: NCR-Quezon City | PF4: NCR-Taguig | PG4: NCR-Valenzuela City | PH4: CAR-Abra | PI4: CAR-Apayao | PJ4: CAR-Baguio City | PK4: CAR-Benguet | PL4: CAR-Ifugao | PM4: CAR-Kalinga | PN4: CAR-Mt. Province | PO4: CAR-Tabuk City | PP4: BARMM-Basilan | PQ4: BARMM-Cotabato City | PR4: BARMM-Lamitan City | PS4: BARMM-Lanao del Sur - I | PT4: BARMM-Lanao del Sur - II | PU4: BARMM-Maguindanao I | PV4: BARMM-Maguindanao II | PW4: BARMM-Marawi City | PX4: BARMM-Sulu | PY4: BARMM-Tawi-Tawi | PZ4: BARMM-Special Geographic Division | QA4: CARAGA-Agusan del Norte | QB4: CARAGA-Agusan del Sur | QC4: CARAGA-Bayugan City | QD4: CARAGA-Bislig City | QE4: CARAGA-Butuan City | QF4: CARAGA-Cabadbaran City | QG4: CARAGA-Dinagat Island | QH4: CARAGA-Siargao | QI4: CARAGA-Surigao City | QJ4: CARAGA-Surigao del Norte | QK4: CARAGA-Surigao del Sur | QL4: CARAGA-Tandag City | QM4: MIMAROPA-Calapan City | QN4: MIMAROPA-Marinduque | QO4: MIMAROPA-Occidental Mindoro | QP4: MIMAROPA-Oriental Mindoro | QQ4: MIMAROPA-Palawan | QR4: MIMAROPA-Puerto Princesa City | QS4: MIMAROPA-Romblon
C5: 4. Transfer from Closed School | E5: Region I-Dagupan City | F5: {=TRANSPOSE(_xlfn._xlws.FILTER(TableRegionDivision,ISNUMBER(SEARCH('RF08 (TRANSFER-RELATED ISSUES)'!$B16,TableRegionDivision)),"Not found"))} -> Region I-Alaminos City | G5: Region I-Batac City | H5: Region I-Candon City | I5: Region I-Dagupan City | J5: Region I-Ilocos Norte | K5: Region I-Ilocos Sur | L5: Region I-La Union | M5: Region I-Laoag City | N5: Region I-Pangasinan I, Lingayen | O5: Region I-Pangasinan II, Binalonan | P5: Region I-San Carlos City | Q5: Region I-San Fernando City | R5: Region I-Urdaneta City | S5: Region I-Vigan City | T5: Region II-Batanes | U5: Region II-Cagayan | V5: Region II-Cauayan City | W5: Region II-City of Ilagan | X5: Region II-Isabela | Y5: Region II-Nueva Vizcaya | Z5: Region II-Quirino | AA5: Region II-Santiago City | AB5: Region II-Tuguegarao City | AC5: Region III-Angeles City | AD5: Region III-Aurora | AE5: Region III-Balanga City | AF5: Region III-Bataan | AG5: Region III-Bulacan | AH5: Region III-Cabanatuan City | AI5: Region III-Gapan City | AJ5: Region III-Mabalacat City | AK5: Region III-Malolos City | AL5: Region III-Meycauayan City | AM5: Region III-Munoz Science City | AN5: Region III-Nueva Ecija | AO5: Region III-Olongapo City | AP5: Region III-Pampanga | AQ5: Region III-San Fernando City | AR5: Region III-San Jose City | AS5: Region III-San Jose del Monte City | AT5: Region III-Tarlac | AU5: Region III-Tarlac City | AV5: Region III-Zambales | AW5: Region IV-A-Antipolo City | AX5: Region IV-A-Bacoor City | AY5: Region IV-A-Batangas | AZ5: Region IV-A-Batangas City | BA5: Region IV-A-Binan City | BB5: Region IV-A-Cabuyao | BC5: Region IV-A-Calamba City | BD5: Region IV-A-Cavite | BE5: Region IV-A-Cavite City | BF5: Region IV-A-Dasmarinas City | BG5: Region IV-A-Imus City | BH5: Region IV-A-Laguna | BI5: Region IV-A-Lipa City | BJ5: Region IV-A-Lucena City | BK5: Region IV-A-Quezon | BL5: Region IV-A-Rizal | BM5: Region IV-A-San Pablo City | BN5: Region IV-A-San Pedro City | BO5: Region IV-A-Sta. Rosa City | BP5: Region IV-A-Sto. Tomas City | BQ5: Region IV-A-Tanauan City | BR5: Region IV-A-Tayabas City | BS5: Region IV-A-General Trias | BT5: Region V-Albay | BU5: Region V-Camarines Norte | BV5: Region V-Camarines Sur | BW5: Region V-Catanduanes | BX5: Region V-Iriga City | BY5: Region V-Legaspi City | BZ5: Region V-Ligao City | CA5: Region V-Masbate | CB5: Region V-Masbate City | CC5: Region V-Naga City | CD5: Region V-Sorsogon | CE5: Region V-Sorsogon City | CF5: Region V-Tabaco City | CG5: Region VI-Aklan | CH5: Region VI-Antique | CI5: Region VI-Capiz | CJ5: Region VI-Guimaras | CK5: Region VI-Iloilo | CL5: Region VI-Iloilo City | CM5: Region VI-Passi City | CN5: Region VI-Roxas City | CO5: Region VII-Bogo City | CP5: Region VII-Bohol | CQ5: Region VII-Carcar City | CR5: Region VII-Cebu | CS5: Region VII-Cebu City | CT5: Region VII-City of Naga Cebu | CU5: Region VII-Danao City | CV5: Region VII-Lapu-Lapu City | CW5: Region VII-Mandaue City | CX5: Region VII-Tagbilaran City | CY5: Region VII-Talisay City | CZ5: Region VII-Toledo City | DA5: Region VIII-Baybay City | DB5: Region VIII-Biliran | DC5: Region VIII-Borongan City | DD5: Region VIII-Calbayog City | DE5: Region VIII-Catbalogan City | DF5: Region VIII-Eastern Samar | DG5: Region VIII-Leyte | DH5: Region VIII-Maasin City | DI5: Region VIII-Northern Samar | DJ5: Region VIII-Ormoc City | DK5: Region VIII-Samar (Western Samar) | DL5: Region VIII-Southern Leyte | DM5: Region VIII-Tacloban City | DN5: NIR-Bacolod City | DO5: NIR-Bago City | DP5: NIR-Bais City | DQ5: NIR-Bayawan City | DR5: NIR-Cadiz City | DS5: NIR-Canlaon City | DT5: NIR-Dumaguete City | DU5: NIR-Escalante City | DV5: NIR-Guihulngan City | DW5: NIR-Himamaylan City | DX5: NIR-Kabankalan City | DY5: NIR-La Carlota City | DZ5: NIR-Negros Occidental | EA5: NIR-Negros Oriental | EB5: NIR-Sagay City | EC5: NIR-San Carlos City | ED5: NIR-Silay City | EE5: NIR-Sipalay City | EF5: NIR-Siquijor | EG5: NIR-Tanjay City | EH5: NIR-Victorias City | EI5: Region IX-Dapitan City | EJ5: Region IX-Dipolog City | EK5: Region IX-Isabela City | EL5: Region IX-Pagadian City | EM5: Region IX-Zamboanga City | EN5: Region IX-Zamboanga del Norte | EO5: Region IX-Zamboanga del Sur | EP5: Region IX-Zamboanga Sibugay | EQ5: Region X-Bukidnon | ER5: Region X-Cagayan de Oro City | ES5: Region X-Camiguin | ET5: Region X-El Salvador | EU5: Region X-Gingoog City | EV5: Region X-Iligan City | EW5: Region X-Lanao del Norte | EX5: Region X-Malaybalay City | EY5: Region X-Misamis Occidental | EZ5: Region X-Misamis Oriental | FA5: Region X-Oroquieta City | FB5: Region X-Ozamis City | FC5: Region X-Tangub City | FD5: Region X-Valencia City | FE5: Region XI-Davao de Oro | FF5: Region XI-Davao City | FG5: Region XI-Davao del Norte | FH5: Region XI-Davao del Sur | FI5: Region XI-Davao Oriental | FJ5: Region XI-Digos City | FK5: Region XI-Island Garden City of Samal | FL5: Region XI-Mati City | FM5: Region XI-Panabo City | FN5: Region XI-Tagum City | FO5: Region XI-Davao Occidental | FP5: Region XII-General Santos City | FQ5: Region XII-Kidapawan City | FR5: Region XII-Koronadal City | FS5: Region XII-North Cotabato | FT5: Region XII-Sarangani | FU5: Region XII-South Cotabato | FV5: Region XII-Sultan Kudarat | FW5: Region XII-Tacurong City | FX5: NCR-Caloocan City | FY5: NCR-City of San Juan | FZ5: NCR-Las Pinas City | GA5: NCR-Makati City | GB5: NCR-Malabon City | GC5: NCR-Mandaluyong City | GD5: NCR-Manila | GE5: NCR-Marikina City | GF5: NCR-Muntinlupa City | GG5: NCR-Navotas | GH5: NCR-Paranaque City | GI5: NCR-Pasay City | GJ5: NCR-Pasig City | GK5: NCR-Quezon City | GL5: NCR-Taguig | GM5: NCR-Valenzuela City | GN5: CAR-Abra | GO5: CAR-Apayao | GP5: CAR-Baguio City | GQ5: CAR-Benguet | GR5: CAR-Ifugao | GS5: CAR-Kalinga | GT5: CAR-Mt. Province | GU5: CAR-Tabuk City | GV5: BARMM-Basilan | GW5: BARMM-Cotabato City | GX5: BARMM-Lamitan City | GY5: BARMM-Lanao del Sur - I | GZ5: BARMM-Lanao del Sur - II | HA5: BARMM-Maguindanao I | HB5: BARMM-Maguindanao II | HC5: BARMM-Marawi City | HD5: BARMM-Sulu | HE5: BARMM-Tawi-Tawi | HF5: BARMM-Special Geographic Division | HG5: CARAGA-Agusan del Norte | HH5: CARAGA-Agusan del Sur | HI5: CARAGA-Bayugan City | HJ5: CARAGA-Bislig City | HK5: CARAGA-Butuan City | HL5: CARAGA-Cabadbaran City | HM5: CARAGA-Dinagat Island | HN5: CARAGA-Siargao | HO5: CARAGA-Surigao City | HP5: CARAGA-Surigao del Norte | HQ5: CARAGA-Surigao del Sur | HR5: CARAGA-Tandag City | HS5: MIMAROPA-Calapan City | HT5: MIMAROPA-Marinduque | HU5: MIMAROPA-Occidental Mindoro | HV5: MIMAROPA-Oriental Mindoro | HW5: MIMAROPA-Palawan | HX5: MIMAROPA-Puerto Princesa City | HY5: MIMAROPA-Romblon | HZ5: {=TRANSPOSE(_xlfn._xlws.FILTER(TableRegionDivision,ISNUMBER(SEARCH('RF08 (TRANSFER-RELATED ISSUES)'!$O16,TableRegionDivision)),"Not found"))} -> Region I-Alaminos City | IA5: Region I-Batac City | IB5: Region I-Candon City | IC5: Region I-Dagupan City | ID5: Region I-Ilocos Norte | IE5: Region I-Ilocos Sur | IF5: Region I-La Union | IG5: Region I-Laoag City | IH5: Region I-Pangasinan I, Lingayen | II5: Region I-Pangasinan II, Binalonan | IJ5: Region I-San Carlos City | IK5: Region I-San Fernando City | IL5: Region I-Urdaneta City | IM5: Region I-Vigan City | IN5: Region II-Batanes | IO5: Region II-Cagayan | IP5: Region II-Cauayan City | IQ5: Region II-City of Ilagan | IR5: Region II-Isabela | IS5: Region II-Nueva Vizcaya | IT5: Region II-Quirino | IU5: Region II-Santiago City | IV5: Region II-Tuguegarao City | IW5: Region III-Angeles City | IX5: Region III-Aurora | IY5: Region III-Balanga City | IZ5: Region III-Bataan | JA5: Region III-Bulacan | JB5: Region III-Cabanatuan City | JC5: Region III-Gapan City | JD5: Region III-Mabalacat City | JE5: Region III-Malolos City | JF5: Region III-Meycauayan City | JG5: Region III-Munoz Science City | JH5: Region III-Nueva Ecija | JI5: Region III-Olongapo City | JJ5: Region III-Pampanga | JK5: Region III-San Fernando City | JL5: Region III-San Jose City | JM5: Region III-San Jose del Monte City | JN5: Region III-Tarlac | JO5: Region III-Tarlac City | JP5: Region III-Zambales | JQ5: Region IV-A-Antipolo City | JR5: Region IV-A-Bacoor City | JS5: Region IV-A-Batangas | JT5: Region IV-A-Batangas City | JU5: Region IV-A-Binan City | JV5: Region IV-A-Cabuyao | JW5: Region IV-A-Calamba City | JX5: Region IV-A-Cavite | JY5: Region IV-A-Cavite City | JZ5: Region IV-A-Dasmarinas City | KA5: Region IV-A-Imus City | KB5: Region IV-A-Laguna | KC5: Region IV-A-Lipa City | KD5: Region IV-A-Lucena City | KE5: Region IV-A-Quezon | KF5: Region IV-A-Rizal | KG5: Region IV-A-San Pablo City | KH5: Region IV-A-San Pedro City | KI5: Region IV-A-Sta. Rosa City | KJ5: Region IV-A-Sto. Tomas City | KK5: Region IV-A-Tanauan City | KL5: Region IV-A-Tayabas City | KM5: Region IV-A-General Trias | KN5: Region V-Albay | KO5: Region V-Camarines Norte | KP5: Region V-Camarines Sur | KQ5: Region V-Catanduanes | KR5: Region V-Iriga City | KS5: Region V-Legaspi City | KT5: Region V-Ligao City | KU5: Region V-Masbate | KV5: Region V-Masbate City | KW5: Region V-Naga City | KX5: Region V-Sorsogon | KY5: Region V-Sorsogon City | KZ5: Region V-Tabaco City | LA5: Region VI-Aklan | LB5: Region VI-Antique | LC5: Region VI-Capiz | LD5: Region VI-Guimaras | LE5: Region VI-Iloilo | LF5: Region VI-Iloilo City | LG5: Region VI-Passi City | LH5: Region VI-Roxas City | LI5: Region VII-Bogo City | LJ5: Region VII-Bohol | LK5: Region VII-Carcar City | LL5: Region VII-Cebu | LM5: Region VII-Cebu City | LN5: Region VII-City of Naga Cebu | LO5: Region VII-Danao City | LP5: Region VII-Lapu-Lapu City | LQ5: Region VII-Mandaue City | LR5: Region VII-Tagbilaran City | LS5: Region VII-Talisay City | LT5: Region VII-Toledo City | LU5: Region VIII-Baybay City | LV5: Region VIII-Biliran | LW5: Region VIII-Borongan City | LX5: Region VIII-Calbayog City | LY5: Region VIII-Catbalogan City | LZ5: Region VIII-Eastern Samar | MA5: Region VIII-Leyte | MB5: Region VIII-Maasin City | MC5: Region VIII-Northern Samar | MD5: Region VIII-Ormoc City | ME5: Region VIII-Samar (Western Samar) | MF5: Region VIII-Southern Leyte | MG5: Region VIII-Tacloban City | MH5: NIR-Bacolod City | MI5: NIR-Bago City | MJ5: NIR-Bais City | MK5: NIR-Bayawan City | ML5: NIR-Cadiz City | MM5: NIR-Canlaon City | MN5: NIR-Dumaguete City | MO5: NIR-Escalante City | MP5: NIR-Guihulngan City | MQ5: NIR-Himamaylan City | MR5: NIR-Kabankalan City | MS5: NIR-La Carlota City | MT5: NIR-Negros Occidental | MU5: NIR-Negros Oriental | MV5: NIR-Sagay City | MW5: NIR-San Carlos City | MX5: NIR-Silay City | MY5: NIR-Sipalay City | MZ5: NIR-Siquijor | NA5: NIR-Tanjay City | NB5: NIR-Victorias City | NC5: Region IX-Dapitan City | ND5: Region IX-Dipolog City | NE5: Region IX-Isabela City | NF5: Region IX-Pagadian City | NG5: Region IX-Zamboanga City | NH5: Region IX-Zamboanga del Norte | NI5: Region IX-Zamboanga del Sur | NJ5: Region IX-Zamboanga Sibugay | NK5: Region X-Bukidnon | NL5: Region X-Cagayan de Oro City | NM5: Region X-Camiguin | NN5: Region X-El Salvador | NO5: Region X-Gingoog City | NP5: Region X-Iligan City | NQ5: Region X-Lanao del Norte | NR5: Region X-Malaybalay City | NS5: Region X-Misamis Occidental | NT5: Region X-Misamis Oriental | NU5: Region X-Oroquieta City | NV5: Region X-Ozamis City | NW5: Region X-Tangub City | NX5: Region X-Valencia City | NY5: Region XI-Davao de Oro | NZ5: Region XI-Davao City | OA5: Region XI-Davao del Norte | OB5: Region XI-Davao del Sur | OC5: Region XI-Davao Oriental | OD5: Region XI-Digos City | OE5: Region XI-Island Garden City of Samal | OF5: Region XI-Mati City | OG5: Region XI-Panabo City | OH5: Region XI-Tagum City | OI5: Region XI-Davao Occidental | OJ5: Region XII-General Santos City | OK5: Region XII-Kidapawan City | OL5: Region XII-Koronadal City | OM5: Region XII-North Cotabato | ON5: Region XII-Sarangani | OO5: Region XII-South Cotabato | OP5: Region XII-Sultan Kudarat | OQ5: Region XII-Tacurong City | OR5: NCR-Caloocan City | OS5: NCR-City of San Juan | OT5: NCR-Las Pinas City | OU5: NCR-Makati City | OV5: NCR-Malabon City | OW5: NCR-Mandaluyong City | OX5: NCR-Manila | OY5: NCR-Marikina City | OZ5: NCR-Muntinlupa City | PA5: NCR-Navotas | PB5: NCR-Paranaque City | PC5: NCR-Pasay City | PD5: NCR-Pasig City | PE5: NCR-Quezon City | PF5: NCR-Taguig | PG5: NCR-Valenzuela City | PH5: CAR-Abra | PI5: CAR-Apayao | PJ5: CAR-Baguio City | PK5: CAR-Benguet | PL5: CAR-Ifugao | PM5: CAR-Kalinga | PN5: CAR-Mt. Province | PO5: CAR-Tabuk City | PP5: BARMM-Basilan | PQ5: BARMM-Cotabato City | PR5: BARMM-Lamitan City | PS5: BARMM-Lanao del Sur - I | PT5: BARMM-Lanao del Sur - II | PU5: BARMM-Maguindanao I | PV5: BARMM-Maguindanao II | PW5: BARMM-Marawi City | PX5: BARMM-Sulu | PY5: BARMM-Tawi-Tawi | PZ5: BARMM-Special Geographic Division | QA5: CARAGA-Agusan del Norte | QB5: CARAGA-Agusan del Sur | QC5: CARAGA-Bayugan City | QD5: CARAGA-Bislig City | QE5: CARAGA-Butuan City | QF5: CARAGA-Cabadbaran City | QG5: CARAGA-Dinagat Island | QH5: CARAGA-Siargao | QI5: CARAGA-Surigao City | QJ5: CARAGA-Surigao del Norte | QK5: CARAGA-Surigao del Sur | QL5: CARAGA-Tandag City | QM5: MIMAROPA-Calapan City | QN5: MIMAROPA-Marinduque | QO5: MIMAROPA-Occidental Mindoro | QP5: MIMAROPA-Oriental Mindoro | QQ5: MIMAROPA-Palawan | QR5: MIMAROPA-Puerto Princesa City | QS5: MIMAROPA-Romblon
C6: 5. Transfer from Philippine School Overseas | E6: Region I-Ilocos Norte | F6: {=TRANSPOSE(_xlfn._xlws.FILTER(TableRegionDivision,ISNUMBER(SEARCH('RF08 (TRANSFER-RELATED ISSUES)'!$B17,TableRegionDivision)),"Not found"))} -> Region I-Alaminos City | G6: Region I-Batac City | H6: Region I-Candon City | I6: Region I-Dagupan City | J6: Region I-Ilocos Norte | K6: Region I-Ilocos Sur | L6: Region I-La Union | M6: Region I-Laoag City | N6: Region I-Pangasinan I, Lingayen | O6: Region I-Pangasinan II, Binalonan | P6: Region I-San Carlos City | Q6: Region I-San Fernando City | R6: Region I-Urdaneta City | S6: Region I-Vigan City | T6: Region II-Batanes | U6: Region II-Cagayan | V6: Region II-Cauayan City | W6: Region II-City of Ilagan | X6: Region II-Isabela | Y6: Region II-Nueva Vizcaya | Z6: Region II-Quirino | AA6: Region II-Santiago City | AB6: Region II-Tuguegarao City | AC6: Region III-Angeles City | AD6: Region III-Aurora | AE6: Region III-Balanga City | AF6: Region III-Bataan | AG6: Region III-Bulacan | AH6: Region III-Cabanatuan City | AI6: Region III-Gapan City | AJ6: Region III-Mabalacat City | AK6: Region III-Malolos City | AL6: Region III-Meycauayan City | AM6: Region III-Munoz Science City | AN6: Region III-Nueva Ecija | AO6: Region III-Olongapo City | AP6: Region III-Pampanga | AQ6: Region III-San Fernando City | AR6: Region III-San Jose City | AS6: Region III-San Jose del Monte City | AT6: Region III-Tarlac | AU6: Region III-Tarlac City | AV6: Region III-Zambales | AW6: Region IV-A-Antipolo City | AX6: Region IV-A-Bacoor City | AY6: Region IV-A-Batangas | AZ6: Region IV-A-Batangas City | BA6: Region IV-A-Binan City | BB6: Region IV-A-Cabuyao | BC6: Region IV-A-Calamba City | BD6: Region IV-A-Cavite | BE6: Region IV-A-Cavite City | BF6: Region IV-A-Dasmarinas City | BG6: Region IV-A-Imus City | BH6: Region IV-A-Laguna | BI6: Region IV-A-Lipa City | BJ6: Region IV-A-Lucena City | BK6: Region IV-A-Quezon | BL6: Region IV-A-Rizal | BM6: Region IV-A-San Pablo City | BN6: Region IV-A-San Pedro City | BO6: Region IV-A-Sta. Rosa City | BP6: Region IV-A-Sto. Tomas City | BQ6: Region IV-A-Tanauan City | BR6: Region IV-A-Tayabas City | BS6: Region IV-A-General Trias | BT6: Region V-Albay | BU6: Region V-Camarines Norte | BV6: Region V-Camarines Sur | BW6: Region V-Catanduanes | BX6: Region V-Iriga City | BY6: Region V-Legaspi City | BZ6: Region V-Ligao City | CA6: Region V-Masbate | CB6: Region V-Masbate City | CC6: Region V-Naga City | CD6: Region V-Sorsogon | CE6: Region V-Sorsogon City | CF6: Region V-Tabaco City | CG6: Region VI-Aklan | CH6: Region VI-Antique | CI6: Region VI-Capiz | CJ6: Region VI-Guimaras | CK6: Region VI-Iloilo | CL6: Region VI-Iloilo City | CM6: Region VI-Passi City | CN6: Region VI-Roxas City | CO6: Region VII-Bogo City | CP6: Region VII-Bohol | CQ6: Region VII-Carcar City | CR6: Region VII-Cebu | CS6: Region VII-Cebu City | CT6: Region VII-City of Naga Cebu | CU6: Region VII-Danao City | CV6: Region VII-Lapu-Lapu City | CW6: Region VII-Mandaue City | CX6: Region VII-Tagbilaran City | CY6: Region VII-Talisay City | CZ6: Region VII-Toledo City | DA6: Region VIII-Baybay City | DB6: Region VIII-Biliran | DC6: Region VIII-Borongan City | DD6: Region VIII-Calbayog City | DE6: Region VIII-Catbalogan City | DF6: Region VIII-Eastern Samar | DG6: Region VIII-Leyte | DH6: Region VIII-Maasin City | DI6: Region VIII-Northern Samar | DJ6: Region VIII-Ormoc City | DK6: Region VIII-Samar (Western Samar) | DL6: Region VIII-Southern Leyte | DM6: Region VIII-Tacloban City | DN6: NIR-Bacolod City | DO6: NIR-Bago City | DP6: NIR-Bais City | DQ6: NIR-Bayawan City | DR6: NIR-Cadiz City | DS6: NIR-Canlaon City | DT6: NIR-Dumaguete City | DU6: NIR-Escalante City | DV6: NIR-Guihulngan City | DW6: NIR-Himamaylan City | DX6: NIR-Kabankalan City | DY6: NIR-La Carlota City | DZ6: NIR-Negros Occidental | EA6: NIR-Negros Oriental | EB6: NIR-Sagay City | EC6: NIR-San Carlos City | ED6: NIR-Silay City | EE6: NIR-Sipalay City | EF6: NIR-Siquijor | EG6: NIR-Tanjay City | EH6: NIR-Victorias City | EI6: Region IX-Dapitan City | EJ6: Region IX-Dipolog City | EK6: Region IX-Isabela City | EL6: Region IX-Pagadian City | EM6: Region IX-Zamboanga City | EN6: Region IX-Zamboanga del Norte | EO6: Region IX-Zamboanga del Sur | EP6: Region IX-Zamboanga Sibugay | EQ6: Region X-Bukidnon | ER6: Region X-Cagayan de Oro City | ES6: Region X-Camiguin | ET6: Region X-El Salvador | EU6: Region X-Gingoog City | EV6: Region X-Iligan City | EW6: Region X-Lanao del Norte | EX6: Region X-Malaybalay City | EY6: Region X-Misamis Occidental | EZ6: Region X-Misamis Oriental | FA6: Region X-Oroquieta City | FB6: Region X-Ozamis City | FC6: Region X-Tangub City | FD6: Region X-Valencia City | FE6: Region XI-Davao de Oro | FF6: Region XI-Davao City | FG6: Region XI-Davao del Norte | FH6: Region XI-Davao del Sur | FI6: Region XI-Davao Oriental | FJ6: Region XI-Digos City | FK6: Region XI-Island Garden City of Samal | FL6: Region XI-Mati City | FM6: Region XI-Panabo City | FN6: Region XI-Tagum City | FO6: Region XI-Davao Occidental | FP6: Region XII-General Santos City | FQ6: Region XII-Kidapawan City | FR6: Region XII-Koronadal City | FS6: Region XII-North Cotabato | FT6: Region XII-Sarangani | FU6: Region XII-South Cotabato | FV6: Region XII-Sultan Kudarat | FW6: Region XII-Tacurong City | FX6: NCR-Caloocan City | FY6: NCR-City of San Juan | FZ6: NCR-Las Pinas City | GA6: NCR-Makati City | GB6: NCR-Malabon City | GC6: NCR-Mandaluyong City | GD6: NCR-Manila | GE6: NCR-Marikina City | GF6: NCR-Muntinlupa City | GG6: NCR-Navotas | GH6: NCR-Paranaque City | GI6: NCR-Pasay City | GJ6: NCR-Pasig City | GK6: NCR-Quezon City | GL6: NCR-Taguig | GM6: NCR-Valenzuela City | GN6: CAR-Abra | GO6: CAR-Apayao | GP6: CAR-Baguio City | GQ6: CAR-Benguet | GR6: CAR-Ifugao | GS6: CAR-Kalinga | GT6: CAR-Mt. Province | GU6: CAR-Tabuk City | GV6: BARMM-Basilan | GW6: BARMM-Cotabato City | GX6: BARMM-Lamitan City | GY6: BARMM-Lanao del Sur - I | GZ6: BARMM-Lanao del Sur - II | HA6: BARMM-Maguindanao I | HB6: BARMM-Maguindanao II | HC6: BARMM-Marawi City | HD6: BARMM-Sulu | HE6: BARMM-Tawi-Tawi | HF6: BARMM-Special Geographic Division | HG6: CARAGA-Agusan del Norte | HH6: CARAGA-Agusan del Sur | HI6: CARAGA-Bayugan City | HJ6: CARAGA-Bislig City | HK6: CARAGA-Butuan City | HL6: CARAGA-Cabadbaran City | HM6: CARAGA-Dinagat Island | HN6: CARAGA-Siargao | HO6: CARAGA-Surigao City | HP6: CARAGA-Surigao del Norte | HQ6: CARAGA-Surigao del Sur | HR6: CARAGA-Tandag City | HS6: MIMAROPA-Calapan City | HT6: MIMAROPA-Marinduque | HU6: MIMAROPA-Occidental Mindoro | HV6: MIMAROPA-Oriental Mindoro | HW6: MIMAROPA-Palawan | HX6: MIMAROPA-Puerto Princesa City | HY6: MIMAROPA-Romblon | HZ6: {=TRANSPOSE(_xlfn._xlws.FILTER(TableRegionDivision,ISNUMBER(SEARCH('RF08 (TRANSFER-RELATED ISSUES)'!$O17,TableRegionDivision)),"Not found"))} -> Region I-Alaminos City | IA6: Region I-Batac City | IB6: Region I-Candon City | IC6: Region I-Dagupan City | ID6: Region I-Ilocos Norte | IE6: Region I-Ilocos Sur | IF6: Region I-La Union | IG6: Region I-Laoag City | IH6: Region I-Pangasinan I, Lingayen | II6: Region I-Pangasinan II, Binalonan | IJ6: Region I-San Carlos City | IK6: Region I-San Fernando City | IL6: Region I-Urdaneta City | IM6: Region I-Vigan City | IN6: Region II-Batanes | IO6: Region II-Cagayan | IP6: Region II-Cauayan City | IQ6: Region II-City of Ilagan | IR6: Region II-Isabela | IS6: Region II-Nueva Vizcaya | IT6: Region II-Quirino | IU6: Region II-Santiago City | IV6: Region II-Tuguegarao City | IW6: Region III-Angeles City | IX6: Region III-Aurora | IY6: Region III-Balanga City | IZ6: Region III-Bataan | JA6: Region III-Bulacan | JB6: Region III-Cabanatuan City | JC6: Region III-Gapan City | JD6: Region III-Mabalacat City | JE6: Region III-Malolos City | JF6: Region III-Meycauayan City | JG6: Region III-Munoz Science City | JH6: Region III-Nueva Ecija | JI6: Region III-Olongapo City | JJ6: Region III-Pampanga | JK6: Region III-San Fernando City | JL6: Region III-San Jose City | JM6: Region III-San Jose del Monte City | JN6: Region III-Tarlac | JO6: Region III-Tarlac City | JP6: Region III-Zambales | JQ6: Region IV-A-Antipolo City | JR6: Region IV-A-Bacoor City | JS6: Region IV-A-Batangas | JT6: Region IV-A-Batangas City | JU6: Region IV-A-Binan City | JV6: Region IV-A-Cabuyao | JW6: Region IV-A-Calamba City | JX6: Region IV-A-Cavite | JY6: Region IV-A-Cavite City | JZ6: Region IV-A-Dasmarinas City | KA6: Region IV-A-Imus City | KB6: Region IV-A-Laguna | KC6: Region IV-A-Lipa City | KD6: Region IV-A-Lucena City | KE6: Region IV-A-Quezon | KF6: Region IV-A-Rizal | KG6: Region IV-A-San Pablo City | KH6: Region IV-A-San Pedro City | KI6: Region IV-A-Sta. Rosa City | KJ6: Region IV-A-Sto. Tomas City | KK6: Region IV-A-Tanauan City | KL6: Region IV-A-Tayabas City | KM6: Region IV-A-General Trias | KN6: Region V-Albay | KO6: Region V-Camarines Norte | KP6: Region V-Camarines Sur | KQ6: Region V-Catanduanes | KR6: Region V-Iriga City | KS6: Region V-Legaspi City | KT6: Region V-Ligao City | KU6: Region V-Masbate | KV6: Region V-Masbate City | KW6: Region V-Naga City | KX6: Region V-Sorsogon | KY6: Region V-Sorsogon City | KZ6: Region V-Tabaco City | LA6: Region VI-Aklan | LB6: Region VI-Antique | LC6: Region VI-Capiz | LD6: Region VI-Guimaras | LE6: Region VI-Iloilo | LF6: Region VI-Iloilo City | LG6: Region VI-Passi City | LH6: Region VI-Roxas City | LI6: Region VII-Bogo City | LJ6: Region VII-Bohol | LK6: Region VII-Carcar City | LL6: Region VII-Cebu | LM6: Region VII-Cebu City | LN6: Region VII-City of Naga Cebu | LO6: Region VII-Danao City | LP6: Region VII-Lapu-Lapu City | LQ6: Region VII-Mandaue City | LR6: Region VII-Tagbilaran City | LS6: Region VII-Talisay City | LT6: Region VII-Toledo City | LU6: Region VIII-Baybay City | LV6: Region VIII-Biliran | LW6: Region VIII-Borongan City | LX6: Region VIII-Calbayog City | LY6: Region VIII-Catbalogan City | LZ6: Region VIII-Eastern Samar | MA6: Region VIII-Leyte | MB6: Region VIII-Maasin City | MC6: Region VIII-Northern Samar | MD6: Region VIII-Ormoc City | ME6: Region VIII-Samar (Western Samar) | MF6: Region VIII-Southern Leyte | MG6: Region VIII-Tacloban City | MH6: NIR-Bacolod City | MI6: NIR-Bago City | MJ6: NIR-Bais City | MK6: NIR-Bayawan City | ML6: NIR-Cadiz City | MM6: NIR-Canlaon City | MN6: NIR-Dumaguete City | MO6: NIR-Escalante City | MP6: NIR-Guihulngan City | MQ6: NIR-Himamaylan City | MR6: NIR-Kabankalan City | MS6: NIR-La Carlota City | MT6: NIR-Negros Occidental | MU6: NIR-Negros Oriental | MV6: NIR-Sagay City | MW6: NIR-San Carlos City | MX6: NIR-Silay City | MY6: NIR-Sipalay City | MZ6: NIR-Siquijor | NA6: NIR-Tanjay City | NB6: NIR-Victorias City | NC6: Region IX-Dapitan City | ND6: Region IX-Dipolog City | NE6: Region IX-Isabela City | NF6: Region IX-Pagadian City | NG6: Region IX-Zamboanga City | NH6: Region IX-Zamboanga del Norte | NI6: Region IX-Zamboanga del Sur | NJ6: Region IX-Zamboanga Sibugay | NK6: Region X-Bukidnon | NL6: Region X-Cagayan de Oro City | NM6: Region X-Camiguin | NN6: Region X-El Salvador | NO6: Region X-Gingoog City | NP6: Region X-Iligan City | NQ6: Region X-Lanao del Norte | NR6: Region X-Malaybalay City | NS6: Region X-Misamis Occidental | NT6: Region X-Misamis Oriental | NU6: Region X-Oroquieta City | NV6: Region X-Ozamis City | NW6: Region X-Tangub City | NX6: Region X-Valencia City | NY6: Region XI-Davao de Oro | NZ6: Region XI-Davao City | OA6: Region XI-Davao del Norte | OB6: Region XI-Davao del Sur | OC6: Region XI-Davao Oriental | OD6: Region XI-Digos City | OE6: Region XI-Island Garden City of Samal | OF6: Region XI-Mati City | OG6: Region XI-Panabo City | OH6: Region XI-Tagum City | OI6: Region XI-Davao Occidental | OJ6: Region XII-General Santos City | OK6: Region XII-Kidapawan City | OL6: Region XII-Koronadal City | OM6: Region XII-North Cotabato | ON6: Region XII-Sarangani | OO6: Region XII-South Cotabato | OP6: Region XII-Sultan Kudarat | OQ6: Region XII-Tacurong City | OR6: NCR-Caloocan City | OS6: NCR-City of San Juan | OT6: NCR-Las Pinas City | OU6: NCR-Makati City | OV6: NCR-Malabon City | OW6: NCR-Mandaluyong City | OX6: NCR-Manila | OY6: NCR-Marikina City | OZ6: NCR-Muntinlupa City | PA6: NCR-Navotas | PB6: NCR-Paranaque City | PC6: NCR-Pasay City | PD6: NCR-Pasig City | PE6: NCR-Quezon City | PF6: NCR-Taguig | PG6: NCR-Valenzuela City | PH6: CAR-Abra | PI6: CAR-Apayao | PJ6: CAR-Baguio City | PK6: CAR-Benguet | PL6: CAR-Ifugao | PM6: CAR-Kalinga | PN6: CAR-Mt. Province | PO6: CAR-Tabuk City | PP6: BARMM-Basilan | PQ6: BARMM-Cotabato City | PR6: BARMM-Lamitan City | PS6: BARMM-Lanao del Sur - I | PT6: BARMM-Lanao del Sur - II | PU6: BARMM-Maguindanao I | PV6: BARMM-Maguindanao II | PW6: BARMM-Marawi City | PX6: BARMM-Sulu | PY6: BARMM-Tawi-Tawi | PZ6: BARMM-Special Geographic Division | QA6: CARAGA-Agusan del Norte | QB6: CARAGA-Agusan del Sur | QC6: CARAGA-Bayugan City | QD6: CARAGA-Bislig City | QE6: CARAGA-Butuan City | QF6: CARAGA-Cabadbaran City | QG6: CARAGA-Dinagat Island | QH6: CARAGA-Siargao | QI6: CARAGA-Surigao City | QJ6: CARAGA-Surigao del Norte | QK6: CARAGA-Surigao del Sur | QL6: CARAGA-Tandag City | QM6: MIMAROPA-Calapan City | QN6: MIMAROPA-Marinduque | QO6: MIMAROPA-Occidental Mindoro | QP6: MIMAROPA-Oriental Mindoro | QQ6: MIMAROPA-Palawan | QR6: MIMAROPA-Puerto Princesa City | QS6: MIMAROPA-Romblon
C7: 6. Wrong tagging of Previous School | E7: Region I-Ilocos Sur | F7: {=TRANSPOSE(_xlfn._xlws.FILTER(TableRegionDivision,ISNUMBER(SEARCH('RF08 (TRANSFER-RELATED ISSUES)'!$B18,TableRegionDivision)),"Not found"))} -> Region I-Alaminos City | G7: Region I-Batac City | H7: Region I-Candon City | I7: Region I-Dagupan City | J7: Region I-Ilocos Norte | K7: Region I-Ilocos Sur | L7: Region I-La Union | M7: Region I-Laoag City | N7: Region I-Pangasinan I, Lingayen | O7: Region I-Pangasinan II, Binalonan | P7: Region I-San Carlos City | Q7: Region I-San Fernando City | R7: Region I-Urdaneta City | S7: Region I-Vigan City | T7: Region II-Batanes | U7: Region II-Cagayan | V7: Region II-Cauayan City | W7: Region II-City of Ilagan | X7: Region II-Isabela | Y7: Region II-Nueva Vizcaya | Z7: Region II-Quirino | AA7: Region II-Santiago City | AB7: Region II-Tuguegarao City | AC7: Region III-Angeles City | AD7: Region III-Aurora | AE7: Region III-Balanga City | AF7: Region III-Bataan | AG7: Region III-Bulacan | AH7: Region III-Cabanatuan City | AI7: Region III-Gapan City | AJ7: Region III-Mabalacat City | AK7: Region III-Malolos City | AL7: Region III-Meycauayan City | AM7: Region III-Munoz Science City | AN7: Region III-Nueva Ecija | AO7: Region III-Olongapo City | AP7: Region III-Pampanga | AQ7: Region III-San Fernando City | AR7: Region III-San Jose City | AS7: Region III-San Jose del Monte City | AT7: Region III-Tarlac | AU7: Region III-Tarlac City | AV7: Region III-Zambales | AW7: Region IV-A-Antipolo City | AX7: Region IV-A-Bacoor City | AY7: Region IV-A-Batangas | AZ7: Region IV-A-Batangas City | BA7: Region IV-A-Binan City | BB7: Region IV-A-Cabuyao | BC7: Region IV-A-Calamba City | BD7: Region IV-A-Cavite | BE7: Region IV-A-Cavite City | BF7: Region IV-A-Dasmarinas City | BG7: Region IV-A-Imus City | BH7: Region IV-A-Laguna | BI7: Region IV-A-Lipa City | BJ7: Region IV-A-Lucena City | BK7: Region IV-A-Quezon | BL7: Region IV-A-Rizal | BM7: Region IV-A-San Pablo City | BN7: Region IV-A-San Pedro City | BO7: Region IV-A-Sta. Rosa City | BP7: Region IV-A-Sto. Tomas City | BQ7: Region IV-A-Tanauan City | BR7: Region IV-A-Tayabas City | BS7: Region IV-A-General Trias | BT7: Region V-Albay | BU7: Region V-Camarines Norte | BV7: Region V-Camarines Sur | BW7: Region V-Catanduanes | BX7: Region V-Iriga City | BY7: Region V-Legaspi City | BZ7: Region V-Ligao City | CA7: Region V-Masbate | CB7: Region V-Masbate City | CC7: Region V-Naga City | CD7: Region V-Sorsogon | CE7: Region V-Sorsogon City | CF7: Region V-Tabaco City | CG7: Region VI-Aklan | CH7: Region VI-Antique | CI7: Region VI-Capiz | CJ7: Region VI-Guimaras | CK7: Region VI-Iloilo | CL7: Region VI-Iloilo City | CM7: Region VI-Passi City | CN7: Region VI-Roxas City | CO7: Region VII-Bogo City | CP7: Region VII-Bohol | CQ7: Region VII-Carcar City | CR7: Region VII-Cebu | CS7: Region VII-Cebu City | CT7: Region VII-City of Naga Cebu | CU7: Region VII-Danao City | CV7: Region VII-Lapu-Lapu City | CW7: Region VII-Mandaue City | CX7: Region VII-Tagbilaran City | CY7: Region VII-Talisay City | CZ7: Region VII-Toledo City | DA7: Region VIII-Baybay City | DB7: Region VIII-Biliran | DC7: Region VIII-Borongan City | DD7: Region VIII-Calbayog City | DE7: Region VIII-Catbalogan City | DF7: Region VIII-Eastern Samar | DG7: Region VIII-Leyte | DH7: Region VIII-Maasin City | DI7: Region VIII-Northern Samar | DJ7: Region VIII-Ormoc City | DK7: Region VIII-Samar (Western Samar) | DL7: Region VIII-Southern Leyte | DM7: Region VIII-Tacloban City | DN7: NIR-Bacolod City | DO7: NIR-Bago City | DP7: NIR-Bais City | DQ7: NIR-Bayawan City | DR7: NIR-Cadiz City | DS7: NIR-Canlaon City | DT7: NIR-Dumaguete City | DU7: NIR-Escalante City | DV7: NIR-Guihulngan City | DW7: NIR-Himamaylan City | DX7: NIR-Kabankalan City | DY7: NIR-La Carlota City | DZ7: NIR-Negros Occidental | EA7: NIR-Negros Oriental | EB7: NIR-Sagay City | EC7: NIR-San Carlos City | ED7: NIR-Silay City | EE7: NIR-Sipalay City | EF7: NIR-Siquijor | EG7: NIR-Tanjay City | EH7: NIR-Victorias City | EI7: Region IX-Dapitan City | EJ7: Region IX-Dipolog City | EK7: Region IX-Isabela City | EL7: Region IX-Pagadian City | EM7: Region IX-Zamboanga City | EN7: Region IX-Zamboanga del Norte | EO7: Region IX-Zamboanga del Sur | EP7: Region IX-Zamboanga Sibugay | EQ7: Region X-Bukidnon | ER7: Region X-Cagayan de Oro City | ES7: Region X-Camiguin | ET7: Region X-El Salvador | EU7: Region X-Gingoog City | EV7: Region X-Iligan City | EW7: Region X-Lanao del Norte | EX7: Region X-Malaybalay City | EY7: Region X-Misamis Occidental | EZ7: Region X-Misamis Oriental | FA7: Region X-Oroquieta City | FB7: Region X-Ozamis City | FC7: Region X-Tangub City | FD7: Region X-Valencia City | FE7: Region XI-Davao de Oro | FF7: Region XI-Davao City | FG7: Region XI-Davao del Norte | FH7: Region XI-Davao del Sur | FI7: Region XI-Davao Oriental | FJ7: Region XI-Digos City | FK7: Region XI-Island Garden City of Samal | FL7: Region XI-Mati City | FM7: Region XI-Panabo City | FN7: Region XI-Tagum City | FO7: Region XI-Davao Occidental | FP7: Region XII-General Santos City | FQ7: Region XII-Kidapawan City | FR7: Region XII-Koronadal City | FS7: Region XII-North Cotabato | FT7: Region XII-Sarangani | FU7: Region XII-South Cotabato | FV7: Region XII-Sultan Kudarat | FW7: Region XII-Tacurong City | FX7: NCR-Caloocan City | FY7: NCR-City of San Juan | FZ7: NCR-Las Pinas City | GA7: NCR-Makati City | GB7: NCR-Malabon City | GC7: NCR-Mandaluyong City | GD7: NCR-Manila | GE7: NCR-Marikina City | GF7: NCR-Muntinlupa City | GG7: NCR-Navotas | GH7: NCR-Paranaque City | GI7: NCR-Pasay City | GJ7: NCR-Pasig City | GK7: NCR-Quezon City | GL7: NCR-Taguig | GM7: NCR-Valenzuela City | GN7: CAR-Abra | GO7: CAR-Apayao | GP7: CAR-Baguio City | GQ7: CAR-Benguet | GR7: CAR-Ifugao | GS7: CAR-Kalinga | GT7: CAR-Mt. Province | GU7: CAR-Tabuk City | GV7: BARMM-Basilan | GW7: BARMM-Cotabato City | GX7: BARMM-Lamitan City | GY7: BARMM-Lanao del Sur - I | GZ7: BARMM-Lanao del Sur - II | HA7: BARMM-Maguindanao I | HB7: BARMM-Maguindanao II | HC7: BARMM-Marawi City | HD7: BARMM-Sulu | HE7: BARMM-Tawi-Tawi | HF7: BARMM-Special Geographic Division | HG7: CARAGA-Agusan del Norte | HH7: CARAGA-Agusan del Sur | HI7: CARAGA-Bayugan City | HJ7: CARAGA-Bislig City | HK7: CARAGA-Butuan City | HL7: CARAGA-Cabadbaran City | HM7: CARAGA-Dinagat Island | HN7: CARAGA-Siargao | HO7: CARAGA-Surigao City | HP7: CARAGA-Surigao del Norte | HQ7: CARAGA-Surigao del Sur | HR7: CARAGA-Tandag City | HS7: MIMAROPA-Calapan City | HT7: MIMAROPA-Marinduque | HU7: MIMAROPA-Occidental Mindoro | HV7: MIMAROPA-Oriental Mindoro | HW7: MIMAROPA-Palawan | HX7: MIMAROPA-Puerto Princesa City | HY7: MIMAROPA-Romblon | HZ7: {=TRANSPOSE(_xlfn._xlws.FILTER(TableRegionDivision,ISNUMBER(SEARCH('RF08 (TRANSFER-RELATED ISSUES)'!$O18,TableRegionDivision)),"Not found"))} -> Region I-Alaminos City | IA7: Region I-Batac City | IB7: Region I-Candon City | IC7: Region I-Dagupan City | ID7: Region I-Ilocos Norte | IE7: Region I-Ilocos Sur | IF7: Region I-La Union | IG7: Region I-Laoag City | IH7: Region I-Pangasinan I, Lingayen | II7: Region I-Pangasinan II, Binalonan | IJ7: Region I-San Carlos City | IK7: Region I-San Fernando City | IL7: Region I-Urdaneta City | IM7: Region I-Vigan City | IN7: Region II-Batanes | IO7: Region II-Cagayan | IP7: Region II-Cauayan City | IQ7: Region II-City of Ilagan | IR7: Region II-Isabela | IS7: Region II-Nueva Vizcaya | IT7: Region II-Quirino | IU7: Region II-Santiago City | IV7: Region II-Tuguegarao City | IW7: Region III-Angeles City | IX7: Region III-Aurora | IY7: Region III-Balanga City | IZ7: Region III-Bataan | JA7: Region III-Bulacan | JB7: Region III-Cabanatuan City | JC7: Region III-Gapan City | JD7: Region III-Mabalacat City | JE7: Region III-Malolos City | JF7: Region III-Meycauayan City | JG7: Region III-Munoz Science City | JH7: Region III-Nueva Ecija | JI7: Region III-Olongapo City | JJ7: Region III-Pampanga | JK7: Region III-San Fernando City | JL7: Region III-San Jose City | JM7: Region III-San Jose del Monte City | JN7: Region III-Tarlac | JO7: Region III-Tarlac City | JP7: Region III-Zambales | JQ7: Region IV-A-Antipolo City | JR7: Region IV-A-Bacoor City | JS7: Region IV-A-Batangas | JT7: Region IV-A-Batangas City | JU7: Region IV-A-Binan City | JV7: Region IV-A-Cabuyao | JW7: Region IV-A-Calamba City | JX7: Region IV-A-Cavite | JY7: Region IV-A-Cavite City | JZ7: Region IV-A-Dasmarinas City | KA7: Region IV-A-Imus City | KB7: Region IV-A-Laguna | KC7: Region IV-A-Lipa City | KD7: Region IV-A-Lucena City | KE7: Region IV-A-Quezon | KF7: Region IV-A-Rizal | KG7: Region IV-A-San Pablo City | KH7: Region IV-A-San Pedro City | KI7: Region IV-A-Sta. Rosa City | KJ7: Region IV-A-Sto. Tomas City | KK7: Region IV-A-Tanauan City | KL7: Region IV-A-Tayabas City | KM7: Region IV-A-General Trias | KN7: Region V-Albay | KO7: Region V-Camarines Norte | KP7: Region V-Camarines Sur | KQ7: Region V-Catanduanes | KR7: Region V-Iriga City | KS7: Region V-Legaspi City | KT7: Region V-Ligao City | KU7: Region V-Masbate | KV7: Region V-Masbate City | KW7: Region V-Naga City | KX7: Region V-Sorsogon | KY7: Region V-Sorsogon City | KZ7: Region V-Tabaco City | LA7: Region VI-Aklan | LB7: Region VI-Antique | LC7: Region VI-Capiz | LD7: Region VI-Guimaras | LE7: Region VI-Iloilo | LF7: Region VI-Iloilo City | LG7: Region VI-Passi City | LH7: Region VI-Roxas City | LI7: Region VII-Bogo City | LJ7: Region VII-Bohol | LK7: Region VII-Carcar City | LL7: Region VII-Cebu | LM7: Region VII-Cebu City | LN7: Region VII-City of Naga Cebu | LO7: Region VII-Danao City | LP7: Region VII-Lapu-Lapu City | LQ7: Region VII-Mandaue City | LR7: Region VII-Tagbilaran City | LS7: Region VII-Talisay City | LT7: Region VII-Toledo City | LU7: Region VIII-Baybay City | LV7: Region VIII-Biliran | LW7: Region VIII-Borongan City | LX7: Region VIII-Calbayog City | LY7: Region VIII-Catbalogan City | LZ7: Region VIII-Eastern Samar | MA7: Region VIII-Leyte | MB7: Region VIII-Maasin City | MC7: Region VIII-Northern Samar | MD7: Region VIII-Ormoc City | ME7: Region VIII-Samar (Western Samar) | MF7: Region VIII-Southern Leyte | MG7: Region VIII-Tacloban City | MH7: NIR-Bacolod City | MI7: NIR-Bago City | MJ7: NIR-Bais City | MK7: NIR-Bayawan City | ML7: NIR-Cadiz City | MM7: NIR-Canlaon City | MN7: NIR-Dumaguete City | MO7: NIR-Escalante City | MP7: NIR-Guihulngan City | MQ7: NIR-Himamaylan City | MR7: NIR-Kabankalan City | MS7: NIR-La Carlota City | MT7: NIR-Negros Occidental | MU7: NIR-Negros Oriental | MV7: NIR-Sagay City | MW7: NIR-San Carlos City | MX7: NIR-Silay City | MY7: NIR-Sipalay City | MZ7: NIR-Siquijor | NA7: NIR-Tanjay City | NB7: NIR-Victorias City | NC7: Region IX-Dapitan City | ND7: Region IX-Dipolog City | NE7: Region IX-Isabela City | NF7: Region IX-Pagadian City | NG7: Region IX-Zamboanga City | NH7: Region IX-Zamboanga del Norte | NI7: Region IX-Zamboanga del Sur | NJ7: Region IX-Zamboanga Sibugay | NK7: Region X-Bukidnon | NL7: Region X-Cagayan de Oro City | NM7: Region X-Camiguin | NN7: Region X-El Salvador | NO7: Region X-Gingoog City | NP7: Region X-Iligan City | NQ7: Region X-Lanao del Norte | NR7: Region X-Malaybalay City | NS7: Region X-Misamis Occidental | NT7: Region X-Misamis Oriental | NU7: Region X-Oroquieta City | NV7: Region X-Ozamis City | NW7: Region X-Tangub City | NX7: Region X-Valencia City | NY7: Region XI-Davao de Oro | NZ7: Region XI-Davao City | OA7: Region XI-Davao del Norte | OB7: Region XI-Davao del Sur | OC7: Region XI-Davao Oriental | OD7: Region XI-Digos City | OE7: Region XI-Island Garden City of Samal | OF7: Region XI-Mati City | OG7: Region XI-Panabo City | OH7: Region XI-Tagum City | OI7: Region XI-Davao Occidental | OJ7: Region XII-General Santos City | OK7: Region XII-Kidapawan City | OL7: Region XII-Koronadal City | OM7: Region XII-North Cotabato | ON7: Region XII-Sarangani | OO7: Region XII-South Cotabato | OP7: Region XII-Sultan Kudarat | OQ7: Region XII-Tacurong City | OR7: NCR-Caloocan City | OS7: NCR-City of San Juan | OT7: NCR-Las Pinas City | OU7: NCR-Makati City | OV7: NCR-Malabon City | OW7: NCR-Mandaluyong City | OX7: NCR-Manila | OY7: NCR-Marikina City | OZ7: NCR-Muntinlupa City | PA7: NCR-Navotas | PB7: NCR-Paranaque City | PC7: NCR-Pasay City | PD7: NCR-Pasig City | PE7: NCR-Quezon City | PF7: NCR-Taguig | PG7: NCR-Valenzuela City | PH7: CAR-Abra | PI7: CAR-Apayao | PJ7: CAR-Baguio City | PK7: CAR-Benguet | PL7: CAR-Ifugao | PM7: CAR-Kalinga | PN7: CAR-Mt. Province | PO7: CAR-Tabuk City | PP7: BARMM-Basilan | PQ7: BARMM-Cotabato City | PR7: BARMM-Lamitan City | PS7: BARMM-Lanao del Sur - I | PT7: BARMM-Lanao del Sur - II | PU7: BARMM-Maguindanao I | PV7: BARMM-Maguindanao II | PW7: BARMM-Marawi City | PX7: BARMM-Sulu | PY7: BARMM-Tawi-Tawi | PZ7: BARMM-Special Geographic Division | QA7: CARAGA-Agusan del Norte | QB7: CARAGA-Agusan del Sur | QC7: CARAGA-Bayugan City | QD7: CARAGA-Bislig City | QE7: CARAGA-Butuan City | QF7: CARAGA-Cabadbaran City | QG7: CARAGA-Dinagat Island | QH7: CARAGA-Siargao | QI7: CARAGA-Surigao City | QJ7: CARAGA-Surigao del Norte | QK7: CARAGA-Surigao del Sur | QL7: CARAGA-Tandag City | QM7: MIMAROPA-Calapan City | QN7: MIMAROPA-Marinduque | QO7: MIMAROPA-Occidental Mindoro | QP7: MIMAROPA-Oriental Mindoro | QQ7: MIMAROPA-Palawan | QR7: MIMAROPA-Puerto Princesa City | QS7: MIMAROPA-Romblon
C8: 7. Others | E8: Region I-La Union | F8: {=TRANSPOSE(_xlfn._xlws.FILTER(TableRegionDivision,ISNUMBER(SEARCH('RF08 (TRANSFER-RELATED ISSUES)'!$B19,TableRegionDivision)),"Not found"))} -> Region I-Alaminos City | G8: Region I-Batac City | H8: Region I-Candon City | I8: Region I-Dagupan City | J8: Region I-Ilocos Norte | K8: Region I-Ilocos Sur | L8: Region I-La Union | M8: Region I-Laoag City | N8: Region I-Pangasinan I, Lingayen | O8: Region I-Pangasinan II, Binalonan | P8: Region I-San Carlos City | Q8: Region I-San Fernando City | R8: Region I-Urdaneta City | S8: Region I-Vigan City | T8: Region II-Batanes | U8: Region II-Cagayan | V8: Region II-Cauayan City | W8: Region II-City of Ilagan | X8: Region II-Isabela | Y8: Region II-Nueva Vizcaya | Z8: Region II-Quirino | AA8: Region II-Santiago City | AB8: Region II-Tuguegarao City | AC8: Region III-Angeles City | AD8: Region III-Aurora | AE8: Region III-Balanga City | AF8: Region III-Bataan | AG8: Region III-Bulacan | AH8: Region III-Cabanatuan City | AI8: Region III-Gapan City | AJ8: Region III-Mabalacat City | AK8: Region III-Malolos City | AL8: Region III-Meycauayan City | AM8: Region III-Munoz Science City | AN8: Region III-Nueva Ecija | AO8: Region III-Olongapo City | AP8: Region III-Pampanga | AQ8: Region III-San Fernando City | AR8: Region III-San Jose City | AS8: Region III-San Jose del Monte City | AT8: Region III-Tarlac | AU8: Region III-Tarlac City | AV8: Region III-Zambales | AW8: Region IV-A-Antipolo City | AX8: Region IV-A-Bacoor City | AY8: Region IV-A-Batangas | AZ8: Region IV-A-Batangas City | BA8: Region IV-A-Binan City | BB8: Region IV-A-Cabuyao | BC8: Region IV-A-Calamba City | BD8: Region IV-A-Cavite | BE8: Region IV-A-Cavite City | BF8: Region IV-A-Dasmarinas City | BG8: Region IV-A-Imus City | BH8: Region IV-A-Laguna | BI8: Region IV-A-Lipa City | BJ8: Region IV-A-Lucena City | BK8: Region IV-A-Quezon | BL8: Region IV-A-Rizal | BM8: Region IV-A-San Pablo City | BN8: Region IV-A-San Pedro City | BO8: Region IV-A-Sta. Rosa City | BP8: Region IV-A-Sto. Tomas City | BQ8: Region IV-A-Tanauan City | BR8: Region IV-A-Tayabas City | BS8: Region IV-A-General Trias | BT8: Region V-Albay | BU8: Region V-Camarines Norte | BV8: Region V-Camarines Sur | BW8: Region V-Catanduanes | BX8: Region V-Iriga City | BY8: Region V-Legaspi City | BZ8: Region V-Ligao City | CA8: Region V-Masbate | CB8: Region V-Masbate City | CC8: Region V-Naga City | CD8: Region V-Sorsogon | CE8: Region V-Sorsogon City | CF8: Region V-Tabaco City | CG8: Region VI-Aklan | CH8: Region VI-Antique | CI8: Region VI-Capiz | CJ8: Region VI-Guimaras | CK8: Region VI-Iloilo | CL8: Region VI-Iloilo City | CM8: Region VI-Passi City | CN8: Region VI-Roxas City | CO8: Region VII-Bogo City | CP8: Region VII-Bohol | CQ8: Region VII-Carcar City | CR8: Region VII-Cebu | CS8: Region VII-Cebu City | CT8: Region VII-City of Naga Cebu | CU8: Region VII-Danao City | CV8: Region VII-Lapu-Lapu City | CW8: Region VII-Mandaue City | CX8: Region VII-Tagbilaran City | CY8: Region VII-Talisay City | CZ8: Region VII-Toledo City | DA8: Region VIII-Baybay City | DB8: Region VIII-Biliran | DC8: Region VIII-Borongan City | DD8: Region VIII-Calbayog City | DE8: Region VIII-Catbalogan City | DF8: Region VIII-Eastern Samar | DG8: Region VIII-Leyte | DH8: Region VIII-Maasin City | DI8: Region VIII-Northern Samar | DJ8: Region VIII-Ormoc City | DK8: Region VIII-Samar (Western Samar) | DL8: Region VIII-Southern Leyte | DM8: Region VIII-Tacloban City | DN8: NIR-Bacolod City | DO8: NIR-Bago City | DP8: NIR-Bais City | DQ8: NIR-Bayawan City | DR8: NIR-Cadiz City | DS8: NIR-Canlaon City | DT8: NIR-Dumaguete City | DU8: NIR-Escalante City | DV8: NIR-Guihulngan City | DW8: NIR-Himamaylan City | DX8: NIR-Kabankalan City | DY8: NIR-La Carlota City | DZ8: NIR-Negros Occidental | EA8: NIR-Negros Oriental | EB8: NIR-Sagay City | EC8: NIR-San Carlos City | ED8: NIR-Silay City | EE8: NIR-Sipalay City | EF8: NIR-Siquijor | EG8: NIR-Tanjay City | EH8: NIR-Victorias City | EI8: Region IX-Dapitan City | EJ8: Region IX-Dipolog City | EK8: Region IX-Isabela City | EL8: Region IX-Pagadian City | EM8: Region IX-Zamboanga City | EN8: Region IX-Zamboanga del Norte | EO8: Region IX-Zamboanga del Sur | EP8: Region IX-Zamboanga Sibugay | EQ8: Region X-Bukidnon | ER8: Region X-Cagayan de Oro City | ES8: Region X-Camiguin | ET8: Region X-El Salvador | EU8: Region X-Gingoog City | EV8: Region X-Iligan City | EW8: Region X-Lanao del Norte | EX8: Region X-Malaybalay City | EY8: Region X-Misamis Occidental | EZ8: Region X-Misamis Oriental | FA8: Region X-Oroquieta City | FB8: Region X-Ozamis City | FC8: Region X-Tangub City | FD8: Region X-Valencia City | FE8: Region XI-Davao de Oro | FF8: Region XI-Davao City | FG8: Region XI-Davao del Norte | FH8: Region XI-Davao del Sur | FI8: Region XI-Davao Oriental | FJ8: Region XI-Digos City | FK8: Region XI-Island Garden City of Samal | FL8: Region XI-Mati City | FM8: Region XI-Panabo City | FN8: Region XI-Tagum City | FO8: Region XI-Davao Occidental | FP8: Region XII-General Santos City | FQ8: Region XII-Kidapawan City | FR8: Region XII-Koronadal City | FS8: Region XII-North Cotabato | FT8: Region XII-Sarangani | FU8: Region XII-South Cotabato | FV8: Region XII-Sultan Kudarat | FW8: Region XII-Tacurong City | FX8: NCR-Caloocan City | FY8: NCR-City of San Juan | FZ8: NCR-Las Pinas City | GA8: NCR-Makati City | GB8: NCR-Malabon City | GC8: NCR-Mandaluyong City | GD8: NCR-Manila | GE8: NCR-Marikina City | GF8: NCR-Muntinlupa City | GG8: NCR-Navotas | GH8: NCR-Paranaque City | GI8: NCR-Pasay City | GJ8: NCR-Pasig City | GK8: NCR-Quezon City | GL8: NCR-Taguig | GM8: NCR-Valenzuela City | GN8: CAR-Abra | GO8: CAR-Apayao | GP8: CAR-Baguio City | GQ8: CAR-Benguet | GR8: CAR-Ifugao | GS8: CAR-Kalinga | GT8: CAR-Mt. Province | GU8: CAR-Tabuk City | GV8: BARMM-Basilan | GW8: BARMM-Cotabato City | GX8: BARMM-Lamitan City | GY8: BARMM-Lanao del Sur - I | GZ8: BARMM-Lanao del Sur - II | HA8: BARMM-Maguindanao I | HB8: BARMM-Maguindanao II | HC8: BARMM-Marawi City | HD8: BARMM-Sulu | HE8: BARMM-Tawi-Tawi | HF8: BARMM-Special Geographic Division | HG8: CARAGA-Agusan del Norte | HH8: CARAGA-Agusan del Sur | HI8: CARAGA-Bayugan City | HJ8: CARAGA-Bislig City | HK8: CARAGA-Butuan City | HL8: CARAGA-Cabadbaran City | HM8: CARAGA-Dinagat Island | HN8: CARAGA-Siargao | HO8: CARAGA-Surigao City | HP8: CARAGA-Surigao del Norte | HQ8: CARAGA-Surigao del Sur | HR8: CARAGA-Tandag City | HS8: MIMAROPA-Calapan City | HT8: MIMAROPA-Marinduque | HU8: MIMAROPA-Occidental Mindoro | HV8: MIMAROPA-Oriental Mindoro | HW8: MIMAROPA-Palawan | HX8: MIMAROPA-Puerto Princesa City | HY8: MIMAROPA-Romblon | HZ8: {=TRANSPOSE(_xlfn._xlws.FILTER(TableRegionDivision,ISNUMBER(SEARCH('RF08 (TRANSFER-RELATED ISSUES)'!$O19,TableRegionDivision)),"Not found"))} -> Region I-Alaminos City | IA8: Region I-Batac City | IB8: Region I-Candon City | IC8: Region I-Dagupan City | ID8: Region I-Ilocos Norte | IE8: Region I-Ilocos Sur | IF8: Region I-La Union | IG8: Region I-Laoag City | IH8: Region I-Pangasinan I, Lingayen | II8: Region I-Pangasinan II, Binalonan | IJ8: Region I-San Carlos City | IK8: Region I-San Fernando City | IL8: Region I-Urdaneta City | IM8: Region I-Vigan City | IN8: Region II-Batanes | IO8: Region II-Cagayan | IP8: Region II-Cauayan City | IQ8: Region II-City of Ilagan | IR8: Region II-Isabela | IS8: Region II-Nueva Vizcaya | IT8: Region II-Quirino | IU8: Region II-Santiago City | IV8: Region II-Tuguegarao City | IW8: Region III-Angeles City | IX8: Region III-Aurora | IY8: Region III-Balanga City | IZ8: Region III-Bataan | JA8: Region III-Bulacan | JB8: Region III-Cabanatuan City | JC8: Region III-Gapan City | JD8: Region III-Mabalacat City | JE8: Region III-Malolos City | JF8: Region III-Meycauayan City | JG8: Region III-Munoz Science City | JH8: Region III-Nueva Ecija | JI8: Region III-Olongapo City | JJ8: Region III-Pampanga | JK8: Region III-San Fernando City | JL8: Region III-San Jose City | JM8: Region III-San Jose del Monte City | JN8: Region III-Tarlac | JO8: Region III-Tarlac City | JP8: Region III-Zambales | JQ8: Region IV-A-Antipolo City | JR8: Region IV-A-Bacoor City | JS8: Region IV-A-Batangas | JT8: Region IV-A-Batangas City | JU8: Region IV-A-Binan City | JV8: Region IV-A-Cabuyao | JW8: Region IV-A-Calamba City | JX8: Region IV-A-Cavite | JY8: Region IV-A-Cavite City | JZ8: Region IV-A-Dasmarinas City | KA8: Region IV-A-Imus City | KB8: Region IV-A-Laguna | KC8: Region IV-A-Lipa City | KD8: Region IV-A-Lucena City | KE8: Region IV-A-Quezon | KF8: Region IV-A-Rizal | KG8: Region IV-A-San Pablo City | KH8: Region IV-A-San Pedro City | KI8: Region IV-A-Sta. Rosa City | KJ8: Region IV-A-Sto. Tomas City | KK8: Region IV-A-Tanauan City | KL8: Region IV-A-Tayabas City | KM8: Region IV-A-General Trias | KN8: Region V-Albay | KO8: Region V-Camarines Norte | KP8: Region V-Camarines Sur | KQ8: Region V-Catanduanes | KR8: Region V-Iriga City | KS8: Region V-Legaspi City | KT8: Region V-Ligao City | KU8: Region V-Masbate | KV8: Region V-Masbate City | KW8: Region V-Naga City | KX8: Region V-Sorsogon | KY8: Region V-Sorsogon City | KZ8: Region V-Tabaco City | LA8: Region VI-Aklan | LB8: Region VI-Antique | LC8: Region VI-Capiz | LD8: Region VI-Guimaras | LE8: Region VI-Iloilo | LF8: Region VI-Iloilo City | LG8: Region VI-Passi City | LH8: Region VI-Roxas City | LI8: Region VII-Bogo City | LJ8: Region VII-Bohol | LK8: Region VII-Carcar City | LL8: Region VII-Cebu | LM8: Region VII-Cebu City | LN8: Region VII-City of Naga Cebu | LO8: Region VII-Danao City | LP8: Region VII-Lapu-Lapu City | LQ8: Region VII-Mandaue City | LR8: Region VII-Tagbilaran City | LS8: Region VII-Talisay City | LT8: Region VII-Toledo City | LU8: Region VIII-Baybay City | LV8: Region VIII-Biliran | LW8: Region VIII-Borongan City | LX8: Region VIII-Calbayog City | LY8: Region VIII-Catbalogan City | LZ8: Region VIII-Eastern Samar | MA8: Region VIII-Leyte | MB8: Region VIII-Maasin City | MC8: Region VIII-Northern Samar | MD8: Region VIII-Ormoc City | ME8: Region VIII-Samar (Western Samar) | MF8: Region VIII-Southern Leyte | MG8: Region VIII-Tacloban City | MH8: NIR-Bacolod City | MI8: NIR-Bago City | MJ8: NIR-Bais City | MK8: NIR-Bayawan City | ML8: NIR-Cadiz City | MM8: NIR-Canlaon City | MN8: NIR-Dumaguete City | MO8: NIR-Escalante City | MP8: NIR-Guihulngan City | MQ8: NIR-Himamaylan City | MR8: NIR-Kabankalan City | MS8: NIR-La Carlota City | MT8: NIR-Negros Occidental | MU8: NIR-Negros Oriental | MV8: NIR-Sagay City | MW8: NIR-San Carlos City | MX8: NIR-Silay City | MY8: NIR-Sipalay City | MZ8: NIR-Siquijor | NA8: NIR-Tanjay City | NB8: NIR-Victorias City | NC8: Region IX-Dapitan City | ND8: Region IX-Dipolog City | NE8: Region IX-Isabela City | NF8: Region IX-Pagadian City | NG8: Region IX-Zamboanga City | NH8: Region IX-Zamboanga del Norte | NI8: Region IX-Zamboanga del Sur | NJ8: Region IX-Zamboanga Sibugay | NK8: Region X-Bukidnon | NL8: Region X-Cagayan de Oro City | NM8: Region X-Camiguin | NN8: Region X-El Salvador | NO8: Region X-Gingoog City | NP8: Region X-Iligan City | NQ8: Region X-Lanao del Norte | NR8: Region X-Malaybalay City | NS8: Region X-Misamis Occidental | NT8: Region X-Misamis Oriental | NU8: Region X-Oroquieta City | NV8: Region X-Ozamis City | NW8: Region X-Tangub City | NX8: Region X-Valencia City | NY8: Region XI-Davao de Oro | NZ8: Region XI-Davao City | OA8: Region XI-Davao del Norte | OB8: Region XI-Davao del Sur | OC8: Region XI-Davao Oriental | OD8: Region XI-Digos City | OE8: Region XI-Island Garden City of Samal | OF8: Region XI-Mati City | OG8: Region XI-Panabo City | OH8: Region XI-Tagum City | OI8: Region XI-Davao Occidental | OJ8: Region XII-General Santos City | OK8: Region XII-Kidapawan City | OL8: Region XII-Koronadal City | OM8: Region XII-North Cotabato | ON8: Region XII-Sarangani | OO8: Region XII-South Cotabato | OP8: Region XII-Sultan Kudarat | OQ8: Region XII-Tacurong City | OR8: NCR-Caloocan City | OS8: NCR-City of San Juan | OT8: NCR-Las Pinas City | OU8: NCR-Makati City | OV8: NCR-Malabon City | OW8: NCR-Mandaluyong City | OX8: NCR-Manila | OY8: NCR-Marikina City | OZ8: NCR-Muntinlupa City | PA8: NCR-Navotas | PB8: NCR-Paranaque City | PC8: NCR-Pasay City | PD8: NCR-Pasig City | PE8: NCR-Quezon City | PF8: NCR-Taguig | PG8: NCR-Valenzuela City | PH8: CAR-Abra | PI8: CAR-Apayao | PJ8: CAR-Baguio City | PK8: CAR-Benguet | PL8: CAR-Ifugao | PM8: CAR-Kalinga | PN8: CAR-Mt. Province | PO8: CAR-Tabuk City | PP8: BARMM-Basilan | PQ8: BARMM-Cotabato City | PR8: BARMM-Lamitan City | PS8: BARMM-Lanao del Sur - I | PT8: BARMM-Lanao del Sur - II | PU8: BARMM-Maguindanao I | PV8: BARMM-Maguindanao II | PW8: BARMM-Marawi City | PX8: BARMM-Sulu | PY8: BARMM-Tawi-Tawi | PZ8: BARMM-Special Geographic Division | QA8: CARAGA-Agusan del Norte | QB8: CARAGA-Agusan del Sur | QC8: CARAGA-Bayugan City | QD8: CARAGA-Bislig City | QE8: CARAGA-Butuan City | QF8: CARAGA-Cabadbaran City | QG8: CARAGA-Dinagat Island | QH8: CARAGA-Siargao | QI8: CARAGA-Surigao City | QJ8: CARAGA-Surigao del Norte | QK8: CARAGA-Surigao del Sur | QL8: CARAGA-Tandag City | QM8: MIMAROPA-Calapan City | QN8: MIMAROPA-Marinduque | QO8: MIMAROPA-Occidental Mindoro | QP8: MIMAROPA-Oriental Mindoro | QQ8: MIMAROPA-Palawan | QR8: MIMAROPA-Puerto Princesa City | QS8: MIMAROPA-Romblon
E9: Region I-Laoag City | F9: {=TRANSPOSE(_xlfn._xlws.FILTER(TableRegionDivision,ISNUMBER(SEARCH('RF08 (TRANSFER-RELATED ISSUES)'!$B20,TableRegionDivision)),"Not found"))} -> Region I-Alaminos City | G9: Region I-Batac City | H9: Region I-Candon City | I9: Region I-Dagupan City | J9: Region I-Ilocos Norte | K9: Region I-Ilocos Sur | L9: Region I-La Union | M9: Region I-Laoag City | N9: Region I-Pangasinan I, Lingayen | O9: Region I-Pangasinan II, Binalonan | P9: Region I-San Carlos City | Q9: Region I-San Fernando City | R9: Region I-Urdaneta City | S9: Region I-Vigan City | T9: Region II-Batanes | U9: Region II-Cagayan | V9: Region II-Cauayan City | W9: Region II-City of Ilagan | X9: Region II-Isabela | Y9: Region II-Nueva Vizcaya | Z9: Region II-Quirino | AA9: Region II-Santiago City | AB9: Region II-Tuguegarao City | AC9: Region III-Angeles City | AD9: Region III-Aurora | AE9: Region III-Balanga City | AF9: Region III-Bataan | AG9: Region III-Bulacan | AH9: Region III-Cabanatuan City | AI9: Region III-Gapan City | AJ9: Region III-Mabalacat City | AK9: Region III-Malolos City | AL9: Region III-Meycauayan City | AM9: Region III-Munoz Science City | AN9: Region III-Nueva Ecija | AO9: Region III-Olongapo City | AP9: Region III-Pampanga | AQ9: Region III-San Fernando City | AR9: Region III-San Jose City | AS9: Region III-San Jose del Monte City | AT9: Region III-Tarlac | AU9: Region III-Tarlac City | AV9: Region III-Zambales | AW9: Region IV-A-Antipolo City | AX9: Region IV-A-Bacoor City | AY9: Region IV-A-Batangas | AZ9: Region IV-A-Batangas City | BA9: Region IV-A-Binan City | BB9: Region IV-A-Cabuyao | BC9: Region IV-A-Calamba City | BD9: Region IV-A-Cavite | BE9: Region IV-A-Cavite City | BF9: Region IV-A-Dasmarinas City | BG9: Region IV-A-Imus City | BH9: Region IV-A-Laguna | BI9: Region IV-A-Lipa City | BJ9: Region IV-A-Lucena City | BK9: Region IV-A-Quezon | BL9: Region IV-A-Rizal | BM9: Region IV-A-San Pablo City | BN9: Region IV-A-San Pedro City | BO9: Region IV-A-Sta. Rosa City | BP9: Region IV-A-Sto. Tomas City | BQ9: Region IV-A-Tanauan City | BR9: Region IV-A-Tayabas City | BS9: Region IV-A-General Trias | BT9: Region V-Albay | BU9: Region V-Camarines Norte | BV9: Region V-Camarines Sur | BW9: Region V-Catanduanes | BX9: Region V-Iriga City | BY9: Region V-Legaspi City | BZ9: Region V-Ligao City | CA9: Region V-Masbate | CB9: Region V-Masbate City | CC9: Region V-Naga City | CD9: Region V-Sorsogon | CE9: Region V-Sorsogon City | CF9: Region V-Tabaco City | CG9: Region VI-Aklan | CH9: Region VI-Antique | CI9: Region VI-Capiz | CJ9: Region VI-Guimaras | CK9: Region VI-Iloilo | CL9: Region VI-Iloilo City | CM9: Region VI-Passi City | CN9: Region VI-Roxas City | CO9: Region VII-Bogo City | CP9: Region VII-Bohol | CQ9: Region VII-Carcar City | CR9: Region VII-Cebu | CS9: Region VII-Cebu City | CT9: Region VII-City of Naga Cebu | CU9: Region VII-Danao City | CV9: Region VII-Lapu-Lapu City | CW9: Region VII-Mandaue City | CX9: Region VII-Tagbilaran City | CY9: Region VII-Talisay City | CZ9: Region VII-Toledo City | DA9: Region VIII-Baybay City | DB9: Region VIII-Biliran | DC9: Region VIII-Borongan City | DD9: Region VIII-Calbayog City | DE9: Region VIII-Catbalogan City | DF9: Region VIII-Eastern Samar | DG9: Region VIII-Leyte | DH9: Region VIII-Maasin City | DI9: Region VIII-Northern Samar | DJ9: Region VIII-Ormoc City | DK9: Region VIII-Samar (Western Samar) | DL9: Region VIII-Southern Leyte | DM9: Region VIII-Tacloban City | DN9: NIR-Bacolod City | DO9: NIR-Bago City | DP9: NIR-Bais City | DQ9: NIR-Bayawan City | DR9: NIR-Cadiz City | DS9: NIR-Canlaon City | DT9: NIR-Dumaguete City | DU9: NIR-Escalante City | DV9: NIR-Guihulngan City | DW9: NIR-Himamaylan City | DX9: NIR-Kabankalan City | DY9: NIR-La Carlota City | DZ9: NIR-Negros Occidental | EA9: NIR-Negros Oriental | EB9: NIR-Sagay City | EC9: NIR-San Carlos City | ED9: NIR-Silay City | EE9: NIR-Sipalay City | EF9: NIR-Siquijor | EG9: NIR-Tanjay City | EH9: NIR-Victorias City | EI9: Region IX-Dapitan City | EJ9: Region IX-Dipolog City | EK9: Region IX-Isabela City | EL9: Region IX-Pagadian City | EM9: Region IX-Zamboanga City | EN9: Region IX-Zamboanga del Norte | EO9: Region IX-Zamboanga del Sur | EP9: Region IX-Zamboanga Sibugay | EQ9: Region X-Bukidnon | ER9: Region X-Cagayan de Oro City | ES9: Region X-Camiguin | ET9: Region X-El Salvador | EU9: Region X-Gingoog City | EV9: Region X-Iligan City | EW9: Region X-Lanao del Norte | EX9: Region X-Malaybalay City | EY9: Region X-Misamis Occidental | EZ9: Region X-Misamis Oriental | FA9: Region X-Oroquieta City | FB9: Region X-Ozamis City | FC9: Region X-Tangub City | FD9: Region X-Valencia City | FE9: Region XI-Davao de Oro | FF9: Region XI-Davao City | FG9: Region XI-Davao del Norte | FH9: Region XI-Davao del Sur | FI9: Region XI-Davao Oriental | FJ9: Region XI-Digos City | FK9: Region XI-Island Garden City of Samal | FL9: Region XI-Mati City | FM9: Region XI-Panabo City | FN9: Region XI-Tagum City | FO9: Region XI-Davao Occidental | FP9: Region XII-General Santos City | FQ9: Region XII-Kidapawan City | FR9: Region XII-Koronadal City | FS9: Region XII-North Cotabato | FT9: Region XII-Sarangani | FU9: Region XII-South Cotabato | FV9: Region XII-Sultan Kudarat | FW9: Region XII-Tacurong City | FX9: NCR-Caloocan City | FY9: NCR-City of San Juan | FZ9: NCR-Las Pinas City | GA9: NCR-Makati City | GB9: NCR-Malabon City | GC9: NCR-Mandaluyong City | GD9: NCR-Manila | GE9: NCR-Marikina City | GF9: NCR-Muntinlupa City | GG9: NCR-Navotas | GH9: NCR-Paranaque City | GI9: NCR-Pasay City | GJ9: NCR-Pasig City | GK9: NCR-Quezon City | GL9: NCR-Taguig | GM9: NCR-Valenzuela City | GN9: CAR-Abra | GO9: CAR-Apayao | GP9: CAR-Baguio City | GQ9: CAR-Benguet | GR9: CAR-Ifugao | GS9: CAR-Kalinga | GT9: CAR-Mt. Province | GU9: CAR-Tabuk City | GV9: BARMM-Basilan | GW9: BARMM-Cotabato City | GX9: BARMM-Lamitan City | GY9: BARMM-Lanao del Sur - I | GZ9: BARMM-Lanao del Sur - II | HA9: BARMM-Maguindanao I | HB9: BARMM-Maguindanao II | HC9: BARMM-Marawi City | HD9: BARMM-Sulu | HE9: BARMM-Tawi-Tawi | HF9: BARMM-Special Geographic Division | HG9: CARAGA-Agusan del Norte | HH9: CARAGA-Agusan del Sur | HI9: CARAGA-Bayugan City | HJ9: CARAGA-Bislig City | HK9: CARAGA-Butuan City | HL9: CARAGA-Cabadbaran City | HM9: CARAGA-Dinagat Island | HN9: CARAGA-Siargao | HO9: CARAGA-Surigao City | HP9: CARAGA-Surigao del Norte | HQ9: CARAGA-Surigao del Sur | HR9: CARAGA-Tandag City | HS9: MIMAROPA-Calapan City | HT9: MIMAROPA-Marinduque | HU9: MIMAROPA-Occidental Mindoro | HV9: MIMAROPA-Oriental Mindoro | HW9: MIMAROPA-Palawan | HX9: MIMAROPA-Puerto Princesa City | HY9: MIMAROPA-Romblon | HZ9: {=TRANSPOSE(_xlfn._xlws.FILTER(TableRegionDivision,ISNUMBER(SEARCH('RF08 (TRANSFER-RELATED ISSUES)'!$O20,TableRegionDivision)),"Not found"))} -> Region I-Alaminos City | IA9: Region I-Batac City | IB9: Region I-Candon City | IC9: Region I-Dagupan City | ID9: Region I-Ilocos Norte | IE9: Region I-Ilocos Sur | IF9: Region I-La Union | IG9: Region I-Laoag City | IH9: Region I-Pangasinan I, Lingayen | II9: Region I-Pangasinan II, Binalonan | IJ9: Region I-San Carlos City | IK9: Region I-San Fernando City | IL9: Region I-Urdaneta City | IM9: Region I-Vigan City | IN9: Region II-Batanes | IO9: Region II-Cagayan | IP9: Region II-Cauayan City | IQ9: Region II-City of Ilagan | IR9: Region II-Isabela | IS9: Region II-Nueva Vizcaya | IT9: Region II-Quirino | IU9: Region II-Santiago City | IV9: Region II-Tuguegarao City | IW9: Region III-Angeles City | IX9: Region III-Aurora | IY9: Region III-Balanga City | IZ9: Region III-Bataan | JA9: Region III-Bulacan | JB9: Region III-Cabanatuan City | JC9: Region III-Gapan City | JD9: Region III-Mabalacat City | JE9: Region III-Malolos City | JF9: Region III-Meycauayan City | JG9: Region III-Munoz Science City | JH9: Region III-Nueva Ecija | JI9: Region III-Olongapo City | JJ9: Region III-Pampanga | JK9: Region III-San Fernando City | JL9: Region III-San Jose City | JM9: Region III-San Jose del Monte City | JN9: Region III-Tarlac | JO9: Region III-Tarlac City | JP9: Region III-Zambales | JQ9: Region IV-A-Antipolo City | JR9: Region IV-A-Bacoor City | JS9: Region IV-A-Batangas | JT9: Region IV-A-Batangas City | JU9: Region IV-A-Binan City | JV9: Region IV-A-Cabuyao | JW9: Region IV-A-Calamba City | JX9: Region IV-A-Cavite | JY9: Region IV-A-Cavite City | JZ9: Region IV-A-Dasmarinas City | KA9: Region IV-A-Imus City | KB9: Region IV-A-Laguna | KC9: Region IV-A-Lipa City | KD9: Region IV-A-Lucena City | KE9: Region IV-A-Quezon | KF9: Region IV-A-Rizal | KG9: Region IV-A-San Pablo City | KH9: Region IV-A-San Pedro City | KI9: Region IV-A-Sta. Rosa City | KJ9: Region IV-A-Sto. Tomas City | KK9: Region IV-A-Tanauan City | KL9: Region IV-A-Tayabas City | KM9: Region IV-A-General Trias | KN9: Region V-Albay | KO9: Region V-Camarines Norte | KP9: Region V-Camarines Sur | KQ9: Region V-Catanduanes | KR9: Region V-Iriga City | KS9: Region V-Legaspi City | KT9: Region V-Ligao City | KU9: Region V-Masbate | KV9: Region V-Masbate City | KW9: Region V-Naga City | KX9: Region V-Sorsogon | KY9: Region V-Sorsogon City | KZ9: Region V-Tabaco City | LA9: Region VI-Aklan | LB9: Region VI-Antique | LC9: Region VI-Capiz | LD9: Region VI-Guimaras | LE9: Region VI-Iloilo | LF9: Region VI-Iloilo City | LG9: Region VI-Passi City | LH9: Region VI-Roxas City | LI9: Region VII-Bogo City | LJ9: Region VII-Bohol | LK9: Region VII-Carcar City | LL9: Region VII-Cebu | LM9: Region VII-Cebu City | LN9: Region VII-City of Naga Cebu | LO9: Region VII-Danao City | LP9: Region VII-Lapu-Lapu City | LQ9: Region VII-Mandaue City | LR9: Region VII-Tagbilaran City | LS9: Region VII-Talisay City | LT9: Region VII-Toledo City | LU9: Region VIII-Baybay City | LV9: Region VIII-Biliran | LW9: Region VIII-Borongan City | LX9: Region VIII-Calbayog City | LY9: Region VIII-Catbalogan City | LZ9: Region VIII-Eastern Samar | MA9: Region VIII-Leyte | MB9: Region VIII-Maasin City | MC9: Region VIII-Northern Samar | MD9: Region VIII-Ormoc City | ME9: Region VIII-Samar (Western Samar) | MF9: Region VIII-Southern Leyte | MG9: Region VIII-Tacloban City | MH9: NIR-Bacolod City | MI9: NIR-Bago City | MJ9: NIR-Bais City | MK9: NIR-Bayawan City | ML9: NIR-Cadiz City | MM9: NIR-Canlaon City | MN9: NIR-Dumaguete City | MO9: NIR-Escalante City | MP9: NIR-Guihulngan City | MQ9: NIR-Himamaylan City | MR9: NIR-Kabankalan City | MS9: NIR-La Carlota City | MT9: NIR-Negros Occidental | MU9: NIR-Negros Oriental | MV9: NIR-Sagay City | MW9: NIR-San Carlos City | MX9: NIR-Silay City | MY9: NIR-Sipalay City | MZ9: NIR-Siquijor | NA9: NIR-Tanjay City | NB9: NIR-Victorias City | NC9: Region IX-Dapitan City | ND9: Region IX-Dipolog City | NE9: Region IX-Isabela City | NF9: Region IX-Pagadian City | NG9: Region IX-Zamboanga City | NH9: Region IX-Zamboanga del Norte | NI9: Region IX-Zamboanga del Sur | NJ9: Region IX-Zamboanga Sibugay | NK9: Region X-Bukidnon | NL9: Region X-Cagayan de Oro City | NM9: Region X-Camiguin | NN9: Region X-El Salvador | NO9: Region X-Gingoog City | NP9: Region X-Iligan City | NQ9: Region X-Lanao del Norte | NR9: Region X-Malaybalay City | NS9: Region X-Misamis Occidental | NT9: Region X-Misamis Oriental | NU9: Region X-Oroquieta City | NV9: Region X-Ozamis City | NW9: Region X-Tangub City | NX9: Region X-Valencia City | NY9: Region XI-Davao de Oro | NZ9: Region XI-Davao City | OA9: Region XI-Davao del Norte | OB9: Region XI-Davao del Sur | OC9: Region XI-Davao Oriental | OD9: Region XI-Digos City | OE9: Region XI-Island Garden City of Samal | OF9: Region XI-Mati City | OG9: Region XI-Panabo City | OH9: Region XI-Tagum City | OI9: Region XI-Davao Occidental | OJ9: Region XII-General Santos City | OK9: Region XII-Kidapawan City | OL9: Region XII-Koronadal City | OM9: Region XII-North Cotabato | ON9: Region XII-Sarangani | OO9: Region XII-South Cotabato | OP9: Region XII-Sultan Kudarat | OQ9: Region XII-Tacurong City | OR9: NCR-Caloocan City | OS9: NCR-City of San Juan | OT9: NCR-Las Pinas City | OU9: NCR-Makati City | OV9: NCR-Malabon City | OW9: NCR-Mandaluyong City | OX9: NCR-Manila | OY9: NCR-Marikina City | OZ9: NCR-Muntinlupa City | PA9: NCR-Navotas | PB9: NCR-Paranaque City | PC9: NCR-Pasay City | PD9: NCR-Pasig City | PE9: NCR-Quezon City | PF9: NCR-Taguig | PG9: NCR-Valenzuela City | PH9: CAR-Abra | PI9: CAR-Apayao | PJ9: CAR-Baguio City | PK9: CAR-Benguet | PL9: CAR-Ifugao | PM9: CAR-Kalinga | PN9: CAR-Mt. Province | PO9: CAR-Tabuk City | PP9: BARMM-Basilan | PQ9: BARMM-Cotabato City | PR9: BARMM-Lamitan City | PS9: BARMM-Lanao del Sur - I | PT9: BARMM-Lanao del Sur - II | PU9: BARMM-Maguindanao I | PV9: BARMM-Maguindanao II | PW9: BARMM-Marawi City | PX9: BARMM-Sulu | PY9: BARMM-Tawi-Tawi | PZ9: BARMM-Special Geographic Division | QA9: CARAGA-Agusan del Norte | QB9: CARAGA-Agusan del Sur | QC9: CARAGA-Bayugan City | QD9: CARAGA-Bislig City | QE9: CARAGA-Butuan City | QF9: CARAGA-Cabadbaran City | QG9: CARAGA-Dinagat Island | QH9: CARAGA-Siargao | QI9: CARAGA-Surigao City | QJ9: CARAGA-Surigao del Norte | QK9: CARAGA-Surigao del Sur | QL9: CARAGA-Tandag City | QM9: MIMAROPA-Calapan City | QN9: MIMAROPA-Marinduque | QO9: MIMAROPA-Occidental Mindoro | QP9: MIMAROPA-Oriental Mindoro | QQ9: MIMAROPA-Palawan | QR9: MIMAROPA-Puerto Princesa City | QS9: MIMAROPA-Romblon
E10: Region I-Pangasinan I, Lingayen | F10: {=TRANSPOSE(_xlfn._xlws.FILTER(TableRegionDivision,ISNUMBER(SEARCH('RF08 (TRANSFER-RELATED ISSUES)'!$B21,TableRegionDivision)),"Not found"))} -> Region I-Alaminos City | G10: Region I-Batac City | H10: Region I-Candon City | I10: Region I-Dagupan City | J10: Region I-Ilocos Norte | K10: Region I-Ilocos Sur | L10: Region I-La Union | M10: Region I-Laoag City | N10: Region I-Pangasinan I, Lingayen | O10: Region I-Pangasinan II, Binalonan | P10: Region I-San Carlos City | Q10: Region I-San Fernando City | R10: Region I-Urdaneta City | S10: Region I-Vigan City | T10: Region II-Batanes | U10: Region II-Cagayan | V10: Region II-Cauayan City | W10: Region II-City of Ilagan | X10: Region II-Isabela | Y10: Region II-Nueva Vizcaya | Z10: Region II-Quirino | AA10: Region II-Santiago City | AB10: Region II-Tuguegarao City | AC10: Region III-Angeles City | AD10: Region III-Aurora | AE10: Region III-Balanga City | AF10: Region III-Bataan | AG10: Region III-Bulacan | AH10: Region III-Cabanatuan City | AI10: Region III-Gapan City | AJ10: Region III-Mabalacat City | AK10: Region III-Malolos City | AL10: Region III-Meycauayan City | AM10: Region III-Munoz Science City | AN10: Region III-Nueva Ecija | AO10: Region III-Olongapo City | AP10: Region III-Pampanga | AQ10: Region III-San Fernando City | AR10: Region III-San Jose City | AS10: Region III-San Jose del Monte City | AT10: Region III-Tarlac | AU10: Region III-Tarlac City | AV10: Region III-Zambales | AW10: Region IV-A-Antipolo City | AX10: Region IV-A-Bacoor City | AY10: Region IV-A-Batangas | AZ10: Region IV-A-Batangas City | BA10: Region IV-A-Binan City | BB10: Region IV-A-Cabuyao | BC10: Region IV-A-Calamba City | BD10: Region IV-A-Cavite | BE10: Region IV-A-Cavite City | BF10: Region IV-A-Dasmarinas City | BG10: Region IV-A-Imus City | BH10: Region IV-A-Laguna | BI10: Region IV-A-Lipa City | BJ10: Region IV-A-Lucena City | BK10: Region IV-A-Quezon | BL10: Region IV-A-Rizal | BM10: Region IV-A-San Pablo City | BN10: Region IV-A-San Pedro City | BO10: Region IV-A-Sta. Rosa City | BP10: Region IV-A-Sto. Tomas City | BQ10: Region IV-A-Tanauan City | BR10: Region IV-A-Tayabas City | BS10: Region IV-A-General Trias | BT10: Region V-Albay | BU10: Region V-Camarines Norte | BV10: Region V-Camarines Sur | BW10: Region V-Catanduanes | BX10: Region V-Iriga City | BY10: Region V-Legaspi City | BZ10: Region V-Ligao City | CA10: Region V-Masbate | CB10: Region V-Masbate City | CC10: Region V-Naga City | CD10: Region V-Sorsogon | CE10: Region V-Sorsogon City | CF10: Region V-Tabaco City | CG10: Region VI-Aklan | CH10: Region VI-Antique | CI10: Region VI-Capiz | CJ10: Region VI-Guimaras | CK10: Region VI-Iloilo | CL10: Region VI-Iloilo City | CM10: Region VI-Passi City | CN10: Region VI-Roxas City | CO10: Region VII-Bogo City | CP10: Region VII-Bohol | CQ10: Region VII-Carcar City | CR10: Region VII-Cebu | CS10: Region VII-Cebu City | CT10: Region VII-City of Naga Cebu | CU10: Region VII-Danao City | CV10: Region VII-Lapu-Lapu City | CW10: Region VII-Mandaue City | CX10: Region VII-Tagbilaran City | CY10: Region VII-Talisay City | CZ10: Region VII-Toledo City | DA10: Region VIII-Baybay City | DB10: Region VIII-Biliran | DC10: Region VIII-Borongan City | DD10: Region VIII-Calbayog City | DE10: Region VIII-Catbalogan City | DF10: Region VIII-Eastern Samar | DG10: Region VIII-Leyte | DH10: Region VIII-Maasin City | DI10: Region VIII-Northern Samar | DJ10: Region VIII-Ormoc City | DK10: Region VIII-Samar (Western Samar) | DL10: Region VIII-Southern Leyte | DM10: Region VIII-Tacloban City | DN10: NIR-Bacolod City | DO10: NIR-Bago City | DP10: NIR-Bais City | DQ10: NIR-Bayawan City | DR10: NIR-Cadiz City | DS10: NIR-Canlaon City | DT10: NIR-Dumaguete City | DU10: NIR-Escalante City | DV10: NIR-Guihulngan City | DW10: NIR-Himamaylan City | DX10: NIR-Kabankalan City | DY10: NIR-La Carlota City | DZ10: NIR-Negros Occidental | EA10: NIR-Negros Oriental | EB10: NIR-Sagay City | EC10: NIR-San Carlos City | ED10: NIR-Silay City | EE10: NIR-Sipalay City | EF10: NIR-Siquijor | EG10: NIR-Tanjay City | EH10: NIR-Victorias City | EI10: Region IX-Dapitan City | EJ10: Region IX-Dipolog City | EK10: Region IX-Isabela City | EL10: Region IX-Pagadian City | EM10: Region IX-Zamboanga City | EN10: Region IX-Zamboanga del Norte | EO10: Region IX-Zamboanga del Sur | EP10: Region IX-Zamboanga Sibugay | EQ10: Region X-Bukidnon | ER10: Region X-Cagayan de Oro City | ES10: Region X-Camiguin | ET10: Region X-El Salvador | EU10: Region X-Gingoog City | EV10: Region X-Iligan City | EW10: Region X-Lanao del Norte | EX10: Region X-Malaybalay City | EY10: Region X-Misamis Occidental | EZ10: Region X-Misamis Oriental | FA10: Region X-Oroquieta City | FB10: Region X-Ozamis City | FC10: Region X-Tangub City | FD10: Region X-Valencia City | FE10: Region XI-Davao de Oro | FF10: Region XI-Davao City | FG10: Region XI-Davao del Norte | FH10: Region XI-Davao del Sur | FI10: Region XI-Davao Oriental | FJ10: Region XI-Digos City | FK10: Region XI-Island Garden City of Samal | FL10: Region XI-Mati City | FM10: Region XI-Panabo City | FN10: Region XI-Tagum City | FO10: Region XI-Davao Occidental | FP10: Region XII-General Santos City | FQ10: Region XII-Kidapawan City | FR10: Region XII-Koronadal City | FS10: Region XII-North Cotabato | FT10: Region XII-Sarangani | FU10: Region XII-South Cotabato | FV10: Region XII-Sultan Kudarat | FW10: Region XII-Tacurong City | FX10: NCR-Caloocan City | FY10: NCR-City of San Juan | FZ10: NCR-Las Pinas City | GA10: NCR-Makati City | GB10: NCR-Malabon City | GC10: NCR-Mandaluyong City | GD10: NCR-Manila | GE10: NCR-Marikina City | GF10: NCR-Muntinlupa City | GG10: NCR-Navotas | GH10: NCR-Paranaque City | GI10: NCR-Pasay City | GJ10: NCR-Pasig City | GK10: NCR-Quezon City | GL10: NCR-Taguig | GM10: NCR-Valenzuela City | GN10: CAR-Abra | GO10: CAR-Apayao | GP10: CAR-Baguio City | GQ10: CAR-Benguet | GR10: CAR-Ifugao | GS10: CAR-Kalinga | GT10: CAR-Mt. Province | GU10: CAR-Tabuk City | GV10: BARMM-Basilan | GW10: BARMM-Cotabato City | GX10: BARMM-Lamitan City | GY10: BARMM-Lanao del Sur - I | GZ10: BARMM-Lanao del Sur - II | HA10: BARMM-Maguindanao I | HB10: BARMM-Maguindanao II | HC10: BARMM-Marawi City | HD10: BARMM-Sulu | HE10: BARMM-Tawi-Tawi | HF10: BARMM-Special Geographic Division | HG10: CARAGA-Agusan del Norte | HH10: CARAGA-Agusan del Sur | HI10: CARAGA-Bayugan City | HJ10: CARAGA-Bislig City | HK10: CARAGA-Butuan City | HL10: CARAGA-Cabadbaran City | HM10: CARAGA-Dinagat Island | HN10: CARAGA-Siargao | HO10: CARAGA-Surigao City | HP10: CARAGA-Surigao del Norte | HQ10: CARAGA-Surigao del Sur | HR10: CARAGA-Tandag City | HS10: MIMAROPA-Calapan City | HT10: MIMAROPA-Marinduque | HU10: MIMAROPA-Occidental Mindoro | HV10: MIMAROPA-Oriental Mindoro | HW10: MIMAROPA-Palawan | HX10: MIMAROPA-Puerto Princesa City | HY10: MIMAROPA-Romblon | HZ10: {=TRANSPOSE(_xlfn._xlws.FILTER(TableRegionDivision,ISNUMBER(SEARCH('RF08 (TRANSFER-RELATED ISSUES)'!$O21,TableRegionDivision)),"Not found"))} -> Region I-Alaminos City | IA10: Region I-Batac City | IB10: Region I-Candon City | IC10: Region I-Dagupan City | ID10: Region I-Ilocos Norte | IE10: Region I-Ilocos Sur | IF10: Region I-La Union | IG10: Region I-Laoag City | IH10: Region I-Pangasinan I, Lingayen | II10: Region I-Pangasinan II, Binalonan | IJ10: Region I-San Carlos City | IK10: Region I-San Fernando City | IL10: Region I-Urdaneta City | IM10: Region I-Vigan City | IN10: Region II-Batanes | IO10: Region II-Cagayan | IP10: Region II-Cauayan City | IQ10: Region II-City of Ilagan | IR10: Region II-Isabela | IS10: Region II-Nueva Vizcaya | IT10: Region II-Quirino | IU10: Region II-Santiago City | IV10: Region II-Tuguegarao City | IW10: Region III-Angeles City | IX10: Region III-Aurora | IY10: Region III-Balanga City | IZ10: Region III-Bataan | JA10: Region III-Bulacan | JB10: Region III-Cabanatuan City | JC10: Region III-Gapan City | JD10: Region III-Mabalacat City | JE10: Region III-Malolos City | JF10: Region III-Meycauayan City | JG10: Region III-Munoz Science City | JH10: Region III-Nueva Ecija | JI10: Region III-Olongapo City | JJ10: Region III-Pampanga | JK10: Region III-San Fernando City | JL10: Region III-San Jose City | JM10: Region III-San Jose del Monte City | JN10: Region III-Tarlac | JO10: Region III-Tarlac City | JP10: Region III-Zambales | JQ10: Region IV-A-Antipolo City | JR10: Region IV-A-Bacoor City | JS10: Region IV-A-Batangas | JT10: Region IV-A-Batangas City | JU10: Region IV-A-Binan City | JV10: Region IV-A-Cabuyao | JW10: Region IV-A-Calamba City | JX10: Region IV-A-Cavite | JY10: Region IV-A-Cavite City | JZ10: Region IV-A-Dasmarinas City | KA10: Region IV-A-Imus City | KB10: Region IV-A-Laguna | KC10: Region IV-A-Lipa City | KD10: Region IV-A-Lucena City | KE10: Region IV-A-Quezon | KF10: Region IV-A-Rizal | KG10: Region IV-A-San Pablo City | KH10: Region IV-A-San Pedro City | KI10: Region IV-A-Sta. Rosa City | KJ10: Region IV-A-Sto. Tomas City | KK10: Region IV-A-Tanauan City | KL10: Region IV-A-Tayabas City | KM10: Region IV-A-General Trias | KN10: Region V-Albay | KO10: Region V-Camarines Norte | KP10: Region V-Camarines Sur | KQ10: Region V-Catanduanes | KR10: Region V-Iriga City | KS10: Region V-Legaspi City | KT10: Region V-Ligao City | KU10: Region V-Masbate | KV10: Region V-Masbate City | KW10: Region V-Naga City | KX10: Region V-Sorsogon | KY10: Region V-Sorsogon City | KZ10: Region V-Tabaco City | LA10: Region VI-Aklan | LB10: Region VI-Antique | LC10: Region VI-Capiz | LD10: Region VI-Guimaras | LE10: Region VI-Iloilo | LF10: Region VI-Iloilo City | LG10: Region VI-Passi City | LH10: Region VI-Roxas City | LI10: Region VII-Bogo City | LJ10: Region VII-Bohol | LK10: Region VII-Carcar City | LL10: Region VII-Cebu | LM10: Region VII-Cebu City | LN10: Region VII-City of Naga Cebu | LO10: Region VII-Danao City | LP10: Region VII-Lapu-Lapu City | LQ10: Region VII-Mandaue City | LR10: Region VII-Tagbilaran City | LS10: Region VII-Talisay City | LT10: Region VII-Toledo City | LU10: Region VIII-Baybay City | LV10: Region VIII-Biliran | LW10: Region VIII-Borongan City | LX10: Region VIII-Calbayog City | LY10: Region VIII-Catbalogan City | LZ10: Region VIII-Eastern Samar | MA10: Region VIII-Leyte | MB10: Region VIII-Maasin City | MC10: Region VIII-Northern Samar | MD10: Region VIII-Ormoc City | ME10: Region VIII-Samar (Western Samar) | MF10: Region VIII-Southern Leyte | MG10: Region VIII-Tacloban City | MH10: NIR-Bacolod City | MI10: NIR-Bago City | MJ10: NIR-Bais City | MK10: NIR-Bayawan City | ML10: NIR-Cadiz City | MM10: NIR-Canlaon City | MN10: NIR-Dumaguete City | MO10: NIR-Escalante City | MP10: NIR-Guihulngan City | MQ10: NIR-Himamaylan City | MR10: NIR-Kabankalan City | MS10: NIR-La Carlota City | MT10: NIR-Negros Occidental | MU10: NIR-Negros Oriental | MV10: NIR-Sagay City | MW10: NIR-San Carlos City | MX10: NIR-Silay City | MY10: NIR-Sipalay City | MZ10: NIR-Siquijor | NA10: NIR-Tanjay City | NB10: NIR-Victorias City | NC10: Region IX-Dapitan City | ND10: Region IX-Dipolog City | NE10: Region IX-Isabela City | NF10: Region IX-Pagadian City | NG10: Region IX-Zamboanga City | NH10: Region IX-Zamboanga del Norte | NI10: Region IX-Zamboanga del Sur | NJ10: Region IX-Zamboanga Sibugay | NK10: Region X-Bukidnon | NL10: Region X-Cagayan de Oro City | NM10: Region X-Camiguin | NN10: Region X-El Salvador | NO10: Region X-Gingoog City | NP10: Region X-Iligan City | NQ10: Region X-Lanao del Norte | NR10: Region X-Malaybalay City | NS10: Region X-Misamis Occidental | NT10: Region X-Misamis Oriental | NU10: Region X-Oroquieta City | NV10: Region X-Ozamis City | NW10: Region X-Tangub City | NX10: Region X-Valencia City | NY10: Region XI-Davao de Oro | NZ10: Region XI-Davao City | OA10: Region XI-Davao del Norte | OB10: Region XI-Davao del Sur | OC10: Region XI-Davao Oriental | OD10: Region XI-Digos City | OE10: Region XI-Island Garden City of Samal | OF10: Region XI-Mati City | OG10: Region XI-Panabo City | OH10: Region XI-Tagum City | OI10: Region XI-Davao Occidental | OJ10: Region XII-General Santos City | OK10: Region XII-Kidapawan City | OL10: Region XII-Koronadal City | OM10: Region XII-North Cotabato | ON10: Region XII-Sarangani | OO10: Region XII-South Cotabato | OP10: Region XII-Sultan Kudarat | OQ10: Region XII-Tacurong City | OR10: NCR-Caloocan City | OS10: NCR-City of San Juan | OT10: NCR-Las Pinas City | OU10: NCR-Makati City | OV10: NCR-Malabon City | OW10: NCR-Mandaluyong City | OX10: NCR-Manila | OY10: NCR-Marikina City | OZ10: NCR-Muntinlupa City | PA10: NCR-Navotas | PB10: NCR-Paranaque City | PC10: NCR-Pasay City | PD10: NCR-Pasig City | PE10: NCR-Quezon City | PF10: NCR-Taguig | PG10: NCR-Valenzuela City | PH10: CAR-Abra | PI10: CAR-Apayao | PJ10: CAR-Baguio City | PK10: CAR-Benguet | PL10: CAR-Ifugao | PM10: CAR-Kalinga | PN10: CAR-Mt. Province | PO10: CAR-Tabuk City | PP10: BARMM-Basilan | PQ10: BARMM-Cotabato City | PR10: BARMM-Lamitan City | PS10: BARMM-Lanao del Sur - I | PT10: BARMM-Lanao del Sur - II | PU10: BARMM-Maguindanao I | PV10: BARMM-Maguindanao II | PW10: BARMM-Marawi City | PX10: BARMM-Sulu | PY10: BARMM-Tawi-Tawi | PZ10: BARMM-Special Geographic Division | QA10: CARAGA-Agusan del Norte | QB10: CARAGA-Agusan del Sur | QC10: CARAGA-Bayugan City | QD10: CARAGA-Bislig City | QE10: CARAGA-Butuan City | QF10: CARAGA-Cabadbaran City | QG10: CARAGA-Dinagat Island | QH10: CARAGA-Siargao | QI10: CARAGA-Surigao City | QJ10: CARAGA-Surigao del Norte | QK10: CARAGA-Surigao del Sur | QL10: CARAGA-Tandag City | QM10: MIMAROPA-Calapan City | QN10: MIMAROPA-Marinduque | QO10: MIMAROPA-Occidental Mindoro | QP10: MIMAROPA-Oriental Mindoro | QQ10: MIMAROPA-Palawan | QR10: MIMAROPA-Puerto Princesa City | QS10: MIMAROPA-Romblon
E11: Region I-Pangasinan II, Binalonan | F11: {=TRANSPOSE(_xlfn._xlws.FILTER(TableRegionDivision,ISNUMBER(SEARCH('RF08 (TRANSFER-RELATED ISSUES)'!$B22,TableRegionDivision)),"Not found"))} -> Region I-Alaminos City | G11: Region I-Batac City | H11: Region I-Candon City | I11: Region I-Dagupan City | J11: Region I-Ilocos Norte | K11: Region I-Ilocos Sur | L11: Region I-La Union | M11: Region I-Laoag City | N11: Region I-Pangasinan I, Lingayen | O11: Region I-Pangasinan II, Binalonan | P11: Region I-San Carlos City | Q11: Region I-San Fernando City | R11: Region I-Urdaneta City | S11: Region I-Vigan City | T11: Region II-Batanes | U11: Region II-Cagayan | V11: Region II-Cauayan City | W11: Region II-City of Ilagan | X11: Region II-Isabela | Y11: Region II-Nueva Vizcaya | Z11: Region II-Quirino | AA11: Region II-Santiago City | AB11: Region II-Tuguegarao City | AC11: Region III-Angeles City | AD11: Region III-Aurora | AE11: Region III-Balanga City | AF11: Region III-Bataan | AG11: Region III-Bulacan | AH11: Region III-Cabanatuan City | AI11: Region III-Gapan City | AJ11: Region III-Mabalacat City | AK11: Region III-Malolos City | AL11: Region III-Meycauayan City | AM11: Region III-Munoz Science City | AN11: Region III-Nueva Ecija | AO11: Region III-Olongapo City | AP11: Region III-Pampanga | AQ11: Region III-San Fernando City | AR11: Region III-San Jose City | AS11: Region III-San Jose del Monte City | AT11: Region III-Tarlac | AU11: Region III-Tarlac City | AV11: Region III-Zambales | AW11: Region IV-A-Antipolo City | AX11: Region IV-A-Bacoor City | AY11: Region IV-A-Batangas | AZ11: Region IV-A-Batangas City | BA11: Region IV-A-Binan City | BB11: Region IV-A-Cabuyao | BC11: Region IV-A-Calamba City | BD11: Region IV-A-Cavite | BE11: Region IV-A-Cavite City | BF11: Region IV-A-Dasmarinas City | BG11: Region IV-A-Imus City | BH11: Region IV-A-Laguna | BI11: Region IV-A-Lipa City | BJ11: Region IV-A-Lucena City | BK11: Region IV-A-Quezon | BL11: Region IV-A-Rizal | BM11: Region IV-A-San Pablo City | BN11: Region IV-A-San Pedro City | BO11: Region IV-A-Sta. Rosa City | BP11: Region IV-A-Sto. Tomas City | BQ11: Region IV-A-Tanauan City | BR11: Region IV-A-Tayabas City | BS11: Region IV-A-General Trias | BT11: Region V-Albay | BU11: Region V-Camarines Norte | BV11: Region V-Camarines Sur | BW11: Region V-Catanduanes | BX11: Region V-Iriga City | BY11: Region V-Legaspi City | BZ11: Region V-Ligao City | CA11: Region V-Masbate | CB11: Region V-Masbate City | CC11: Region V-Naga City | CD11: Region V-Sorsogon | CE11: Region V-Sorsogon City | CF11: Region V-Tabaco City | CG11: Region VI-Aklan | CH11: Region VI-Antique | CI11: Region VI-Capiz | CJ11: Region VI-Guimaras | CK11: Region VI-Iloilo | CL11: Region VI-Iloilo City | CM11: Region VI-Passi City | CN11: Region VI-Roxas City | CO11: Region VII-Bogo City | CP11: Region VII-Bohol | CQ11: Region VII-Carcar City | CR11: Region VII-Cebu | CS11: Region VII-Cebu City | CT11: Region VII-City of Naga Cebu | CU11: Region VII-Danao City | CV11: Region VII-Lapu-Lapu City | CW11: Region VII-Mandaue City | CX11: Region VII-Tagbilaran City | CY11: Region VII-Talisay City | CZ11: Region VII-Toledo City | DA11: Region VIII-Baybay City | DB11: Region VIII-Biliran | DC11: Region VIII-Borongan City | DD11: Region VIII-Calbayog City | DE11: Region VIII-Catbalogan City | DF11: Region VIII-Eastern Samar | DG11: Region VIII-Leyte | DH11: Region VIII-Maasin City | DI11: Region VIII-Northern Samar | DJ11: Region VIII-Ormoc City | DK11: Region VIII-Samar (Western Samar) | DL11: Region VIII-Southern Leyte | DM11: Region VIII-Tacloban City | DN11: NIR-Bacolod City | DO11: NIR-Bago City | DP11: NIR-Bais City | DQ11: NIR-Bayawan City | DR11: NIR-Cadiz City | DS11: NIR-Canlaon City | DT11: NIR-Dumaguete City | DU11: NIR-Escalante City | DV11: NIR-Guihulngan City | DW11: NIR-Himamaylan City | DX11: NIR-Kabankalan City | DY11: NIR-La Carlota City | DZ11: NIR-Negros Occidental | EA11: NIR-Negros Oriental | EB11: NIR-Sagay City | EC11: NIR-San Carlos City | ED11: NIR-Silay City | EE11: NIR-Sipalay City | EF11: NIR-Siquijor | EG11: NIR-Tanjay City | EH11: NIR-Victorias City | EI11: Region IX-Dapitan City | EJ11: Region IX-Dipolog City | EK11: Region IX-Isabela City | EL11: Region IX-Pagadian City | EM11: Region IX-Zamboanga City | EN11: Region IX-Zamboanga del Norte | EO11: Region IX-Zamboanga del Sur | EP11: Region IX-Zamboanga Sibugay | EQ11: Region X-Bukidnon | ER11: Region X-Cagayan de Oro City | ES11: Region X-Camiguin | ET11: Region X-El Salvador | EU11: Region X-Gingoog City | EV11: Region X-Iligan City | EW11: Region X-Lanao del Norte | EX11: Region X-Malaybalay City | EY11: Region X-Misamis Occidental | EZ11: Region X-Misamis Oriental | FA11: Region X-Oroquieta City | FB11: Region X-Ozamis City | FC11: Region X-Tangub City | FD11: Region X-Valencia City | FE11: Region XI-Davao de Oro | FF11: Region XI-Davao City | FG11: Region XI-Davao del Norte | FH11: Region XI-Davao del Sur | FI11: Region XI-Davao Oriental | FJ11: Region XI-Digos City | FK11: Region XI-Island Garden City of Samal | FL11: Region XI-Mati City | FM11: Region XI-Panabo City | FN11: Region XI-Tagum City | FO11: Region XI-Davao Occidental | FP11: Region XII-General Santos City | FQ11: Region XII-Kidapawan City | FR11: Region XII-Koronadal City | FS11: Region XII-North Cotabato | FT11: Region XII-Sarangani | FU11: Region XII-South Cotabato | FV11: Region XII-Sultan Kudarat | FW11: Region XII-Tacurong City | FX11: NCR-Caloocan City | FY11: NCR-City of San Juan | FZ11: NCR-Las Pinas City | GA11: NCR-Makati City | GB11: NCR-Malabon City | GC11: NCR-Mandaluyong City | GD11: NCR-Manila | GE11: NCR-Marikina City | GF11: NCR-Muntinlupa City | GG11: NCR-Navotas | GH11: NCR-Paranaque City | GI11: NCR-Pasay City | GJ11: NCR-Pasig City | GK11: NCR-Quezon City | GL11: NCR-Taguig | GM11: NCR-Valenzuela City | GN11: CAR-Abra | GO11: CAR-Apayao | GP11: CAR-Baguio City | GQ11: CAR-Benguet | GR11: CAR-Ifugao | GS11: CAR-Kalinga | GT11: CAR-Mt. Province | GU11: CAR-Tabuk City | GV11: BARMM-Basilan | GW11: BARMM-Cotabato City | GX11: BARMM-Lamitan City | GY11: BARMM-Lanao del Sur - I | GZ11: BARMM-Lanao del Sur - II | HA11: BARMM-Maguindanao I | HB11: BARMM-Maguindanao II | HC11: BARMM-Marawi City | HD11: BARMM-Sulu | HE11: BARMM-Tawi-Tawi | HF11: BARMM-Special Geographic Division | HG11: CARAGA-Agusan del Norte | HH11: CARAGA-Agusan del Sur | HI11: CARAGA-Bayugan City | HJ11: CARAGA-Bislig City | HK11: CARAGA-Butuan City | HL11: CARAGA-Cabadbaran City | HM11: CARAGA-Dinagat Island | HN11: CARAGA-Siargao | HO11: CARAGA-Surigao City | HP11: CARAGA-Surigao del Norte | HQ11: CARAGA-Surigao del Sur | HR11: CARAGA-Tandag City | HS11: MIMAROPA-Calapan City | HT11: MIMAROPA-Marinduque | HU11: MIMAROPA-Occidental Mindoro | HV11: MIMAROPA-Oriental Mindoro | HW11: MIMAROPA-Palawan | HX11: MIMAROPA-Puerto Princesa City | HY11: MIMAROPA-Romblon | HZ11: {=TRANSPOSE(_xlfn._xlws.FILTER(TableRegionDivision,ISNUMBER(SEARCH('RF08 (TRANSFER-RELATED ISSUES)'!$O22,TableRegionDivision)),"Not found"))} -> Region I-Alaminos City | IA11: Region I-Batac City | IB11: Region I-Candon City | IC11: Region I-Dagupan City | ID11: Region I-Ilocos Norte | IE11: Region I-Ilocos Sur | IF11: Region I-La Union | IG11: Region I-Laoag City | IH11: Region I-Pangasinan I, Lingayen | II11: Region I-Pangasinan II, Binalonan | IJ11: Region I-San Carlos City | IK11: Region I-San Fernando City | IL11: Region I-Urdaneta City | IM11: Region I-Vigan City | IN11: Region II-Batanes | IO11: Region II-Cagayan | IP11: Region II-Cauayan City | IQ11: Region II-City of Ilagan | IR11: Region II-Isabela | IS11: Region II-Nueva Vizcaya | IT11: Region II-Quirino | IU11: Region II-Santiago City | IV11: Region II-Tuguegarao City | IW11: Region III-Angeles City | IX11: Region III-Aurora | IY11: Region III-Balanga City | IZ11: Region III-Bataan | JA11: Region III-Bulacan | JB11: Region III-Cabanatuan City | JC11: Region III-Gapan City | JD11: Region III-Mabalacat City | JE11: Region III-Malolos City | JF11: Region III-Meycauayan City | JG11: Region III-Munoz Science City | JH11: Region III-Nueva Ecija | JI11: Region III-Olongapo City | JJ11: Region III-Pampanga | JK11: Region III-San Fernando City | JL11: Region III-San Jose City | JM11: Region III-San Jose del Monte City | JN11: Region III-Tarlac | JO11: Region III-Tarlac City | JP11: Region III-Zambales | JQ11: Region IV-A-Antipolo City | JR11: Region IV-A-Bacoor City | JS11: Region IV-A-Batangas | JT11: Region IV-A-Batangas City | JU11: Region IV-A-Binan City | JV11: Region IV-A-Cabuyao | JW11: Region IV-A-Calamba City | JX11: Region IV-A-Cavite | JY11: Region IV-A-Cavite City | JZ11: Region IV-A-Dasmarinas City | KA11: Region IV-A-Imus City | KB11: Region IV-A-Laguna | KC11: Region IV-A-Lipa City | KD11: Region IV-A-Lucena City | KE11: Region IV-A-Quezon | KF11: Region IV-A-Rizal | KG11: Region IV-A-San Pablo City | KH11: Region IV-A-San Pedro City | KI11: Region IV-A-Sta. Rosa City | KJ11: Region IV-A-Sto. Tomas City | KK11: Region IV-A-Tanauan City | KL11: Region IV-A-Tayabas City | KM11: Region IV-A-General Trias | KN11: Region V-Albay | KO11: Region V-Camarines Norte | KP11: Region V-Camarines Sur | KQ11: Region V-Catanduanes | KR11: Region V-Iriga City | KS11: Region V-Legaspi City | KT11: Region V-Ligao City | KU11: Region V-Masbate | KV11: Region V-Masbate City | KW11: Region V-Naga City | KX11: Region V-Sorsogon | KY11: Region V-Sorsogon City | KZ11: Region V-Tabaco City | LA11: Region VI-Aklan | LB11: Region VI-Antique | LC11: Region VI-Capiz | LD11: Region VI-Guimaras | LE11: Region VI-Iloilo | LF11: Region VI-Iloilo City | LG11: Region VI-Passi City | LH11: Region VI-Roxas City | LI11: Region VII-Bogo City | LJ11: Region VII-Bohol | LK11: Region VII-Carcar City | LL11: Region VII-Cebu | LM11: Region VII-Cebu City | LN11: Region VII-City of Naga Cebu | LO11: Region VII-Danao City | LP11: Region VII-Lapu-Lapu City | LQ11: Region VII-Mandaue City | LR11: Region VII-Tagbilaran City | LS11: Region VII-Talisay City | LT11: Region VII-Toledo City | LU11: Region VIII-Baybay City | LV11: Region VIII-Biliran | LW11: Region VIII-Borongan City | LX11: Region VIII-Calbayog City | LY11: Region VIII-Catbalogan City | LZ11: Region VIII-Eastern Samar | MA11: Region VIII-Leyte | MB11: Region VIII-Maasin City | MC11: Region VIII-Northern Samar | MD11: Region VIII-Ormoc City | ME11: Region VIII-Samar (Western Samar) | MF11: Region VIII-Southern Leyte | MG11: Region VIII-Tacloban City | MH11: NIR-Bacolod City | MI11: NIR-Bago City | MJ11: NIR-Bais City | MK11: NIR-Bayawan City | ML11: NIR-Cadiz City | MM11: NIR-Canlaon City | MN11: NIR-Dumaguete City | MO11: NIR-Escalante City | MP11: NIR-Guihulngan City | MQ11: NIR-Himamaylan City | MR11: NIR-Kabankalan City | MS11: NIR-La Carlota City | MT11: NIR-Negros Occidental | MU11: NIR-Negros Oriental | MV11: NIR-Sagay City | MW11: NIR-San Carlos City | MX11: NIR-Silay City | MY11: NIR-Sipalay City | MZ11: NIR-Siquijor | NA11: NIR-Tanjay City | NB11: NIR-Victorias City | NC11: Region IX-Dapitan City | ND11: Region IX-Dipolog City | NE11: Region IX-Isabela City | NF11: Region IX-Pagadian City | NG11: Region IX-Zamboanga City | NH11: Region IX-Zamboanga del Norte | NI11: Region IX-Zamboanga del Sur | NJ11: Region IX-Zamboanga Sibugay | NK11: Region X-Bukidnon | NL11: Region X-Cagayan de Oro City | NM11: Region X-Camiguin | NN11: Region X-El Salvador | NO11: Region X-Gingoog City | NP11: Region X-Iligan City | NQ11: Region X-Lanao del Norte | NR11: Region X-Malaybalay City | NS11: Region X-Misamis Occidental | NT11: Region X-Misamis Oriental | NU11: Region X-Oroquieta City | NV11: Region X-Ozamis City | NW11: Region X-Tangub City | NX11: Region X-Valencia City | NY11: Region XI-Davao de Oro | NZ11: Region XI-Davao City | OA11: Region XI-Davao del Norte | OB11: Region XI-Davao del Sur | OC11: Region XI-Davao Oriental | OD11: Region XI-Digos City | OE11: Region XI-Island Garden City of Samal | OF11: Region XI-Mati City | OG11: Region XI-Panabo City | OH11: Region XI-Tagum City | OI11: Region XI-Davao Occidental | OJ11: Region XII-General Santos City | OK11: Region XII-Kidapawan City | OL11: Region XII-Koronadal City | OM11: Region XII-North Cotabato | ON11: Region XII-Sarangani | OO11: Region XII-South Cotabato | OP11: Region XII-Sultan Kudarat | OQ11: Region XII-Tacurong City | OR11: NCR-Caloocan City | OS11: NCR-City of San Juan | OT11: NCR-Las Pinas City | OU11: NCR-Makati City | OV11: NCR-Malabon City | OW11: NCR-Mandaluyong City | OX11: NCR-Manila | OY11: NCR-Marikina City | OZ11: NCR-Muntinlupa City | PA11: NCR-Navotas | PB11: NCR-Paranaque City | PC11: NCR-Pasay City | PD11: NCR-Pasig City | PE11: NCR-Quezon City | PF11: NCR-Taguig | PG11: NCR-Valenzuela City | PH11: CAR-Abra | PI11: CAR-Apayao | PJ11: CAR-Baguio City | PK11: CAR-Benguet | PL11: CAR-Ifugao | PM11: CAR-Kalinga | PN11: CAR-Mt. Province | PO11: CAR-Tabuk City | PP11: BARMM-Basilan | PQ11: BARMM-Cotabato City | PR11: BARMM-Lamitan City | PS11: BARMM-Lanao del Sur - I | PT11: BARMM-Lanao del Sur - II | PU11: BARMM-Maguindanao I | PV11: BARMM-Maguindanao II | PW11: BARMM-Marawi City | PX11: BARMM-Sulu | PY11: BARMM-Tawi-Tawi | PZ11: BARMM-Special Geographic Division | QA11: CARAGA-Agusan del Norte | QB11: CARAGA-Agusan del Sur | QC11: CARAGA-Bayugan City | QD11: CARAGA-Bislig City | QE11: CARAGA-Butuan City | QF11: CARAGA-Cabadbaran City | QG11: CARAGA-Dinagat Island | QH11: CARAGA-Siargao | QI11: CARAGA-Surigao City | QJ11: CARAGA-Surigao del Norte | QK11: CARAGA-Surigao del Sur | QL11: CARAGA-Tandag City | QM11: MIMAROPA-Calapan City | QN11: MIMAROPA-Marinduque | QO11: MIMAROPA-Occidental Mindoro | QP11: MIMAROPA-Oriental Mindoro | QQ11: MIMAROPA-Palawan | QR11: MIMAROPA-Puerto Princesa City | QS11: MIMAROPA-Romblon
E12: Region I-San Carlos City | F12: {=TRANSPOSE(_xlfn._xlws.FILTER(TableRegionDivision,ISNUMBER(SEARCH('RF08 (TRANSFER-RELATED ISSUES)'!$B23,TableRegionDivision)),"Not found"))} -> Region I-Alaminos City | G12: Region I-Batac City | H12: Region I-Candon City | I12: Region I-Dagupan City | J12: Region I-Ilocos Norte | K12: Region I-Ilocos Sur | L12: Region I-La Union | M12: Region I-Laoag City | N12: Region I-Pangasinan I, Lingayen | O12: Region I-Pangasinan II, Binalonan | P12: Region I-San Carlos City | Q12: Region I-San Fernando City | R12: Region I-Urdaneta City | S12: Region I-Vigan City | T12: Region II-Batanes | U12: Region II-Cagayan | V12: Region II-Cauayan City | W12: Region II-City of Ilagan | X12: Region II-Isabela | Y12: Region II-Nueva Vizcaya | Z12: Region II-Quirino | AA12: Region II-Santiago City | AB12: Region II-Tuguegarao City | AC12: Region III-Angeles City | AD12: Region III-Aurora | AE12: Region III-Balanga City | AF12: Region III-Bataan | AG12: Region III-Bulacan | AH12: Region III-Cabanatuan City | AI12: Region III-Gapan City | AJ12: Region III-Mabalacat City | AK12: Region III-Malolos City | AL12: Region III-Meycauayan City | AM12: Region III-Munoz Science City | AN12: Region III-Nueva Ecija | AO12: Region III-Olongapo City | AP12: Region III-Pampanga | AQ12: Region III-San Fernando City | AR12: Region III-San Jose City | AS12: Region III-San Jose del Monte City | AT12: Region III-Tarlac | AU12: Region III-Tarlac City | AV12: Region III-Zambales | AW12: Region IV-A-Antipolo City | AX12: Region IV-A-Bacoor City | AY12: Region IV-A-Batangas | AZ12: Region IV-A-Batangas City | BA12: Region IV-A-Binan City | BB12: Region IV-A-Cabuyao | BC12: Region IV-A-Calamba City | BD12: Region IV-A-Cavite | BE12: Region IV-A-Cavite City | BF12: Region IV-A-Dasmarinas City | BG12: Region IV-A-Imus City | BH12: Region IV-A-Laguna | BI12: Region IV-A-Lipa City | BJ12: Region IV-A-Lucena City | BK12: Region IV-A-Quezon | BL12: Region IV-A-Rizal | BM12: Region IV-A-San Pablo City | BN12: Region IV-A-San Pedro City | BO12: Region IV-A-Sta. Rosa City | BP12: Region IV-A-Sto. Tomas City | BQ12: Region IV-A-Tanauan City | BR12: Region IV-A-Tayabas City | BS12: Region IV-A-General Trias | BT12: Region V-Albay | BU12: Region V-Camarines Norte | BV12: Region V-Camarines Sur | BW12: Region V-Catanduanes | BX12: Region V-Iriga City | BY12: Region V-Legaspi City | BZ12: Region V-Ligao City | CA12: Region V-Masbate | CB12: Region V-Masbate City | CC12: Region V-Naga City | CD12: Region V-Sorsogon | CE12: Region V-Sorsogon City | CF12: Region V-Tabaco City | CG12: Region VI-Aklan | CH12: Region VI-Antique | CI12: Region VI-Capiz | CJ12: Region VI-Guimaras | CK12: Region VI-Iloilo | CL12: Region VI-Iloilo City | CM12: Region VI-Passi City | CN12: Region VI-Roxas City | CO12: Region VII-Bogo City | CP12: Region VII-Bohol | CQ12: Region VII-Carcar City | CR12: Region VII-Cebu | CS12: Region VII-Cebu City | CT12: Region VII-City of Naga Cebu | CU12: Region VII-Danao City | CV12: Region VII-Lapu-Lapu City | CW12: Region VII-Mandaue City | CX12: Region VII-Tagbilaran City | CY12: Region VII-Talisay City | CZ12: Region VII-Toledo City | DA12: Region VIII-Baybay City | DB12: Region VIII-Biliran | DC12: Region VIII-Borongan City | DD12: Region VIII-Calbayog City | DE12: Region VIII-Catbalogan City | DF12: Region VIII-Eastern Samar | DG12: Region VIII-Leyte | DH12: Region VIII-Maasin City | DI12: Region VIII-Northern Samar | DJ12: Region VIII-Ormoc City | DK12: Region VIII-Samar (Western Samar) | DL12: Region VIII-Southern Leyte | DM12: Region VIII-Tacloban City | DN12: NIR-Bacolod City | DO12: NIR-Bago City | DP12: NIR-Bais City | DQ12: NIR-Bayawan City | DR12: NIR-Cadiz City | DS12: NIR-Canlaon City | DT12: NIR-Dumaguete City | DU12: NIR-Escalante City | DV12: NIR-Guihulngan City | DW12: NIR-Himamaylan City | DX12: NIR-Kabankalan City | DY12: NIR-La Carlota City | DZ12: NIR-Negros Occidental | EA12: NIR-Negros Oriental | EB12: NIR-Sagay City | EC12: NIR-San Carlos City | ED12: NIR-Silay City | EE12: NIR-Sipalay City | EF12: NIR-Siquijor | EG12: NIR-Tanjay City | EH12: NIR-Victorias City | EI12: Region IX-Dapitan City | EJ12: Region IX-Dipolog City | EK12: Region IX-Isabela City | EL12: Region IX-Pagadian City | EM12: Region IX-Zamboanga City | EN12: Region IX-Zamboanga del Norte | EO12: Region IX-Zamboanga del Sur | EP12: Region IX-Zamboanga Sibugay | EQ12: Region X-Bukidnon | ER12: Region X-Cagayan de Oro City | ES12: Region X-Camiguin | ET12: Region X-El Salvador | EU12: Region X-Gingoog City | EV12: Region X-Iligan City | EW12: Region X-Lanao del Norte | EX12: Region X-Malaybalay City | EY12: Region X-Misamis Occidental | EZ12: Region X-Misamis Oriental | FA12: Region X-Oroquieta City | FB12: Region X-Ozamis City | FC12: Region X-Tangub City | FD12: Region X-Valencia City | FE12: Region XI-Davao de Oro | FF12: Region XI-Davao City | FG12: Region XI-Davao del Norte | FH12: Region XI-Davao del Sur | FI12: Region XI-Davao Oriental | FJ12: Region XI-Digos City | FK12: Region XI-Island Garden City of Samal | FL12: Region XI-Mati City | FM12: Region XI-Panabo City | FN12: Region XI-Tagum City | FO12: Region XI-Davao Occidental | FP12: Region XII-General Santos City | FQ12: Region XII-Kidapawan City | FR12: Region XII-Koronadal City | FS12: Region XII-North Cotabato | FT12: Region XII-Sarangani | FU12: Region XII-South Cotabato | FV12: Region XII-Sultan Kudarat | FW12: Region XII-Tacurong City | FX12: NCR-Caloocan City | FY12: NCR-City of San Juan | FZ12: NCR-Las Pinas City | GA12: NCR-Makati City | GB12: NCR-Malabon City | GC12: NCR-Mandaluyong City | GD12: NCR-Manila | GE12: NCR-Marikina City | GF12: NCR-Muntinlupa City | GG12: NCR-Navotas | GH12: NCR-Paranaque City | GI12: NCR-Pasay City | GJ12: NCR-Pasig City | GK12: NCR-Quezon City | GL12: NCR-Taguig | GM12: NCR-Valenzuela City | GN12: CAR-Abra | GO12: CAR-Apayao | GP12: CAR-Baguio City | GQ12: CAR-Benguet | GR12: CAR-Ifugao | GS12: CAR-Kalinga | GT12: CAR-Mt. Province | GU12: CAR-Tabuk City | GV12: BARMM-Basilan | GW12: BARMM-Cotabato City | GX12: BARMM-Lamitan City | GY12: BARMM-Lanao del Sur - I | GZ12: BARMM-Lanao del Sur - II | HA12: BARMM-Maguindanao I | HB12: BARMM-Maguindanao II | HC12: BARMM-Marawi City | HD12: BARMM-Sulu | HE12: BARMM-Tawi-Tawi | HF12: BARMM-Special Geographic Division | HG12: CARAGA-Agusan del Norte | HH12: CARAGA-Agusan del Sur | HI12: CARAGA-Bayugan City | HJ12: CARAGA-Bislig City | HK12: CARAGA-Butuan City | HL12: CARAGA-Cabadbaran City | HM12: CARAGA-Dinagat Island | HN12: CARAGA-Siargao | HO12: CARAGA-Surigao City | HP12: CARAGA-Surigao del Norte | HQ12: CARAGA-Surigao del Sur | HR12: CARAGA-Tandag City | HS12: MIMAROPA-Calapan City | HT12: MIMAROPA-Marinduque | HU12: MIMAROPA-Occidental Mindoro | HV12: MIMAROPA-Oriental Mindoro | HW12: MIMAROPA-Palawan | HX12: MIMAROPA-Puerto Princesa City | HY12: MIMAROPA-Romblon | HZ12: {=TRANSPOSE(_xlfn._xlws.FILTER(TableRegionDivision,ISNUMBER(SEARCH('RF08 (TRANSFER-RELATED ISSUES)'!$O23,TableRegionDivision)),"Not found"))} -> Region I-Alaminos City | IA12: Region I-Batac City | IB12: Region I-Candon City | IC12: Region I-Dagupan City | ID12: Region I-Ilocos Norte | IE12: Region I-Ilocos Sur | IF12: Region I-La Union | IG12: Region I-Laoag City | IH12: Region I-Pangasinan I, Lingayen | II12: Region I-Pangasinan II, Binalonan | IJ12: Region I-San Carlos City | IK12: Region I-San Fernando City | IL12: Region I-Urdaneta City | IM12: Region I-Vigan City | IN12: Region II-Batanes | IO12: Region II-Cagayan | IP12: Region II-Cauayan City | IQ12: Region II-City of Ilagan | IR12: Region II-Isabela | IS12: Region II-Nueva Vizcaya | IT12: Region II-Quirino | IU12: Region II-Santiago City | IV12: Region II-Tuguegarao City | IW12: Region III-Angeles City | IX12: Region III-Aurora | IY12: Region III-Balanga City | IZ12: Region III-Bataan | JA12: Region III-Bulacan | JB12: Region III-Cabanatuan City | JC12: Region III-Gapan City | JD12: Region III-Mabalacat City | JE12: Region III-Malolos City | JF12: Region III-Meycauayan City | JG12: Region III-Munoz Science City | JH12: Region III-Nueva Ecija | JI12: Region III-Olongapo City | JJ12: Region III-Pampanga | JK12: Region III-San Fernando City | JL12: Region III-San Jose City | JM12: Region III-San Jose del Monte City | JN12: Region III-Tarlac | JO12: Region III-Tarlac City | JP12: Region III-Zambales | JQ12: Region IV-A-Antipolo City | JR12: Region IV-A-Bacoor City | JS12: Region IV-A-Batangas | JT12: Region IV-A-Batangas City | JU12: Region IV-A-Binan City | JV12: Region IV-A-Cabuyao | JW12: Region IV-A-Calamba City | JX12: Region IV-A-Cavite | JY12: Region IV-A-Cavite City | JZ12: Region IV-A-Dasmarinas City | KA12: Region IV-A-Imus City | KB12: Region IV-A-Laguna | KC12: Region IV-A-Lipa City | KD12: Region IV-A-Lucena City | KE12: Region IV-A-Quezon | KF12: Region IV-A-Rizal | KG12: Region IV-A-San Pablo City | KH12: Region IV-A-San Pedro City | KI12: Region IV-A-Sta. Rosa City | KJ12: Region IV-A-Sto. Tomas City | KK12: Region IV-A-Tanauan City | KL12: Region IV-A-Tayabas City | KM12: Region IV-A-General Trias | KN12: Region V-Albay | KO12: Region V-Camarines Norte | KP12: Region V-Camarines Sur | KQ12: Region V-Catanduanes | KR12: Region V-Iriga City | KS12: Region V-Legaspi City | KT12: Region V-Ligao City | KU12: Region V-Masbate | KV12: Region V-Masbate City | KW12: Region V-Naga City | KX12: Region V-Sorsogon | KY12: Region V-Sorsogon City | KZ12: Region V-Tabaco City | LA12: Region VI-Aklan | LB12: Region VI-Antique | LC12: Region VI-Capiz | LD12: Region VI-Guimaras | LE12: Region VI-Iloilo | LF12: Region VI-Iloilo City | LG12: Region VI-Passi City | LH12: Region VI-Roxas City | LI12: Region VII-Bogo City | LJ12: Region VII-Bohol | LK12: Region VII-Carcar City | LL12: Region VII-Cebu | LM12: Region VII-Cebu City | LN12: Region VII-City of Naga Cebu | LO12: Region VII-Danao City | LP12: Region VII-Lapu-Lapu City | LQ12: Region VII-Mandaue City | LR12: Region VII-Tagbilaran City | LS12: Region VII-Talisay City | LT12: Region VII-Toledo City | LU12: Region VIII-Baybay City | LV12: Region VIII-Biliran | LW12: Region VIII-Borongan City | LX12: Region VIII-Calbayog City | LY12: Region VIII-Catbalogan City | LZ12: Region VIII-Eastern Samar | MA12: Region VIII-Leyte | MB12: Region VIII-Maasin City | MC12: Region VIII-Northern Samar | MD12: Region VIII-Ormoc City | ME12: Region VIII-Samar (Western Samar) | MF12: Region VIII-Southern Leyte | MG12: Region VIII-Tacloban City | MH12: NIR-Bacolod City | MI12: NIR-Bago City | MJ12: NIR-Bais City | MK12: NIR-Bayawan City | ML12: NIR-Cadiz City | MM12: NIR-Canlaon City | MN12: NIR-Dumaguete City | MO12: NIR-Escalante City | MP12: NIR-Guihulngan City | MQ12: NIR-Himamaylan City | MR12: NIR-Kabankalan City | MS12: NIR-La Carlota City | MT12: NIR-Negros Occidental | MU12: NIR-Negros Oriental | MV12: NIR-Sagay City | MW12: NIR-San Carlos City | MX12: NIR-Silay City | MY12: NIR-Sipalay City | MZ12: NIR-Siquijor | NA12: NIR-Tanjay City | NB12: NIR-Victorias City | NC12: Region IX-Dapitan City | ND12: Region IX-Dipolog City | NE12: Region IX-Isabela City | NF12: Region IX-Pagadian City | NG12: Region IX-Zamboanga City | NH12: Region IX-Zamboanga del Norte | NI12: Region IX-Zamboanga del Sur | NJ12: Region IX-Zamboanga Sibugay | NK12: Region X-Bukidnon | NL12: Region X-Cagayan de Oro City | NM12: Region X-Camiguin | NN12: Region X-El Salvador | NO12: Region X-Gingoog City | NP12: Region X-Iligan City | NQ12: Region X-Lanao del Norte | NR12: Region X-Malaybalay City | NS12: Region X-Misamis Occidental | NT12: Region X-Misamis Oriental | NU12: Region X-Oroquieta City | NV12: Region X-Ozamis City | NW12: Region X-Tangub City | NX12: Region X-Valencia City | NY12: Region XI-Davao de Oro | NZ12: Region XI-Davao City | OA12: Region XI-Davao del Norte | OB12: Region XI-Davao del Sur | OC12: Region XI-Davao Oriental | OD12: Region XI-Digos City | OE12: Region XI-Island Garden City of Samal | OF12: Region XI-Mati City | OG12: Region XI-Panabo City | OH12: Region XI-Tagum City | OI12: Region XI-Davao Occidental | OJ12: Region XII-General Santos City | OK12: Region XII-Kidapawan City | OL12: Region XII-Koronadal City | OM12: Region XII-North Cotabato | ON12: Region XII-Sarangani | OO12: Region XII-South Cotabato | OP12: Region XII-Sultan Kudarat | OQ12: Region XII-Tacurong City | OR12: NCR-Caloocan City | OS12: NCR-City of San Juan | OT12: NCR-Las Pinas City | OU12: NCR-Makati City | OV12: NCR-Malabon City | OW12: NCR-Mandaluyong City | OX12: NCR-Manila | OY12: NCR-Marikina City | OZ12: NCR-Muntinlupa City | PA12: NCR-Navotas | PB12: NCR-Paranaque City | PC12: NCR-Pasay City | PD12: NCR-Pasig City | PE12: NCR-Quezon City | PF12: NCR-Taguig | PG12: NCR-Valenzuela City | PH12: CAR-Abra | PI12: CAR-Apayao | PJ12: CAR-Baguio City | PK12: CAR-Benguet | PL12: CAR-Ifugao | PM12: CAR-Kalinga | PN12: CAR-Mt. Province | PO12: CAR-Tabuk City | PP12: BARMM-Basilan | PQ12: BARMM-Cotabato City | PR12: BARMM-Lamitan City | PS12: BARMM-Lanao del Sur - I | PT12: BARMM-Lanao del Sur - II | PU12: BARMM-Maguindanao I | PV12: BARMM-Maguindanao II | PW12: BARMM-Marawi City | PX12: BARMM-Sulu | PY12: BARMM-Tawi-Tawi | PZ12: BARMM-Special Geographic Division | QA12: CARAGA-Agusan del Norte | QB12: CARAGA-Agusan del Sur | QC12: CARAGA-Bayugan City | QD12: CARAGA-Bislig City | QE12: CARAGA-Butuan City | QF12: CARAGA-Cabadbaran City | QG12: CARAGA-Dinagat Island | QH12: CARAGA-Siargao | QI12: CARAGA-Surigao City | QJ12: CARAGA-Surigao del Norte | QK12: CARAGA-Surigao del Sur | QL12: CARAGA-Tandag City | QM12: MIMAROPA-Calapan City | QN12: MIMAROPA-Marinduque | QO12: MIMAROPA-Occidental Mindoro | QP12: MIMAROPA-Oriental Mindoro | QQ12: MIMAROPA-Palawan | QR12: MIMAROPA-Puerto Princesa City | QS12: MIMAROPA-Romblon
E13: Region I-San Fernando City
E14: Region I-Urdaneta City
E15: Region I-Vigan City
E16: Region II-Batanes
E17: Region II-Cagayan
E18: Region II-Cauayan City
E19: Region II-City of Ilagan
E20: Region II-Isabela
E21: Region II-Nueva Vizcaya
E22: Region II-Quirino
E23: Region II-Santiago City
E24: Region II-Tuguegarao City
... E229: MIMAROPA-Romblon

Sheet RF08 (TRANSFER-RELATED ISSUES)
B1: ICTS - User Support Division
B2: Learner Information System (LIS) and Basic Education Information System (BEIS)
B3: National Helpdesk
B4: Transfer Related Issues (Request Form 08)
B6: Definition: | C6: is a process of resolving the issues encountered by the learners in relation to his/her transfer.
B7: Submit to: | C7: Division Planning Officer, Schools Governance and Operations Division
B8: Note: | C8: Endorsement of School Head is required (signed and scanned). Please use worksheet/excel format for the matrix.
B11: Present and Correct Enrollment | H11: Correct Learner Personal Information (as appeared in Birth Certificate) | O11: Originating School | T11: Reason 1. Joint transfer 2. Transfer Dispute 3. Confirmed/Declined but still pending 4. Transfer from Closed School 5. Transfer from Philippine School Overseas 6. Wrong tagging of Previous School 7. Others | U11: If from Closed School, Transfer Out Date (MM/DD/YYYY) If Other transfer issue, please specify:
B12: Region-Division | C12: School Name / CLC Name | D12: School ID | E12: Grade | F12: Section | G12: Date of First Attendance (MM/DD/YYYY) | H12: LRN (Currently Used) | I12: First Name | J12: Middle Name | K12: Last Name | L12: Ext Name | M12: Date of Birth (MM/DD/YYYY) | N12: Sex | O12: Region-Division | P12: School Name / CLC Name | Q12: School ID | R12: Grade | S12: Section
B25: Requested by | C25: Teacher/ICT Coordinator | F25: School's Email Address | I25: School's Contact Number | J25: School Head/System Admin Username | L25: Date Requested | M25: Endorsed by School Head | N25: Signature
N26: Name
B27: Position/Designation
B30: Note for school:
C31: 1. Fill-up the form correctly and completely
C32: 2. Attach this form as Excel file
C33: 3. Attach a scanned copy of the form with School Head signature
C34: 4. Attach the following:
C35: a. Form 137/School Form 10 and/or Form 138/School Form 9
C36: b. Screenshot of the error or issue (if applicable)
B38: Note for Division Planning Officer:
C39: 1. Consolidate requests by school by issue
