Workbook

Sheet REGION XI_SNED
A1: SCHOOL LEVEL DATA ON SPECIAL NEEDS EDUCATION (SNEd) | B1: SCHOOL LEVEL DATA ON SPECIAL NEEDS EDUCATION (SNEd)
A2: SY 2024-2025 | B2: SY 2024-2025
A3: Based on LIS, as of December 31, 2024 | B3: Based on LIS, as of December 31, 2024
Q5: ES MAINSTREAMED LEARNERS DATA | JW5: MAINSTREAMED LEARNERS DATA | KA5: ES SELFCONTAINED LEARNERS DATA | UG5: SELFCONTAINED LEARNERS DATA | UK5: With Diagnosis from Licensed Medical Specialist | YQ5: With Manifestations: | ABS5: Total Non-Graded | ABW5: JHS MAINSTREAMED LEARNERS DATA | AHW5: JHS SELF-CONTAINED
Q6: MAINSTREAMED LEARNERS DATA (With Diagnosis from Licensed Medical Specialist:) | FO6: MAINSTREAM ED LEARNERS DATA (With Manifestations) | KA6: SELF-CONTAINED LEARNERS DATA (With Diagnosis from Licensed Medical Specialist:) | PY6: SELF-CONTAINED LEARNERS DATA (With Manifestations) | UK6: Visual Impairment | UU6: Hearing Impairment | VE6: Learning Disability | VO6: Intellectual Disability | VY6: Autism Spectrum Disorder | WI6: Emotional-Behavioral Disorder | WS6: Orthopedic/Physical Handicap | XC6: Speech/Language Disorder | XM6: Cerebral Palsy | XW6: Special health Problem/Chronic Disease | YG6: Multiple Disabilities | YQ6: Difficulty in Seeing | ZA6: Difficulty in Hearing | ZK6: Difficulty in Applying Knowledge | ZU6: Difficulty in Remembering, Concentrating, Paying Attention and Understanding | AAE6: Difficulty in Applying Adaptive Skills | AAO6: Difficulty in Displaying Inter-Personal Behavior | AAY6: Difficulty in Mobility (Walking, Climbing and Grasping) | ABI6: Difficulty in Communicating | ABW6: With Diagnosis from Licensed Medical Specialist: | AFG6: With Manifestation | AHS6: Total MAINSTREAMED Learners | AHW6: With Diagnosis from Licensed Medical Specialist: | ALG6: With Manifestation | ANS6: Total JHS SELF CONTAINED
Q7: Visual Impairment | AE7: Hearing Impairment | AS7: Learning Disability | BG7: Intellectual Disability | BU7: Autism Spectrum Disorder | CI7: Emotional-Behavioral Disorder | CW7: Orthopedic/ Physical Handicap | DK7: Speech / Language Disorder | DY7: Cerebral Palsy | EM7: Special Health Problem/ Chronic Disease | FA7: Multiple Disabilities | FO7: Difficulty in Seeing | GC7: Difficulty in Hearing | GQ7: Difficulty in Applying Knowledge | HE7: Difficulty in Remembering, Concentrating, Paying Attention and Understanding | HS7: Difficulty in Applying Adaptive Skills | IG7: Difficulty in Displaying Inter-Personal Behavior | IU7: Difficulty in Mobility (Walking, Climbing and Grasping) | JI7: Difficulty in Communicating | KA7: Visual Impairment | KO7: Hearing Impairment | LC7: Learning Disability | LQ7: Intellectual Disability | ME7: Autism Spectrum Disorder | MS7: Emotional-Behavioral Disorder | NG7: Orthopedic/ Physical Handicap | NU7: Speech / Language Disorder | OI7: Cerebral Palsy | OW7: Special Health Problem/ Chronic Disease | PK7: Multiple Disabilities | PY7: Difficulty in Seeing | QM7: Difficulty in Hearing | RA7: Difficulty in Applying Knowledge | RO7: Difficulty in Remembering, Concentrating, Paying Attention and Understanding | SC7: Difficulty in Applying Adaptive Skills | SQ7: Difficulty in Displaying Inter-Personal Behavior | TE7: Difficulty in Mobility (Walking, Climbing and Grasping) | TS7: Difficulty in Communicating | UK7: Kindergarten | UM7: Primary Level | US7: Transition | UU7: Kindergarten | UW7: Primary Level | VC7: Transition | VE7: Kindergarten | VG7: Primary Level | VM7: Transition | VO7: Kindergarten | VQ7: Primary Level | VW7: Transition | VY7: Kindergarten | WA7: Primary Level | WG7: Transition | WI7: Kindergarten | WK7: Primary Level | WQ7: Transition | WS7: Kindergarten | WU7: Primary Level | XA7: Transition | XC7: Kindergarten | XE7: Primary Level | XK7: Transition | XM7: Kindergarten | XO7: Primary Level | XU7: Transition | XW7: Kindergarten | XY7: Primary Level | YE7: Transition | YG7: Kindergarten | YI7: Primary Level | YO7: Transition | YQ7: Kindergarten | YS7: Primary Level | YY7: Transition | ZA7: Kindergarten | ZC7: Primary Level | ZI7: Transition | ZK7: Kindergarten | ZM7: Primary Level | ZS7: Transition | ZU7: Kindergarten | ZW7: Primary Level | AAC7: Transition | AAE7: Kindergarten | AAG7: Primary Level | AAM7: Transition | AAO7: Kindergarten | AAQ7: Primary Level | AAW7: Transition | AAY7: Kindergarten | ABA7: Primary Level | ABG7: Transition | ABI7: Kindergarten | ABK7: Primary Level | ABQ7: Transition | ABW7: Visual Impairment | ACE7: Hearing Impairment | ACM7: Learning Disability | ACU7: Intellectual Disability | ADC7: Autism Spectrum Disorder | ADK7: Emotional-Behavioral Disorder | ADS7: Orthopedic / Physical Handicap | AEA7: Speech / Language Disorder | AEI7: Cerebral Palsy | AEQ7: Special Health Problem / Chronic Disease | AEY7: Multiple Disabilities | AFG7: Difficulty in Seeing | AFO7: Difficulty in Hearing | AFW7: Difficulty in Applying Knowledge | AGE7: Difficulty in Remembering, Concentrating, Paying Attention and Understanding | AGM7: Difficulty in Applying Adaptive Skills | AGU7: Difficulty in Displaying Inter-Personal Behavior | AHC7: Difficulty in Mobility (Walking, Climbing and Grasping) | AHK7: Difficulty in Communicating | AHW7: Visual Impairment | AIE7: Hearing Impairment | AIM7: Learning Disability | AIU7: Intellectual Disability | AJC7: Autism Spectrum Disorder | AJK7: Emotional-Behavioral Disorder | AJS7: Orthopedic / Physical Handicap | AKA7: Speech / Language Disorder | AKI7: Cerebral Palsy | AKQ7: Special Health Problem / Chronic Disease | AKY7: Multiple Disabilities | ALG7: Difficulty in Seeing | ALO7: Difficulty in Hearing | ALW7: Difficulty in Applying Knowledge | AME7: Difficulty in Remembering, Concentrating, Paying Attention and Understanding | AMM7: Difficulty in Applying Adaptive Skills | AMU7: Difficulty in Displaying Inter-Personal Behavior | ANC7: Difficulty in Mobility (Walking, Climbing and Grasping) | ANK7: Difficulty in Communicating | ANW7: Visual Impairment | AOA7: Hearing Impairment | AOE7: Learning Disability | AOI7: Intellectual Disability | AOM7: Autism Spectrum Disorder | AOQ7: Emotional-Behavioral Disorder | AOU7: Orthopedic/ Physical Handicap | AOY7: Speech / Language Disorder | APC7: Cerebral Palsy | APG7: Special Health Prob/ Chronic Disease | APK7: Multiple Disabilities | APO7: Dif. in Seein | APS7: Dif. in Hearing | APW7: Dif. in Applying Knowledge | AQA7: Dif. in Remembering, & CPAU | AQE7: Dif. in Applying Adaptive Skills | AQI7: Dif. in Disp. Inter-Personal Behavior | AQM7: Dif. in Mobility | AQQ7: Dif. in Communicating | AQU7: SHS Grand Total
Q8: Kindergarten | S8: Grade 1 | U8: Grade 2 | W8: Grade 3 | Y8: Grade 4 | AA8: Grade 5 | AC8: Grade 6 | AE8: Kindergarten | AG8: Grade 1 | AI8: Grade 2 | AK8: Grade 3 | AM8: Grade 4 | AO8: Grade 5 | AQ8: Grade 6 | AS8: Kindergarten | AU8: Grade 1 | AW8: Grade 2 | AY8: Grade 3 | BA8: Grade 4 | BC8: Grade 5 | BE8: Grade 6 | BG8: Kindergarten | BI8: Grade 1 | BK8: Grade 2 | BM8: Grade 3 | BO8: Grade 4 | BQ8: Grade 5 | BS8: Grade 6 | BU8: Kindergarten | BW8: Grade 1 | BY8: Grade 2 | CA8: Grade 3 | CC8: Grade 4 | CE8: Grade 5 | CG8: Grade 6 | CI8: Kindergarten | CK8: Grade 1 | CM8: Grade 2 | CO8: Grade 3 | CQ8: Grade 4 | CS8: Grade 5 | CU8: Grade 6 | CW8: Kindergarten | CY8: Grade 1 | DA8: Grade 2 | DC8: Grade 3 | DE8: Grade 4 | DG8: Grade 5 | DI8: Grade 6 | DK8: Kindergarten | DM8: Grade 1 | DO8: Grade 2 | DQ8: Grade 3 | DS8: Grade 4 | DU8: Grade 5 | DW8: Grade 6 | DY8: Kindergarten | EA8: Grade 1 | EC8: Grade 2 | EE8: Grade 3 | EG8: Grade 4 | EI8: Grade 5 | EK8: Grade 6 | EM8: Kindergarten | EO8: Grade 1 | EQ8: Grade 2 | ES8: Grade 3 | EU8: Grade 4 | EW8: Grade 5 | EY8: Grade 6 | FA8: Kindergarten | FC8: Grade 1 | FE8: Grade 2 | FG8: Grade 3 | FI8: Grade 4 | FK8: Grade 5 | FM8: Grade 6 | FO8: Kindergarten | FQ8: Grade 1 | FS8: Grade 2 | FU8: Grade 3 | FW8: Grade 4 | FY8: Grade 5 | GA8: Grade 6 | GC8: Kindergarten | GE8: Grade 1 | GG8: Grade 2 | GI8: Grade 3 | GK8: Grade 4 | GM8: Grade 5 | GO8: Grade 6 | GQ8: Kindergarten | GS8: Grade 1 | GU8: Grade 2 | GW8: Grade 3 | GY8: Grade 4 | HA8: Grade 5 | HC8: Grade 6 | HE8: Kindergarten | HG8: Grade 1 | HI8: Grade 2 | HK8: Grade 3 | HM8: Grade 4 | HO8: Grade 5 | HQ8: Grade 6 | HS8: Kindergarten | HU8: Grade 1 | HW8: Grade 2 | HY8: Grade 3 | IA8: Grade 4 | IC8: Grade 5 | IE8: Grade 6 | IG8: Kindergarten | II8: Grade 1 | IK8: Grade 2 | IM8: Grade 3 | IO8: Grade 4 | IQ8: Grade 5 | IS8: Grade 6 | IU8: Kindergarten | IW8: Grade 1 | IY8: Grade 2 | JA8: Grade 3 | JC8: Grade 4 | JE8: Grade 5 | JG8: Grade 6 | JI8: Kindergarten | JK8: Grade 1 | JM8: Grade 2 | JO8: Grade 3 | JQ8: Grade 4 | JS8: Grade 5 | JU8: Grade 6 | KA8: Kindergarten | KC8: Grade 1 | KE8: Grade 2 | KG8: Grade 3 | KI8: Grade 4 | KK8: Grade 5 | KM8: Grade 6 | KO8: Kindergarten | KQ8: Grade 1 | KS8: Grade 2 | KU8: Grade 3 | KW8: Grade 4 | KY8: Grade 5 | LA8: Grade 6 | LC8: Kindergarten | LE8: Grade 1 | LG8: Grade 2 | LI8: Grade 3 | LK8: Grade 4 | LM8: Grade 5 | LO8: Grade 6 | LQ8: Kindergarten | LS8: Grade 1 | LU8: Grade 2 | LW8: Grade 3 | LY8: Grade 4 | MA8: Grade 5 | MC8: Grade 6 | ME8: Kindergarten | MG8: Grade 1 | MI8: Grade 2 | MK8: Grade 3 | MM8: Grade 4 | MO8: Grade 5 | MQ8: Grade 6 | MS8: Kindergarten | MU8: Grade 1 | MW8: Grade 2 | MY8: Grade 3 | NA8: Grade 4 | NC8: Grade 5 | NE8: Grade 6 | NG8: Kindergarten | NI8: Grade 1 | NK8: Grade 2 | NM8: Grade 3 | NO8: Grade 4 | NQ8: Grade 5 | NS8: Grade 6 | NU8: Kindergarten | NW8: Grade 1 | NY8: Grade 2 | OA8: Grade 3 | OC8: Grade 4 | OE8: Grade 5 | OG8: Grade 6 | OI8: Kindergarten | OK8: Grade 1 | OM8: Grade 2 | OO8: Grade 3 | OQ8: Grade 4 | OS8: Grade 5 | OU8: Grade 6 | OW8: Kindergarten | OY8: Grade 1 | PA8: Grade 2 | PC8: Grade 3 | PE8: Grade 4 | PG8: Grade 5 | PI8: Grade 6 | PK8: Kindergarten | PM8: Grade 1 | PO8: Grade 2 | PQ8: Grade 3 | PS8: Grade 4 | PU8: Grade 5 | PW8: Grade 6 | PY8: Kindergarten | QA8: Grade 1 | QC8: Grade 2 | QE8: Grade 3 | QG8: Grade 4 | QI8: Grade 5 | QK8: Grade 6 | QM8: Kindergarten | QO8: Grade 1 | QQ8: Grade 2 | QS8: Grade 3 | QU8: Grade 4 | QW8: Grade 5 | QY8: Grade 6 | RA8: Kindergarten | RC8: Grade 1 | RE8: Grade 2 | RG8: Grade 3 | RI8: Grade 4 | RK8: Grade 5 | RM8: Grade 6 | RO8: Kindergarten | RQ8: Grade 1 | RS8: Grade 2 | RU8: Grade 3 | RW8: Grade 4 | RY8: Grade 5 | SA8: Grade 6 | SC8: Kindergarten | SE8: Grade 1 | SG8: Grade 2 | SI8: Grade 3 | SK8: Grade 4 | SM8: Grade 5 | SO8: Grade 6 | SQ8: Kindergarten | SS8: Grade 1 | SU8: Grade 2 | SW8: Grade 3 | SY8: Grade 4 | TA8: Grade 5 | TC8: Grade 6 | TE8: Kindergarten | TG8: Grade 1 | TI8: Grade 2 | TK8: Grade 3 | TM8: Grade 4 | TO8: Grade 5 | TQ8: Grade 6 | TS8: Kindergarten | TU8: Grade 1 | TW8: Grade 2 | TY8: Grade 3 | UA8: Grade 4 | UC8: Grade 5 | UE8: Grade 6 | UM8: Level I | UO8: Level II | UQ8: Level III | UW8: Level I | UY8: Level II | VA8: Level III | VG8: Level I | VI8: Level II | VK8: Level III | VQ8: Level I | VS8: Level II | VU8: Level III | WA8: Level I | WC8: Level II | WE8: Level III | WK8: Level I | WM8: Level II | WO8: Level III | WU8: Level I | WW8: Level II | WY8: Level III | XE8: Level I | XG8: Level II | XI8: Level III | XO8: Level I | XQ8: Level II | XS8: Level III | XY8: Level I | YA8: Level II | YC8: Level III | YI8: Level I | YK8: Level II | YM8: Level III | YS8: Level I | YU8: Level II | YW8: Level III | ZC8: Level I | ZE8: Level II | ZG8: Level III | ZM8: Level I | ZO8: Level II | ZQ8: Level III | ZW8: Level I | ZY8: Level II | AAA8: Level III | AAG8: Level I | AAI8: Level II | AAK8: Level III | AAQ8: Level I | AAS8: Level II | AAU8: Level III | ABA8: Level I | ABC8: Level II | ABE8: Level III | ABK8: Level I | ABM8: Level II | ABO8: Level III | ABW8: Grade 7 | ABY8: Grade 8 | ACA8: Grade 9 | ACC8: Grade 10 | ACE8: Grade 7 | ACG8: Grade 8 | ACI8: Grade 9 | ACK8: Grade 10 | ACM8: Grade 7 | ACO8: Grade 8 | ACQ8: Grade 9 | ACS8: Grade 10 | ACU8: Grade 7 | ACW8: Grade 8 | ACY8: Grade 9 | ADA8: Grade 10 | ADC8: Grade 7 | ADE8: Grade 8 | ADG8: Grade 9 | ADI8: Grade 10 | ADK8: Grade 7 | ADM8: Grade 8 | ADO8: Grade 9 | ADQ8: Grade 10 | ADS8: Grade 7 | ADU8: Grade 8 | ADW8: Grade 9 | ADY8: Grade 10 | AEA8: Grade 7 | AEC8: Grade 8 | AEE8: Grade 9 | AEG8: Grade 10 | AEI8: Grade 7 | AEK8: Grade 8 | AEM8: Grade 9 | AEO8: Grade 10 | AEQ8: Grade 7 | AES8: Grade 8 | AEU8: Grade 9 | AEW8: Grade 10 | AEY8: Grade 7 | AFA8: Grade 8 | AFC8: Grade 9 | AFE8: Grade 10 | AFG8: Grade 7 | AFI8: Grade 8 | AFK8: Grade 9 | AFM8: Grade 10 | AFO8: Grade 7 | AFQ8: Grade 8 | AFS8: Grade 9 | AFU8: Grade 10 | AFW8: Grade 7 | AFY8: Grade 8 | AGA8: Grade 9 | AGC8: Grade 10 | AGE8: Grade 7 | AGG8: Grade 8 | AGI8: Grade 9 | AGK8: Grade 10 | AGM8: Grade 7 | AGO8: Grade 8 | AGQ8: Grade 9 | AGS8: Grade 10 | AGU8: Grade 7 | AGW8: Grade 8 | AGY8: Grade 9 | AHA8: Grade 10 | AHC8: Grade 7 | AHE8: Grade 8 | AHG8: Grade 9 | AHI8: Grade 10 | AHK8: Grade 7 | AHM8: Grade 8 | AHO8: Grade 9 | AHQ8: Grade 10 | AHW8: Grade 7 | AHY8: Grade 8 | AIA8: Grade 9 | AIC8: Grade 10 | AIE8: Grade 7 | AIG8: Grade 8 | AII8: Grade 9 | AIK8: Grade 10 | AIM8: Grade 7 | AIO8: Grade 8 | AIQ8: Grade 9 | AIS8: Grade 10 | AIU8: Grade 7 | AIW8: Grade 8 | AIY8: Grade 9 | AJA8: Grade 10 | AJC8: Grade 7 | AJE8: Grade 8 | AJG8: Grade 9 | AJI8: Grade 10 | AJK8: Grade 7 | AJM8: Grade 8 | AJO8: Grade 9 | AJQ8: Grade 10 | AJS8: Grade 7 | AJU8: Grade 8 | AJW8: Grade 9 | AJY8: Grade 10 | AKA8: Grade 7 | AKC8: Grade 8 | AKE8: Grade 9 | AKG8: Grade 10 | AKI8: Grade 7 | AKK8: Grade 8 | AKM8: Grade 9 | AKO8: Grade 10 | AKQ8: Grade 7 | AKS8: Grade 8 | AKU8: Grade 9 | AKW8: Grade 10 | AKY8: Grade 7 | ALA8: Grade 8 | ALC8: Grade 9 | ALE8: Grade 10 | ALG8: Grade 7 | ALI8: Grade 8 | ALK8: Grade 9 | ALM8: Grade 10 | ALO8: Grade 7 | ALQ8: Grade 8 | ALS8: Grade 9 | ALU8: Grade 10 | ALW8: Grade 7 | ALY8: Grade 8 | AMA8: Grade 9 | AMC8: Grade 10 | AME8: Grade 7 | AMG8: Grade 8 | AMI8: Grade 9 | AMK8: Grade 10 | AMM8: Grade 7 | AMO8: Grade 8 | AMQ8: Grade 9 | AMS8: Grade 10 | AMU8: Grade 7 | AMW8: Grade 8 | AMY8: Grade 9 | ANA8: Grade 10 | ANC8: Grade 7 | ANE8: Grade 8 | ANG8: Grade 9 | ANI8: Grade 10 | ANK8: Grade 7 | ANM8: Grade 8 | ANO8: Grade 9 | ANQ8: Grade 10 | ANW8: Grade 11 | ANY8: Grade 12 | AOA8: Grade 11 | AOC8: Grade 12 | AOE8: Grade 11 | AOG8: Grade 12 | AOI8: Grade 11 | AOK8: Grade 12 | AOM8: Grade 11 | AOO8: Grade 12 | AOQ8: Grade 11 | AOS8: Grade 12 | AOU8: Grade 11 | AOW8: Grade 12 | AOY8: Grade 11 | APA8: Grade 12 | APC8: Grade 11 | APE8: Grade 12 | APG8: Grade 11 | API8: Grade 12 | APK8: Grade 11 | APM8: Grade 12 | APO8: Grade 11 | APQ8: Grade 12 | APS8: Grade 11 | APU8: Grade 12 | APW8: Grade 11 | APY8: Grade 12 | AQA8: Grade 11 | AQC8: Grade 12 | AQE8: Grade 11 | AQG8: Grade 12 | AQI8: Grade 11 | AQK8: Grade 12 | AQM8: Grade 11 | AQO8: Grade 12 | AQQ8: Grade 11 | AQS8: Grade 12 | AQU8: Grade 11 | AQW8: Grade 12 | AQY8: Grand Total
Q9: Male | R9: Female | S9: Male | T9: Female | U9: Male | V9: Female | W9: Male | X9: Female | Y9: Male | Z9: Female | AA9: Male | AB9: Female | AC9: Male | AD9: Female | AE9: Male | AF9: Female | AG9: Male | AH9: Female | AI9: Male | AJ9: Female | AK9: Male | AL9: Female | AM9: Male | AN9: Female | AO9: Male | AP9: Female | AQ9: Male | AR9: Female | AS9: Male | AT9: Female | AU9: Male | AV9: Female | AW9: Male | AX9: Female | AY9: Male | AZ9: Female | BA9: Male | BB9: Female | BC9: Male | BD9: Female | BE9: Male | BF9: Female | BG9: Male | BH9: Female | BI9: Male | BJ9: Female | BK9: Male | BL9: Female | BM9: Male | BN9: Female | BO9: Male | BP9: Female | BQ9: Male | BR9: Female | BS9: Male | BT9: Female | BU9: Male | BV9: Female | BW9: Male | BX9: Female | BY9: Male | BZ9: Female | CA9: Male | CB9: Female | CC9: Male | CD9: Female | CE9: Male | CF9: Female | CG9: Male | CH9: Female | CI9: Male | CJ9: Female | CK9: Male | CL9: Female | CM9: Male | CN9: Female | CO9: Male | CP9: Female | CQ9: Male | CR9: Female | CS9: Male | CT9: Female | CU9: Male | CV9: Female | CW9: Male | CX9: Female | CY9: Male | CZ9: Female | DA9: Male | DB9: Female | DC9: Male | DD9: Female | DE9: Male | DF9: Female | DG9: Male | DH9: Female | DI9: Male | DJ9: Female | DK9: Male | DL9: Female | DM9: Male | DN9: Female | DO9: Male | DP9: Female | DQ9: Male | DR9: Female | DS9: Male | DT9: Female | DU9: Male | DV9: Female | DW9: Male | DX9: Female | DY9: Male | DZ9: Female | EA9: Male | EB9: Female | EC9: Male | ED9: Female | EE9: Male | EF9: Female | EG9: Male | EH9: Female | EI9: Male | EJ9: Female | EK9: Male | EL9: Female | EM9: Male | EN9: Female | EO9: Male | EP9: Female | EQ9: Male | ER9: Female | ES9: Male | ET9: Female | EU9: Male | EV9: Female | EW9: Male | EX9: Female | EY9: Male | EZ9: Female | FA9: Male | FB9: Female | FC9: Male | FD9: Female | FE9: Male | FF9: Female | FG9: Male | FH9: Female | FI9: Male | FJ9: Female | FK9: Male | FL9: Female | FM9: Male | FN9: Female | FO9: Male | FP9: Female | FQ9: Male | FR9: Female | FS9: Male | FT9: Female | FU9: Male | FV9: Female | FW9: Male | FX9: Female | FY9: Male | FZ9: Female | GA9: Male | GB9: Female | GC9: Male | GD9: Female | GE9: Male | GF9: Female | GG9: Male | GH9: Female | GI9: Male | GJ9: Female | GK9: Male | GL9: Female | GM9: Male | GN9: Female | GO9: Male | GP9: Female | GQ9: Male | GR9: Female | GS9: Male | GT9: Female | GU9: Male | GV9: Female | GW9: Male | GX9: Female | GY9: Male | GZ9: Female | HA9: Male | HB9: Female | HC9: Male | HD9: Female | HE9: Male | HF9: Female | HG9: Male | HH9: Female | HI9: Male | HJ9: Female | HK9: Male | HL9: Female | HM9: Male | HN9: Female | HO9: Male | HP9: Female | HQ9: Male | HR9: Female | HS9: Male | HT9: Female | HU9: Male | HV9: Female | HW9: Male | HX9: Female | HY9: Male | HZ9: Female | IA9: Male | IB9: Female | IC9: Male | ID9: Female | IE9: Male | IF9: Female | IG9: Male | IH9: Female | II9: Male | IJ9: Female | IK9: Male | IL9: Female | IM9: Male | IN9: Female | IO9: Male | IP9: Female | IQ9: Male | IR9: Female | IS9: Male | IT9: Female | IU9: Male | IV9: Female | IW9: Male | IX9: Female | IY9: Male | IZ9: Female | JA9: Male | JB9: Female | JC9: Male | JD9: Female | JE9: Male | JF9: Female | JG9: Male | JH9: Female | JI9: Male | JJ9: Female | JK9: Male | JL9: Female | JM9: Male | JN9: Female | JO9: Male | JP9: Female | JQ9: Male | JR9: Female | JS9: Male | JT9: Female | JU9: Male | JV9: Female | KA9: Male | KB9: Female | KC9: Male | KD9: Female | KE9: Male | KF9: Female | KG9: Male | KH9: Female | KI9: Male | KJ9: Female | KK9: Male | KL9: Female | KM9: Male | KN9: Female | KO9: Male | KP9: Female | KQ9: Male | KR9: Female | KS9: Male | KT9: Female | KU9: Male | KV9: Female | KW9: Male | KX9: Female | KY9: Male | KZ9: Female | LA9: Male | LB9: Female | LC9: Male | LD9: Female | LE9: Male | LF9: Female | LG9: Male | LH9: Female | LI9: Male | LJ9: Female | LK9: Male | LL9: Female | LM9: Male | LN9: Female | LO9: Male | LP9: Female | LQ9: Male | LR9: Female | LS9: Male | LT9: Female | LU9: Male | LV9: Female | LW9: Male | LX9: Female | LY9: Male | LZ9: Female | MA9: Male | MB9: Female | MC9: Male | MD9: Female | ME9: Male | MF9: Female | MG9: Male | MH9: Female | MI9: Male | MJ9: Female | MK9: Male | ML9: Female | MM9: Male | MN9: Female | MO9: Male | MP9: Female | MQ9: Male | MR9: Female | MS9: Male | MT9: Female | MU9: Male | MV9: Female | MW9: Male | MX9: Female | MY9: Male | MZ9: Female | NA9: Male | NB9: Female | NC9: Male | ND9: Female | NE9: Male | NF9: Female | NG9: Male | NH9: Female | NI9: Male | NJ9: Female | NK9: Male | NL9: Female | NM9: Male | NN9: Female | NO9: Male | NP9: Female | NQ9: Male | NR9: Female | NS9: Male | NT9: Female | NU9: Male | NV9: Female | NW9: Male | NX9: Female | NY9: Male | NZ9: Female | OA9: Male | OB9: Female | OC9: Male | OD9: Female | OE9: Male | OF9: Female | OG9: Male | OH9: Female | OI9: Male | OJ9: Female | OK9: Male | OL9: Female | OM9: Male | ON9: Female | OO9: Male | OP9: Female | OQ9: Male | OR9: Female | OS9: Male | OT9: Female | OU9: Male | OV9: Female | OW9: Male | OX9: Female | OY9: Male | OZ9: Female | PA9: Male | PB9: Female | PC9: Male | PD9: Female | PE9: Male | PF9: Female | PG9: Male | PH9: Female | PI9: Male | PJ9: Female | PK9: Male | PL9: Female | PM9: Male | PN9: Female | PO9: Male | PP9: Female | PQ9: Male | PR9: Female | PS9: Male | PT9: Female | PU9: Male | PV9: Female | PW9: Male | PX9: Female | PY9: Male | PZ9: Female | QA9: Male | QB9: Female | QC9: Male | QD9: Female | QE9: Male | QF9: Female | QG9: Male | QH9: Female | QI9: Male | QJ9: Female | QK9: Male | QL9: Female | QM9: Male | QN9: Female | QO9: Male | QP9: Female | QQ9: Male | QR9: Female | QS9: Male | QT9: Female | QU9: Male | QV9: Female | QW9: Male | QX9: Female | QY9: Male | QZ9: Female | RA9: Male | RB9: Female | RC9: Male | RD9: Female | RE9: Male | RF9: Female | RG9: Male | RH9: Female | RI9: Male | RJ9: Female | RK9: Male | RL9: Female | RM9: Male | RN9: Female | RO9: Male | RP9: Female | RQ9: Male | RR9: Female | RS9: Male | RT9: Female | RU9: Male | RV9: Female | RW9: Male | RX9: Female | RY9: Male | RZ9: Female | SA9: Male | SB9: Female | SC9: Male | SD9: Female | SE9: Male | SF9: Female | SG9: Male | SH9: Female | SI9: Male | SJ9: Female | SK9: Male | SL9: Female | SM9: Male | SN9: Female | SO9: Male | SP9: Female | SQ9: Male | SR9: Female | SS9: Male | ST9: Female | SU9: Male | SV9: Female | SW9: Male | SX9: Female | SY9: Male | SZ9: Female | TA9: Male | TB9: Female | TC9: Male | TD9: Female | TE9: Male | TF9: Female | TG9: Male | TH9: Female | TI9: Male | TJ9: Female | TK9: Male | TL9: Female | TM9: Male | TN9: Female | TO9: Male | TP9: Female | TQ9: Male | TR9: Female | TS9: Male | TT9: Female | TU9: Male | TV9: Female | TW9: Male | TX9: Female | TY9: Male | TZ9: Female | UA9: Male | UB9: Female | UC9: Male | UD9: Female | UE9: Male | UF9: Female | UG9: Male | UH9: Female | UI9: Total | UK9: Male | UL9: Female | UM9: Male | UN9: Female | UO9: Male | UP9: Female | UQ9: Male | UR9: Female | US9: Male | UT9: Female | UU9: Male | UV9: Female | UW9: Male | UX9: Female | UY9: Male | UZ9: Female | VA9: Male | VB9: Female | VC9: Male | VD9: Female | VE9: Male | VF9: Female | VG9: Male | VH9: Female | VI9: Male | VJ9: Female | VK9: Male | VL9: Female | VM9: Male | VN9: Female | VO9: Male | VP9: Female | VQ9: Male | VR9: Female | VS9: Male | VT9: Female | VU9: Male | VV9: Female | VW9: Male | VX9: Female | VY9: Male | VZ9: Female | WA9: Male | WB9: Female | WC9: Male | WD9: Female | WE9: Male | WF9: Female | WG9: Male | WH9: Female | WI9: Male | WJ9: Female | WK9: Male | WL9: Female | WM9: Male | WN9: Female | WO9: Male | WP9: Female | WQ9: Male | WR9: Female | WS9: Male | WT9: Female | WU9: Male | WV9: Female | WW9: Male | WX9: Female | WY9: Male | WZ9: Female | XA9: Male | XB9: Female | XC9: Male | XD9: Female | XE9: Male | XF9: Female | XG9: Male | XH9: Female | XI9: Male | XJ9: Female | XK9: Male | XL9: Female | XM9: Male | XN9: Female | XO9: Male | XP9: Female | XQ9: Male | XR9: Female | XS9: Male | XT9: Female | XU9: Male | XV9: Female | XW9: Male | XX9: Female | XY9: Male | XZ9: Female | YA9: Male | YB9: Female | YC9: Male | YD9: Female | YE9: Male | YF9: Female | YG9: Male | YH9: Female | YI9: Male | YJ9: Female | YK9: Male | YL9: Female | YM9: Male | YN9: Female | YO9: Male | YP9: Female | YQ9: Male | YR9: Female | YS9: Male | YT9: Female | YU9: Male | YV9: Female | YW9: Male | YX9: Female | YY9: Male | YZ9: Female | ZA9: Male | ZB9: Female | ZC9: Male | ZD9: Female | ZE9: Male | ZF9: Female | ZG9: Male | ZH9: Female | ZI9: Male | ZJ9: Female | ZK9: Male | ZL9: Female | ZM9: Male | ZN9: Female | ZO9: Male | ZP9: Female | ZQ9: Male | ZR9: Female | ZS9: Male | ZT9: Female | ZU9: Male | ZV9: Female | ZW9: Male | ZX9: Female | ZY9: Male | ZZ9: Female | AAA9: Male | AAB9: Female | AAC9: Male | AAD9: Female | AAE9: Male | AAF9: Female | AAG9: Male | AAH9: Female | AAI9: Male | AAJ9: Female | AAK9: Male | AAL9: Female | AAM9: Male | AAN9: Female | AAO9: Male | AAP9: Female | AAQ9: Male | AAR9: Female | AAS9: Male | AAT9: Female | AAU9: Male | AAV9: Female | AAW9: Male | AAX9: Female | AAY9: Male | AAZ9: Female | ABA9: Male | ABB9: Female | ABC9: Male | ABD9: Female | ABE9: Male | ABF9: Female | ABG9: Male | ABH9: Female | ABI9: Male | ABJ9: Female | ABK9: Male | ABL9: Female | ABM9: Male | ABN9: Female | ABO9: Male | ABP9: Female | ABQ9: Male | ABR9: Female | ABS9: Male | ABT9: Female | ABU9: Total | ABW9: Male | ABX9: Female | ABY9: Male | ABZ9: Female | ACA9: Male | ACB9: Female | ACC9: Male | ACD9: Female | ACE9: Male | ACF9: Female | ACG9: Male | ACH9: Female | ACI9: Male | ACJ9: Female | ACK9: Male | ACL9: Female | ACM9: Male | ACN9: Female | ACO9: Male | ACP9: Female | ACQ9: Male | ACR9: Female | ACS9: Male | ACT9: Female | ACU9: Male | ACV9: Female | ACW9: Male | ACX9: Female | ACY9: Male | ACZ9: Female | ADA9: Male | ADB9: Female | ADC9: Male | ADD9: Female | ADE9: Male | ADF9: Female | ADG9: Male | ADH9: Female | ADI9: Male | ADJ9: Female | ADK9: Male | ADL9: Female | ADM9: Male | ADN9: Female | ADO9: Male | ADP9: Female | ADQ9: Male | ADR9: Female | ADS9: Male | ADT9: Female | ADU9: Male | ADV9: Female | ADW9: Male | ADX9: Female | ADY9: Male | ADZ9: Female | AEA9: Male | AEB9: Female | AEC9: Male | AED9: Female | AEE9: Male | AEF9: Female | AEG9: Male | AEH9: Female | AEI9: Male | AEJ9: Female | AEK9: Male | AEL9: Female | AEM9: Male | AEN9: Female | AEO9: Male | AEP9: Female | AEQ9: Male | AER9: Female | AES9: Male | AET9: Female | AEU9: Male | AEV9: Female | AEW9: Male | AEX9: Female | AEY9: Male | AEZ9: Female | AFA9: Male | AFB9: Female | AFC9: Male | AFD9: Female | AFE9: Male | AFF9: Female | AFG9: Male | AFH9: Female | AFI9: Male | AFJ9: Female | AFK9: Male | AFL9: Female | AFM9: Male | AFN9: Female | AFO9: Male | AFP9: Female | AFQ9: Male | AFR9: Female | AFS9: Male | AFT9: Female | AFU9: Male | AFV9: Female | AFW9: Male | AFX9: Female | AFY9: Male | AFZ9: Female | AGA9: Male | AGB9: Female | AGC9: Male | AGD9: Female | AGE9: Male | AGF9: Female | AGG9: Male | AGH9: Female | AGI9: Male | AGJ9: Female | AGK9: Male | AGL9: Female | AGM9: Male | AGN9: Female | AGO9: Male | AGP9: Female | AGQ9: Male | AGR9: Female | AGS9: Male | AGT9: Female | AGU9: Male | AGV9: Female | AGW9: Male | AGX9: Female | AGY9: Male | AGZ9: Female | AHA9: Male | AHB9: Female | AHC9: Male | AHD9: Female | AHE9: Male | AHF9: Female | AHG9: Male | AHH9: Female | AHI9: Male | AHJ9: Female | AHK9: Male | AHL9: Female | AHM9: Male | AHN9: Female | AHO9: Male | AHP9: Female | AHQ9: Male | AHR9: Female | AHS9: Male | AHT9: Female | AHU9: Total | AHW9: Male | AHX9: Female | AHY9: Male | AHZ9: Female | AIA9: Male | AIB9: Female | AIC9: Male | AID9: Female | AIE9: Male | AIF9: Female | AIG9: Male | AIH9: Female | AII9: Male | AIJ9: Female | AIK9: Male | AIL9: Female | AIM9: Male | AIN9: Female | AIO9: Male | AIP9: Female | AIQ9: Male | AIR9: Female | AIS9: Male | AIT9: Female | AIU9: Male | AIV9: Female | AIW9: Male | AIX9: Female | AIY9: Male | AIZ9: Female | AJA9: Male | AJB9: Female | AJC9: Male | AJD9: Female | AJE9: Male | AJF9: Female | AJG9: Male | AJH9: Female | AJI9: Male | AJJ9: Female | AJK9: Male | AJL9: Female | AJM9: Male | AJN9: Female | AJO9: Male | AJP9: Female | AJQ9: Male | AJR9: Female | AJS9: Male | AJT9: Female | AJU9: Male | AJV9: Female | AJW9: Male | AJX9: Female | AJY9: Male | AJZ9: Female | AKA9: Male | AKB9: Female | AKC9: Male | AKD9: Female | AKE9: Male | AKF9: Female | AKG9: Male | AKH9: Female | AKI9: Male | AKJ9: Female | AKK9: Male | AKL9: Female | AKM9: Male | AKN9: Female | AKO9: Male | AKP9: Female | AKQ9: Male | AKR9: Female | AKS9: Male | AKT9: Female | AKU9: Male | AKV9: Female | AKW9: Male | AKX9: Female | AKY9: Male | AKZ9: Female | ALA9: Male | ALB9: Female | ALC9: Male | ALD9: Female | ALE9: Male | ALF9: Female | ALG9: Male | ALH9: Female | ALI9: Male | ALJ9: Female | ALK9: Male | ALL9: Female | ALM9: Male | ALN9: Female | ALO9: Male | ALP9: Female | ALQ9: Male | ALR9: Female | ALS9: Male | ALT9: Female | ALU9: Male | ALV9: Female | ALW9: Male | ALX9: Female | ALY9: Male | ALZ9: Female | AMA9: Male | AMB9: Female | AMC9: Male | AMD9: Female | AME9: Male | AMF9: Female | AMG9: Male | AMH9: Female | AMI9: Male | AMJ9: Female | AMK9: Male | AML9: Female | AMM9: Male | AMN9: Female | AMO9: Male | AMP9: Female | AMQ9: Male | AMR9: Female | AMS9: Male | AMT9: Female | AMU9: Male | AMV9: Female | AMW9: Male | AMX9: Female | AMY9: Male | AMZ9: Female | ANA9: Male | ANB9: Female | ANC9: Male | AND9: Female | ANE9: Male | ANF9: Female | ANG9: Male | ANH9: Female | ANI9: Male | ANJ9: Female | ANK9: Male | ANL9: Female | ANM9: Male | ANN9: Female | ANO9: Male | ANP9: Female | ANQ9: Male | ANR9: Female | ANS9: Male | ANT9: Female | ANU9: Total | ANW9: Male | ANX9: Female | ANY9: Male | ANZ9: Female | AOA9: Male | AOB9: Female | AOC9: Male | AOD9: Female | AOE9: Male | AOF9: Female | AOG9: Male | AOH9: Female | AOI9: Male | AOJ9: Female | AOK9: Male | AOL9: Female | AOM9: Male | AON9: Female | AOO9: Male | AOP9: Female | AOQ9: Male | AOR9: Female | AOS9: Male | AOT9: Female | AOU9: Male | AOV9: Female | AOW9: Male | AOX9: Female | AOY9: Male | AOZ9: Female | APA9: Male | APB9: Female | APC9: Male | APD9: Female | APE9: Male | APF9: Female | APG9: Male | APH9: Female | API9: Male | APJ9: Female | APK9: Male | APL9: Female | APM9: Male | APN9: Female | APO9: Male | APP9: Female | APQ9: Male | APR9: Female | APS9: Male | APT9: Female | APU9: Male | APV9: Female | APW9: Male | APX9: Female | APY9: Male | APZ9: Female | AQA9: Male | AQB9: Female | AQC9: Male | AQD9: Female | AQE9: Male | AQF9: Female | AQG9: Male | AQH9: Female | AQI9: Male | AQJ9: Female | AQK9: Male | AQL9: Female | AQM9: Male | AQN9: Female | AQO9: Male | AQP9: Female | AQQ9: Male | AQR9: Female | AQS9: Male | AQT9: Female | AQU9: Male | AQV9: Female | AQW9: Male | AQX9: Female | AQY9: Male | AQZ9: Female | ARA9: Total
Q10: VI | R10: VI | S10: VI | T10: VI | U10: VI | V10: VI | W10: VI | X10: VI | Y10: VI | Z10: VI | AA10: VI | AB10: VI | AC10: VI | AD10: VI | AE10: HI | AF10: HI | AG10: HI | AH10: HI | AI10: HI | AJ10: HI | AK10: HI | AL10: HI | AM10: HI | AN10: HI | AO10: HI | AP10: HI | AQ10: HI | AR10: HI | AS10: LD | AT10: LD | AU10: LD | AV10: LD | AW10: LD | AX10: LD | AY10: LD | AZ10: LD | BA10: LD | BB10: LD | BC10: LD | BD10: LD | BE10: LD | BF10: LD | BG10: ID | BH10: ID | BI10: ID | BJ10: ID | BK10: ID | BL10: ID | BM10: ID | BN10: ID | BO10: ID | BP10: ID | BQ10: ID | BR10: ID | BS10: ID | BT10: ID | BU10: ASD | BV10: ASD | BW10: ASD | BX10: ASD | BY10: ASD | BZ10: ASD | CA10: ASD | CB10: ASD | CC10: ASD | CD10: ASD | CE10: ASD | CF10: ASD | CG10: ASD | CH10: ASD | CI10: EBD | CJ10: EBD | CK10: EBD | CL10: EBD | CM10: EBD | CN10: EBD | CO10: EBD | CP10: EBD | CQ10: EBD | CR10: EBD | CS10: EBD | CT10: EBD | CU10: EBD | CV10: EBD | CW10: OrthoPH | CX10: OrthoPH | CY10: OrthoPH | CZ10: OrthoPH | DA10: OrthoPH | DB10: OrthoPH | DC10: OrthoPH | DD10: OrthoPH | DE10: OrthoPH | DF10: OrthoPH | DG10: OrthoPH | DH10: OrthoPH | DI10: OrthoPH | DJ10: OrthoPH | DK10: LanD | DL10: LanD | DM10: LanD | DN10: LanD | DO10: LanD | DP10: LanD | DQ10: LanD | DR10: LanD | DS10: LanD | DT10: LanD | DU10: LanD | DV10: LanD | DW10: LanD | DX10: LanD | DY10: CP | DZ10: CP | EA10: CP | EB10: CP | EC10: CP | ED10: CP | EE10: CP | EF10: CP | EG10: CP | EH10: CP | EI10: CP | EJ10: CP | EK10: CP | EL10: CP | EM10: Chronic | EN10: Chronic | EO10: Chronic | EP10: Chronic | EQ10: Chronic | ER10: Chronic | ES10: Chronic | ET10: Chronic | EU10: Chronic | EV10: Chronic | EW10: Chronic | EX10: Chronic | EY10: Chronic | EZ10: Chronic | FA10: MultiD | FB10: MultiD | FC10: MultiD | FD10: MultiD | FE10: MultiD | FF10: MultiD | FG10: MultiD | FH10: MultiD | FI10: MultiD | FJ10: MultiD | FK10: MultiD | FL10: MultiD | FM10: MultiD | FN10: MultiD | FO10: Diff.See | FP10: Diff.See | FQ10: Diff.See | FR10: Diff.See | FS10: Diff.See | FT10: Diff.See | FU10: Diff.See | FV10: Diff.See | FW10: Diff.See | FX10: Diff.See | FY10: Diff.See | FZ10: Diff.See | GA10: Diff.See | GB10: Diff.See | GC10: Diff.Hear | GD10: Diff.Hear | GE10: Diff.Hear | GF10: Diff.Hear | GG10: Diff.Hear | GH10: Diff.Hear | GI10: Diff.Hear | GJ10: Diff.Hear | GK10: Diff.Hear | GL10: Diff.Hear | GM10: Diff.Hear | GN10: Diff.Hear | GO10: Diff.Hear | GP10: Diff.Hear | GQ10: Diff.Know | GR10: Diff.Know | GS10: Diff.Know | GT10: Diff.Know | GU10: Diff.Know | GV10: Diff.Know | GW10: Diff.Know | GX10: Diff.Know | GY10: Diff.Know | GZ10: Diff.Know | HA10: Diff.Know | HB10: Diff.Know | HC10: Diff.Know | HD10: Diff.Know | HE10: Diff.RCPAU | HF10: Diff.RCPAU | HG10: Diff.RCPAU | HH10: Diff.RCPAU | HI10: Diff.RCPAU | HJ10: Diff.RCPAU | HK10: Diff.RCPAU | HL10: Diff.RCPAU | HM10: Diff.RCPAU | HN10: Diff.RCPAU | HO10: Diff.RCPAU | HP10: Diff.RCPAU | HQ10: Diff.RCPAU | HR10: Diff.RCPAU | HS10: Dif.AAS | HT10: Dif.AAS | HU10: Dif.AAS | HV10: Dif.AAS | HW10: Dif.AAS | HX10: Dif.AAS | HY10: Dif.AAS | HZ10: Dif.AAS | IA10: Dif.AAS | IB10: Dif.AAS | IC10: Dif.AAS | ID10: Dif.AAS | IE10: Dif.AAS | IF10: Dif.AAS | IG10: Diff.DIPB | IH10: Diff.DIPB | II10: Diff.DIPB | IJ10: Diff.DIPB | IK10: Diff.DIPB | IL10: Diff.DIPB | IM10: Diff.DIPB | IN10: Diff.DIPB | IO10: Diff.DIPB | IP10: Diff.DIPB | IQ10: Diff.DIPB | IR10: Diff.DIPB | IS10: Diff.DIPB | IT10: Diff.DIPB | IU10: Diff.Mob | IV10: Diff.Mob | IW10: Diff.Mob | IX10: Diff.Mob | IY10: Diff.Mob | IZ10: Diff.Mob | JA10: Diff.Mob | JB10: Diff.Mob | JC10: Diff.Mob | JD10: Diff.Mob | JE10: Diff.Mob | JF10: Diff.Mob | JG10: Diff.Mob | JH10: Diff.Mob | JI10: Diff.Com | JJ10: Diff.Com | JK10: Diff.Com | JL10: Diff.Com | JM10: Diff.Com | JN10: Diff.Com | JO10: Diff.Com | JP10: Diff.Com | JQ10: Diff.Com | JR10: Diff.Com | JS10: Diff.Com | JT10: Diff.Com | JU10: Diff.Com | JV10: Diff.Com | JW10: Male | JX10: Female | JY10: Total | KA10: VI | KB10: VI | KC10: VI | KD10: VI | KE10: VI | KF10: VI | KG10: VI | KH10: VI | KI10: VI | KJ10: VI | KK10: VI | KL10: VI | KM10: VI | KN10: VI | KO10: HI | KP10: HI | KQ10: HI | KR10: HI | KS10: HI | KT10: HI | KU10: HI | KV10: HI | KW10: HI | KX10: HI | KY10: HI | KZ10: HI | LA10: HI | LB10: HI | LC10: LD | LD10: LD | LE10: LD | LF10: LD | LG10: LD | LH10: LD | LI10: LD | LJ10: LD | LK10: LD | LL10: LD | LM10: LD | LN10: LD | LO10: LD | LP10: LD | LQ10: ID | LR10: ID | LS10: ID | LT10: ID | LU10: ID | LV10: ID | LW10: ID | LX10: ID | LY10: ID | LZ10: ID | MA10: ID | MB10: ID | MC10: ID | MD10: ID | ME10: ASD | MF10: ASD | MG10: ASD | MH10: ASD | MI10: ASD | MJ10: ASD | MK10: ASD | ML10: ASD | MM10: ASD | MN10: ASD | MO10: ASD | MP10: ASD | MQ10: ASD | MR10: ASD | MS10: EBD | MT10: EBD | MU10: EBD | MV10: EBD | MW10: EBD | MX10: EBD | MY10: EBD | MZ10: EBD | NA10: EBD | NB10: EBD | NC10: EBD | ND10: EBD | NE10: EBD | NF10: EBD | NG10: OrthoPH | NH10: OrthoPH | NI10: OrthoPH | NJ10: OrthoPH | NK10: OrthoPH | NL10: OrthoPH | NM10: OrthoPH | NN10: OrthoPH | NO10: OrthoPH | NP10: OrthoPH | NQ10: OrthoPH | NR10: OrthoPH | NS10: OrthoPH | NT10: OrthoPH | NU10: LanD | NV10: LanD | NW10: LanD | NX10: LanD | NY10: LanD | NZ10: LanD | OA10: LanD | OB10: LanD | OC10: LanD | OD10: LanD | OE10: LanD | OF10: LanD | OG10: LanD | OH10: LanD | OI10: CP | OJ10: CP | OK10: CP | OL10: CP | OM10: CP | ON10: CP | OO10: CP | OP10: CP | OQ10: CP | OR10: CP | OS10: CP | OT10: CP | OU10: CP | OV10: CP | OW10: Chronic | OX10: Chronic | OY10: Chronic | OZ10: Chronic | PA10: Chronic | PB10: Chronic | PC10: Chronic | PD10: Chronic | PE10: Chronic | PF10: Chronic | PG10: Chronic | PH10: Chronic | PI10: Chronic | PJ10: Chronic | PK10: MultiD | PL10: MultiD | PM10: MultiD | PN10: MultiD | PO10: MultiD | PP10: MultiD | PQ10: MultiD | PR10: MultiD | PS10: MultiD | PT10: MultiD | PU10: MultiD | PV10: MultiD | PW10: MultiD | PX10: MultiD | PY10: Diff.See | PZ10: Diff.See | QA10: Diff.See | QB10: Diff.See | QC10: Diff.See | QD10: Diff.See | QE10: Diff.See | QF10: Diff.See | QG10: Diff.See | QH10: Diff.See | QI10: Diff.See | QJ10: Diff.See | QK10: Diff.See | QL10: Diff.See | QM10: Diff.Hear | QN10: Diff.Hear | QO10: Diff.Hear | QP10: Diff.Hear | QQ10: Diff.Hear | QR10: Diff.Hear | QS10: Diff.Hear | QT10: Diff.Hear | QU10: Diff.Hear | QV10: Diff.Hear | QW10: Diff.Hear | QX10: Diff.Hear | QY10: Diff.Hear | QZ10: Diff.Hear | RA10: Diff.Know | RB10: Diff.Know | RC10: Diff.Know | RD10: Diff.Know | RE10: Diff.Know | RF10: Diff.Know | RG10: Diff.Know | RH10: Diff.Know | RI10: Diff.Know | RJ10: Diff.Know | RK10: Diff.Know | RL10: Diff.Know | RM10: Diff.Know | RN10: Diff.Know | RO10: Diff.RCPAU | RP10: Diff.RCPAU | RQ10: Diff.RCPAU | RR10: Diff.RCPAU | RS10: Diff.RCPAU | RT10: Diff.RCPAU | RU10: Diff.RCPAU | RV10: Diff.RCPAU | RW10: Diff.RCPAU | RX10: Diff.RCPAU | RY10: Diff.RCPAU | RZ10: Diff.RCPAU | SA10: Diff.RCPAU | SB10: Diff.RCPAU | SC10: Dif.AAS | SD10: Dif.AAS | SE10: Dif.AAS | SF10: Dif.AAS | SG10: Dif.AAS | SH10: Dif.AAS | SI10: Dif.AAS | SJ10: Dif.AAS | SK10: Dif.AAS | SL10: Dif.AAS | SM10: Dif.AAS | SN10: Dif.AAS | SO10: Dif.AAS | SP10: Dif.AAS | SQ10: Diff.DIPB | SR10: Diff.DIPB | SS10: Diff.DIPB | ST10: Diff.DIPB | SU10: Diff.DIPB | SV10: Diff.DIPB | SW10: Diff.DIPB | SX10: Diff.DIPB | SY10: Diff.DIPB | SZ10: Diff.DIPB | TA10: Diff.DIPB | TB10: Diff.DIPB | TC10: Diff.DIPB | TD10: Diff.DIPB | TE10: Diff.Mob | TF10: Diff.Mob | TG10: Diff.Mob | TH10: Diff.Mob | TI10: Diff.Mob | TJ10: Diff.Mob | TK10: Diff.Mob | TL10: Diff.Mob | TM10: Diff.Mob | TN10: Diff.Mob | TO10: Diff.Mob | TP10: Diff.Mob | TQ10: Diff.Mob | TR10: Diff.Mob | TS10: Diff.Com | TT10: Diff.Com | TU10: Diff.Com | TV10: Diff.Com | TW10: Diff.Com | TX10: Diff.Com | TY10: Diff.Com | TZ10: Diff.Com | UA10: Diff.Com | UB10: Diff.Com | UC10: Diff.Com | UD10: Diff.Com | UE10: Diff.Com | UF10: Diff.Com | UG10: Male | UH10: Female | UI10: Total | UK10: VI | UL10: VI | UM10: VI | UN10: VI | UO10: VI | UP10: VI | UQ10: VI | UR10: VI | US10: VI | UT10: VI | UU10: HI | UV10: HI | UW10: HI | UX10: HI | UY10: HI | UZ10: HI | VA10: HI | VB10: HI | VC10: HI | VD10: HI | VE10: LD | VF10: LD | VG10: LD | VH10: LD | VI10: LD | VJ10: LD | VK10: LD | VL10: LD | VM10: LD | VN10: LD | VO10: ID | VP10: ID | VQ10: ID | VR10: ID | VS10: ID | VT10: ID | VU10: ID | VV10: ID | VW10: ID | VX10: ID | VY10: ASD | VZ10: ASD | WA10: ASD | WB10: ASD | WC10: ASD | WD10: ASD | WE10: ASD | WF10: ASD | WG10: ASD | WH10: ASD | WI10: EBD | WJ10: EBD | WK10: EBD | WL10: EBD | WM10: EBD | WN10: EBD | WO10: EBD | WP10: EBD | WQ10: EBD | WR10: EBD | WS10: OrthoPH | WT10: OrthoPH | WU10: OrthoPH | WV10: OrthoPH | WW10: OrthoPH | WX10: OrthoPH | WY10: OrthoPH | WZ10: OrthoPH | XA10: OrthoPH | XB10: OrthoPH | XC10: LanD | XD10: LanD | XE10: LanD | XF10: LanD | XG10: LanD | XH10: LanD | XI10: LanD | XJ10: LanD | XK10: LanD | XL10: LanD | XM10: CP | XN10: CP | XO10: CP | XP10: CP | XQ10: CP | XR10: CP | XS10: CP | XT10: CP | XU10: CP | XV10: CP | XW10: Chronic | XX10: Chronic | XY10: Chronic | XZ10: Chronic | YA10: Chronic | YB10: Chronic | YC10: Chronic | YD10: Chronic | YE10: Chronic | YF10: Chronic | YG10: MultiD | YH10: MultiD | YI10: MultiD | YJ10: MultiD | YK10: MultiD | YL10: MultiD | YM10: MultiD | YN10: MultiD | YO10: MultiD | YP10: MultiD | YQ10: Diff.See | YR10: Diff.See | YS10: Diff.See | YT10: Diff.See | YU10: Diff.See | YV10: Diff.See | YW10: Diff.See | YX10: Diff.See | YY10: Diff.See | YZ10: Diff.See | ZA10: Diff.Hear | ZB10: Diff.Hear | ZC10: Diff.Hear | ZD10: Diff.Hear | ZE10: Diff.Hear | ZF10: Diff.Hear | ZG10: Diff.Hear | ZH10: Diff.Hear | ZI10: Diff.Hear | ZJ10: Diff.Hear | ZK10: Diff.Know | ZL10: Diff.Know | ZM10: Diff.Know | ZN10: Diff.Know | ZO10: Diff.Know | ZP10: Diff.Know | ZQ10: Diff.Know | ZR10: Diff.Know | ZS10: Diff.Know | ZT10: Diff.Know | ZU10: Diff.RCPAU | ZV10: Diff.RCPAU | ZW10: Diff.RCPAU | ZX10: Diff.RCPAU | ZY10: Diff.RCPAU | ZZ10: Diff.RCPAU | AAA10: Diff.RCPAU | AAB10: Diff.RCPAU | AAC10: Diff.RCPAU | AAD10: Diff.RCPAU | AAE10: Dif.AAS | AAF10: Dif.AAS | AAG10: Dif.AAS | AAH10: Dif.AAS | AAI10: Dif.AAS | AAJ10: Dif.AAS | AAK10: Dif.AAS | AAL10: Dif.AAS | AAM10: Dif.AAS | AAN10: Dif.AAS | AAO10: Diff.DIPB | AAP10: Diff.DIPB | AAQ10: Diff.DIPB | AAR10: Diff.DIPB | AAS10: Diff.DIPB | AAT10: Diff.DIPB | AAU10: Diff.DIPB | AAV10: Diff.DIPB | AAW10: Diff.DIPB | AAX10: Diff.DIPB | AAY10: Diff.Mob | AAZ10: Diff.Mob | ABA10: Diff.Mob | ABB10: Diff.Mob | ABC10: Diff.Mob | ABD10: Diff.Mob | ABE10: Diff.Mob | ABF10: Diff.Mob | ABG10: Diff.Mob | ABH10: Diff.Mob | ABI10: Diff.Com | ABJ10: Diff.Com | ABK10: Diff.Com | ABL10: Diff.Com | ABM10: Diff.Com | ABN10: Diff.Com | ABO10: Diff.Com | ABP10: Diff.Com | ABQ10: Diff.Com | ABR10: Diff.Com | ABW10: VI | ABX10: VI | ABY10: VI | ABZ10: VI | ACA10: VI | ACB10: VI | ACC10: VI | ACD10: VI | ACE10: HI | ACF10: HI | ACG10: HI | ACH10: HI | ACI10: HI | ACJ10: HI | ACK10: HI | ACL10: HI | ACM10: LD | ACN10: LD | ACO10: LD | ACP10: LD | ACQ10: LD | ACR10: LD | ACS10: LD | ACT10: LD | ACU10: ID | ACV10: ID | ACW10: ID | ACX10: ID | ACY10: ID | ACZ10: ID | ADA10: ID | ADB10: ID | ADC10: ASD | ADD10: ASD | ADE10: ASD | ADF10: ASD | ADG10: ASD | ADH10: ASD | ADI10: ASD | ADJ10: ASD | ADK10: EBD | ADL10: EBD | ADM10: EBD | ADN10: EBD | ADO10: EBD | ADP10: EBD | ADQ10: EBD | ADR10: EBD | ADS10: OrthoPH | ADT10: OrthoPH | ADU10: OrthoPH | ADV10: OrthoPH | ADW10: OrthoPH | ADX10: OrthoPH | ADY10: OrthoPH | ADZ10: OrthoPH | AEA10: LanD | AEB10: LanD | AEC10: LanD | AED10: LanD | AEE10: LanD | AEF10: LanD | AEG10: LanD | AEH10: LanD | AEI10: CP | AEJ10: CP | AEK10: CP | AEL10: CP | AEM10: CP | AEN10: CP | AEO10: CP | AEP10: CP | AEQ10: Chronic | AER10: Chronic | AES10: Chronic | AET10: Chronic | AEU10: Chronic | AEV10: Chronic | AEW10: Chronic | AEX10: Chronic | AEY10: MultiD | AEZ10: MultiD | AFA10: MultiD | AFB10: MultiD | AFC10: MultiD | AFD10: MultiD | AFE10: MultiD | AFF10: MultiD | AFG10: Diff.See | AFH10: Diff.See | AFI10: Diff.See | AFJ10: Diff.See | AFK10: Diff.See | AFL10: Diff.See | AFM10: Diff.See | AFN10: Diff.See | AFO10: Diff.Hear | AFP10: Diff.Hear | AFQ10: Diff.Hear | AFR10: Diff.Hear | AFS10: Diff.Hear | AFT10: Diff.Hear | AFU10: Diff.Hear | AFV10: Diff.Hear | AFW10: Diff.Know | AFX10: Diff.Know | AFY10: Diff.Know | AFZ10: Diff.Know | AGA10: Diff.Know | AGB10: Diff.Know | AGC10: Diff.Know | AGD10: Diff.Know | AGE10: Diff.RCPAU | AGF10: Diff.RCPAU | AGG10: Diff.RCPAU | AGH10: Diff.RCPAU | AGI10: Diff.RCPAU | AGJ10: Diff.RCPAU | AGK10: Diff.RCPAU | AGL10: Diff.RCPAU | AGM10: Dif.AAS | AGN10: Dif.AAS | AGO10: Dif.AAS | AGP10: Dif.AAS | AGQ10: Dif.AAS | AGR10: Dif.AAS | AGS10: Dif.AAS | AGT10: Dif.AAS | AGU10: Diff.DIPB | AGV10: Diff.DIPB | AGW10: Diff.DIPB | AGX10: Diff.DIPB | AGY10: Diff.DIPB | AGZ10: Diff.DIPB | AHA10: Diff.DIPB | AHB10: Diff.DIPB | AHC10: Diff.Mob | AHD10: Diff.Mob | AHE10: Diff.Mob | AHF10: Diff.Mob | AHG10: Diff.Mob | AHH10: Diff.Mob | AHI10: Diff.Mob | AHJ10: Diff.Mob | AHK10: Diff.Com | AHL10: Diff.Com | AHM10: Diff.Com | AHN10: Diff.Com | AHO10: Diff.Com | AHP10: Diff.Com | AHQ10: Diff.Com | AHR10: Diff.Com | AHW10: VI | AHX10: VI | AHY10: VI | AHZ10: VI | AIA10: VI | AIB10: VI | AIC10: VI | AID10: VI | AIE10: HI | AIF10: HI | AIG10: HI | AIH10: HI | AII10: HI | AIJ10: HI | AIK10: HI | AIL10: HI | AIM10: LD | AIN10: LD | AIO10: LD | AIP10: LD | AIQ10: LD | AIR10: LD | AIS10: LD | AIT10: LD | AIU10: ID | AIV10: ID | AIW10: ID | AIX10: ID | AIY10: ID | AIZ10: ID | AJA10: ID | AJB10: ID | AJC10: ASD | AJD10: ASD | AJE10: ASD | AJF10: ASD | AJG10: ASD | AJH10: ASD | AJI10: ASD | AJJ10: ASD | AJK10: EBD | AJL10: EBD | AJM10: EBD | AJN10: EBD | AJO10: EBD | AJP10: EBD | AJQ10: EBD | AJR10: EBD | AJS10: OrthoPH | AJT10: OrthoPH | AJU10: OrthoPH | AJV10: OrthoPH | AJW10: OrthoPH | AJX10: OrthoPH | AJY10: OrthoPH | AJZ10: OrthoPH | AKA10: LanD | AKB10: LanD | AKC10: LanD | AKD10: LanD | AKE10: LanD | AKF10: LanD | AKG10: LanD | AKH10: LanD | AKI10: CP | AKJ10: CP | AKK10: CP | AKL10: CP | AKM10: CP | AKN10: CP | AKO10: CP | AKP10: CP | AKQ10: Chronic | AKR10: Chronic | AKS10: Chronic | AKT10: Chronic | AKU10: Chronic | AKV10: Chronic | AKW10: Chronic | AKX10: Chronic | AKY10: MultiD | AKZ10: MultiD | ALA10: MultiD | ALB10: MultiD | ALC10: MultiD | ALD10: MultiD | ALE10: MultiD | ALF10: MultiD | ALG10: Diff.See | ALH10: Diff.See | ALI10: Diff.See | ALJ10: Diff.See | ALK10: Diff.See | ALL10: Diff.See | ALM10: Diff.See | ALN10: Diff.See | ALO10: Diff.Hear | ALP10: Diff.Hear | ALQ10: Diff.Hear | ALR10: Diff.Hear | ALS10: Diff.Hear | ALT10: Diff.Hear | ALU10: Diff.Hear | ALV10: Diff.Hear | ALW10: Diff.Know | ALX10: Diff.Know | ALY10: Diff.Know | ALZ10: Diff.Know | AMA10: Diff.Know | AMB10: Diff.Know | AMC10: Diff.Know | AMD10: Diff.Know | AME10: Diff.RCPAU | AMF10: Diff.RCPAU | AMG10: Diff.RCPAU | AMH10: Diff.RCPAU | AMI10: Diff.RCPAU | AMJ10: Diff.RCPAU | AMK10: Diff.RCPAU | AML10: Diff.RCPAU | AMM10: Dif.AAS | AMN10: Dif.AAS | AMO10: Dif.AAS | AMP10: Dif.AAS | AMQ10: Dif.AAS | AMR10: Dif.AAS | AMS10: Dif.AAS | AMT10: Dif.AAS | AMU10: Diff.DIPB | AMV10: Diff.DIPB | AMW10: Diff.DIPB | AMX10: Diff.DIPB | AMY10: Diff.DIPB | AMZ10: Diff.DIPB | ANA10: Diff.DIPB | ANB10: Diff.DIPB | ANC10: Diff.Mob | AND10: Diff.Mob | ANE10: Diff.Mob | ANF10: Diff.Mob | ANG10: Diff.Mob | ANH10: Diff.Mob | ANI10: Diff.Mob | ANJ10: Diff.Mob | ANK10: Diff.Com | ANL10: Diff.Com | ANM10: Diff.Com | ANN10: Diff.Com | ANO10: Diff.Com | ANP10: Diff.Com | ANQ10: Diff.Com | ANR10: Diff.Com | ANW10: VI | ANX10: VI | ANY10: VI | ANZ10: VI | AOA10: HI | AOB10: HI | AOC10: HI | AOD10: HI | AOE10: LD | AOF10: LD | AOG10: LD | AOH10: LD | AOI10: ID | AOJ10: ID | AOK10: ID | AOL10: ID | AOM10: ASD | AON10: ASD | AOO10: ASD | AOP10: ASD | AOQ10: EBD | AOR10: EBD | AOS10: EBD | AOT10: EBD | AOU10: OrthoPH | AOV10: OrthoPH | AOW10: OrthoPH | AOX10: OrthoPH | AOY10: LanD | AOZ10: LanD | APA10: LanD | APB10: LanD | APC10: CP | APD10: CP | APE10: CP | APF10: CP | APG10: Chronic | APH10: Chronic | API10: Chronic | APJ10: Chronic | APK10: MultiD | APL10: MultiD | APM10: MultiD | APN10: MultiD | APO10: Diff.See | APP10: Diff.See | APQ10: Diff.See | APR10: Diff.See | APS10: Diff.Hear | APT10: Diff.Hear | APU10: Diff.Hear | APV10: Diff.Hear | APW10: Diff.Know | APX10: Diff.Know | APY10: Diff.Know | APZ10: Diff.Know | AQA10: Diff.RCPAU | AQB10: Diff.RCPAU | AQC10: Diff.RCPAU | AQD10: Diff.RCPAU | AQE10: Dif.AAS | AQF10: Dif.AAS | AQG10: Dif.AAS | AQH10: Dif.AAS | AQI10: Diff.DIPB | AQJ10: Diff.DIPB | AQK10: Diff.DIPB | AQL10: Diff.DIPB | AQM10: Diff.Mob | AQN10: Diff.Mob | AQO10: Diff.Mob | AQP10: Diff.Mob | AQQ10: Diff.Com | AQR10: Diff.Com | AQS10: Diff.Com | AQT10: Diff.Com
Q11: =SUM(Q$13:Q$84) -> 0 | R11: =SUM(R$13:R$84) -> 0 | S11: =SUM(S$13:S$84) -> 0 | T11: =SUM(T$13:T$84) -> 0 | U11: =SUM(U$13:U$84) -> 1 | V11: =SUM(V$13:V$84) -> 0 | W11: =SUM(W$13:W$84) -> 0 | X11: =SUM(X$13:X$84) -> 1 | ... JY11: =SUM(JY$13:JY$84) -> 2714 | KA11: =SUM(KA$13:KA$84) -> 4 | KB11: =SUM(KB$13:KB$84) -> 1 | KC11: =SUM(KC$13:KC$84) -> 0 | KD11: =SUM(KD$13:KD$84) -> 0 | KE11: =SUM(KE$13:KE$84) -> 0 | KF11: =SUM(KF$13:KF$84) -> 0 | KG11: =SUM(KG$13:KG$84) -> 0 | KH11: =SUM(KH$13:KH$84) -> 0 | ... UI11: =SUM(UI$13:UI$84) -> 99 | UK11: =SUM(UK$13:UK$84) -> 0 | UL11: =SUM(UL$13:UL$84) -> 1 | UM11: =SUM(UM$13:UM$84) -> 0 | UN11: =SUM(UN$13:UN$84) -> 0 | UO11: =SUM(UO$13:UO$84) -> 0 | UP11: =SUM(UP$13:UP$84) -> 0 | UQ11: =SUM(UQ$13:UQ$84) -> 0 | UR11: =SUM(UR$13:UR$84) -> 0 | ... ABU11: =SUM(ABU$13:ABU$84) -> 78 | ABW11: =SUM(ABW$13:ABW$84) -> 0 | ABX11: =SUM(ABX$13:ABX$84) -> 0 | ABY11: =SUM(ABY$13:ABY$84) -> 0 | ABZ11: =SUM(ABZ$13:ABZ$84) -> 1 | ACA11: =SUM(ACA$13:ACA$84) -> 0 | ACB11: =SUM(ACB$13:ACB$84) -> 0 | ACC11: =SUM(ACC$13:ACC$84) -> 2 | ACD11: =SUM(ACD$13:ACD$84) -> 1 | ... AHU11: =SUM(AHU$13:AHU$84) -> 602 | AHW11: =SUM(AHW$13:AHW$84) -> 0 | AHX11: =SUM(AHX$13:AHX$84) -> 0 | AHY11: =SUM(AHY$13:AHY$84) -> 0 | AHZ11: =SUM(AHZ$13:AHZ$84) -> 0 | AIA11: =SUM(AIA$13:AIA$84) -> 0 | AIB11: =SUM(AIB$13:AIB$84) -> 0 | AIC11: =SUM(AIC$13:AIC$84) -> 0 | AID11: =SUM(AID$13:AID$84) -> 0 | ... ANU11: =SUM(ANU$13:ANU$84) -> 0 | ANW11: =SUM(ANW$13:ANW$84) -> 0 | ANX11: =SUM(ANX$13:ANX$84) -> 1 | ANY11: =SUM(ANY$13:ANY$84) -> 0 | ANZ11: =SUM(ANZ$13:ANZ$84) -> 0 | AOA11: =SUM(AOA$13:AOA$84) -> 0 | AOB11: =SUM(AOB$13:AOB$84) -> 0 | AOC11: =SUM(AOC$13:AOC$84) -> 0 | AOD11: =SUM(AOD$13:AOD$84) -> 0 | ... ARA11: =SUM(ARA$13:ARA$84) -> 49
A12: EMISD# | B12: Region | C12: Division | D12: District | E12: BEIS School ID | F12: School Name | G12: Street Address | H12: Mother School ID | I12: Province | J12: Municipality | K12: Legislative District | L12: Barangay | M12: Sector | N12: School Subclassification | O12: Implementing Unit | P12: Modified COC | Q12: WD - Visual Impairment - Kinder M | R12: WD - Visual Impairment - Kinder F | S12: WD - Visual Impairment - G1 M | T12: WD - Visual Impairment - G1 F | U12: WD - Visual Impairment - G2 M | V12: WD - Visual Impairment - G2 F | W12: WD - Visual Impairment - G3 M | X12: WD - Visual Impairment - G3 F | Y12: WD - Visual Impairment - G4 M | Z12: WD - Visual Impairment - G4 F | AA12: WD - Visual Impairment - G5 M | AB12: WD - Visual Impairment - G5 F | AC12: WD - Visual Impairment - G6 M | AD12: WD - Visual Impairment - G6 F | AE12: WD - Hearing Impairment - Kinder M | AF12: WD - Hearing Impairment - Kinder F | AG12: WD - Hearing Impairment - G1 M | AH12: WD - Hearing Impairment - G1 F | AI12: WD - Hearing Impairment - G2 M | AJ12: WD - Hearing Impairment - G2 F | AK12: WD - Hearing Impairment - G3 M | AL12: WD - Hearing Impairment - G3 F | AM12: WD - Hearing Impairment - G4 M | AN12: WD - Hearing Impairment - G4 F | AO12: WD - Hearing Impairment - G5 M | AP12: WD - Hearing Impairment - G5 F | AQ12: WD - Hearing Impairment - G6 M | AR12: WD - Hearing Impairment - G6 F | AS12: WD - Learning Disability - Kinder M | AT12: WD - Learning Disability - Kinder F | AU12: WD - Learning Disability - G1 M | AV12: WD - Learning Disability - G1 F | AW12: WD - Learning Disability - G2 M | AX12: WD - Learning Disability - G2 F | AY12: WD - Learning Disability - G3 M | AZ12: WD - Learning Disability - G3 F | BA12: WD - Learning Disability - G4 M | BB12: WD - Learning Disability - G4 F | BC12: WD - Learning Disability - G5 M | BD12: WD - Learning Disability - G5 F | BE12: WD - Learning Disability - G6 M | BF12: WD - Learning Disability - G6 F | BG12: WD - Intellectual Disability - Kinder M | BH12: WD - Intellectual Disability - Kinder F | BI12: WD - Intellectual Disability - G1 M | BJ12: WD - Intellectual Disability - G1 F | BK12: WD - Intellectual Disability - G2 M | BL12: WD - Intellectual Disability - G2 F | BM12: WD - Intellectual Disability - G3 M | BN12: WD - Intellectual Disability - G3 F | BO12: WD - Intellectual Disability - G4 M | BP12: WD - Intellectual Disability - G4 F | BQ12: WD - Intellectual Disability - G5 M | BR12: WD - Intellectual Disability - G5 F | BS12: WD - Intellectual Disability - G6 M | BT12: WD - Intellectual Disability - G6 F | BU12: WD - Autism Spectrum Disorder - Kinder M | BV12: WD - Autism Spectrum Disorder - Kinder F | BW12: WD - Autism Spectrum Disorder - G1 M | BX12: WD - Autism Spectrum Disorder - G1 F | BY12: WD - Autism Spectrum Disorder - G2 M | BZ12: WD - Autism Spectrum Disorder - G2 F | CA12: WD - Autism Spectrum Disorder - G3 M | CB12: WD - Autism Spectrum Disorder - G3 F | CC12: WD - Autism Spectrum Disorder - G4 M | CD12: WD - Autism Spectrum Disorder - G4 F | CE12: WD - Autism Spectrum Disorder - G5 M | CF12: WD - Autism Spectrum Disorder - G5 F | CG12: WD - Autism Spectrum Disorder - G6 M | CH12: WD - Autism Spectrum Disorder - G6 F | CI12: WD - Emotional-Behavioral Disorder - Kinder M | CJ12: WD - Emotional-Behavioral Disorder - Kinder F | CK12: WD - Emotional-Behavioral Disorder - G1 M | CL12: WD - Emotional-Behavioral Disorder - G1 F | CM12: WD - Emotional-Behavioral Disorder - G2 M | CN12: WD - Emotional-Behavioral Disorder - G2 F | CO12: WD - Emotional-Behavioral Disorder - G3 M | CP12: WD - Emotional-Behavioral Disorder - G3 F | CQ12: WD - Emotional-Behavioral Disorder - G4 M | CR12: WD - Emotional-Behavioral Disorder - G4 F | CS12: WD - Emotional-Behavioral Disorder - G5 M | CT12: WD - Emotional-Behavioral Disorder - G5 F | CU12: WD - Emotional-Behavioral Disorder - G6 M | CV12: WD - Emotional-Behavioral Disorder - G6 F | CW12: WD - Orthopedic/ Physical Handicap - Kinder M | CX12: WD - Orthopedic/ Physical Handicap - Kinder F | CY12: WD - Orthopedic/ Physical Handicap - G1 M | CZ12: WD - Orthopedic/ Physical Handicap - G1 F | DA12: WD - Orthopedic/ Physical Handicap - G2 M | DB12: WD - Orthopedic/ Physical Handicap - G2 F | DC12: WD - Orthopedic/ Physical Handicap - G3 M | DD12: WD - Orthopedic/ Physical Handicap - G3 F | DE12: WD - Orthopedic/ Physical Handicap - G4 M | DF12: WD - Orthopedic/ Physical Handicap - G4 F | DG12: WD - Orthopedic/ Physical Handicap - G5 M | DH12: WD - Orthopedic/ Physical Handicap - G5 F | DI12: WD - Orthopedic/ Physical Handicap - G6 M | DJ12: WD - Orthopedic/ Physical Handicap - G6 F | DK12: WD - Speech / Language Disorder - Kinder M | DL12: WD - Speech / Language Disorder - Kinder F | DM12: WD - Speech / Language Disorder - G1 M | DN12: WD - Speech / Language Disorder - G1 F | DO12: WD - Speech / Language Disorder - G2 M | DP12: WD - Speech / Language Disorder - G2 F | DQ12: WD - Speech / Language Disorder - G3 M | DR12: WD - Speech / Language Disorder - G3 F | DS12: WD - Speech / Language Disorder - G4 M | DT12: WD - Speech / Language Disorder - G4 F | DU12: WD - Speech / Language Disorder - G5 M | DV12: WD - Speech / Language Disorder - G5 F | DW12: WD - Speech / Language Disorder - G6 M | DX12: WD - Speech / Language Disorder - G6 F | DY12: WD - Cerebral Palsy - Kinder M | DZ12: WD - Cerebral Palsy - Kinder F | EA12: WD - Cerebral Palsy - G1 M | EB12: WD - Cerebral Palsy - G1 F | EC12: WD - Cerebral Palsy - G2 M | ED12: WD - Cerebral Palsy - G2 F | EE12: WD - Cerebral Palsy - G3 M | EF12: WD - Cerebral Palsy - G3 F | EG12: WD - Cerebral Palsy - G4 M | EH12: WD - Cerebral Palsy - G4 F | EI12: WD - Cerebral Palsy - G5 M | EJ12: WD - Cerebral Palsy - G5 F | EK12: WD - Cerebral Palsy - G6 M | EL12: WD - Cerebral Palsy - G6 F | EM12: WD - Special Health Prob/ Chronic Disease - Kinder M | EN12: WD - Special Health Prob/ Chronic Disease - Kinder F | EO12: WD - Special Health Prob/ Chronic Disease - G1 M | EP12: WD - Special Health Prob/ Chronic Disease - G1 F | EQ12: WD - Special Health Prob/ Chronic Disease - G2 M | ER12: WD - Special Health Prob/ Chronic Disease - G2 F | ES12: WD - Special Health Prob/ Chronic Disease - G3 M | ET12: WD - Special Health Prob/ Chronic Disease - G3 F | EU12: WD - Special Health Prob/ Chronic Disease - G4 M | EV12: WD - Special Health Prob/ Chronic Disease - G4 F | EW12: WD - Special Health Prob/ Chronic Disease - G5 M | EX12: WD - Special Health Prob/ Chronic Disease - G5 F | EY12: WD - Special Health Prob/ Chronic Disease - G6 M | EZ12: WD - Special Health Prob/ Chronic Disease - G6 F | FA12: WD - Multiple Disabilities - Kinder M | FB12: WD - Multiple Disabilities - Kinder F | FC12: WD - Multiple Disabilities - G1 M | FD12: WD - Multiple Disabilities - G1 F | FE12: WD - Multiple Disabilities - G2 M | FF12: WD - Multiple Disabilities - G2 F | FG12: WD - Multiple Disabilities - G3 M | FH12: WD - Multiple Disabilities - G3 F | FI12: WD - Multiple Disabilities - G4 M | FJ12: WD - Multiple Disabilities - G4 F | FK12: WD - Multiple Disabilities - G5 M | FL12: WD - Multiple Disabilities - G5 F | FM12: WD - Multiple Disabilities - G6 M | FN12: WD - Multiple Disabilities - G6 F | FO12: WM - Dif. in Seeing - Kinder M | FP12: WM - Dif. in Seeing - Kinder F | FQ12: WM - Dif. in Seeing - G1 M | FR12: WM - Dif. in Seeing - G1 F | FS12: WM - Dif. in Seeing - G2 M | FT12: WM - Dif. in Seeing - G2 F | FU12: WM - Dif. in Seeing - G3 M | FV12: WM - Dif. in Seeing - G3 F | FW12: WM - Dif. in Seeing - G4 M | FX12: WM - Dif. in Seeing - G4 F | FY12: WM - Dif. in Seeing - G5 M | FZ12: WM - Dif. in Seeing - G5 F | GA12: WM - Dif. in Seeing - G6 M | GB12: WM - Dif. in Seeing - G6 F | GC12: WM - Dif. in Hearing - Kinder M | GD12: WM - Dif. in Hearing - Kinder F | GE12: WM - Dif. in Hearing - G1 M | GF12: WM - Dif. in Hearing - G1 F | GG12: WM - Dif. in Hearing - G2 M | GH12: WM - Dif. in Hearing - G2 F | GI12: WM - Dif. in Hearing - G3 M | GJ12: WM - Dif. in Hearing - G3 F | GK12: WM - Dif. in Hearing - G4 M | GL12: WM - Dif. in Hearing - G4 F | GM12: WM - Dif. in Hearing - G5 M | GN12: WM - Dif. in Hearing - G5 F | GO12: WM - Dif. in Hearing - G6 M | GP12: WM - Dif. in Hearing - G6 F | GQ12: WM - Dif. in Applying Knowledge - Kinder M | GR12: WM - Dif. in Applying Knowledge - Kinder F | GS12: WM - Dif. in Applying Knowledge - G1 M | GT12: WM - Dif. in Applying Knowledge - G1 F | GU12: WM - Dif. in Applying Knowledge - G2 M | GV12: WM - Dif. in Applying Knowledge - G2 F | GW12: WM - Dif. in Applying Knowledge - G3 M | GX12: WM - Dif. in Applying Knowledge - G3 F | GY12: WM - Dif. in Applying Knowledge - G4 M | GZ12: WM - Dif. in Applying Knowledge - G4 F | HA12: WM - Dif. in Applying Knowledge - G5 M | HB12: WM - Dif. in Applying Knowledge - G5 F | HC12: WM - Dif. in Applying Knowledge - G6 M | HD12: WM - Dif. in Applying Knowledge - G6 F | HE12: WM - Dif. in Remembering, & CPAU - Kinder M | HF12: WM - Dif. in Remembering, & CPAU - Kinder F | HG12: WM - Dif. in Remembering, & CPAU - G1 M | HH12: WM - Dif. in Remembering, & CPAU - G1 F | HI12: WM - Dif. in Remembering, & CPAU - G2 M | HJ12: WM - Dif. in Remembering, & CPAU - G2 F | HK12: WM - Dif. in Remembering, & CPAU - G3 M | HL12: WM - Dif. in Remembering, & CPAU - G3 F | HM12: WM - Dif. in Remembering, & CPAU - G4 M | HN12: WM - Dif. in Remembering, & CPAU - G4 F | HO12: WM - Dif. in Remembering, & CPAU - G5 M | HP12: WM - Dif. in Remembering, & CPAU - G5 F | HQ12: WM - Dif. in Remembering, & CPAU - G6 M | HR12: WM - Dif. in Remembering, & CPAU - G6 F | HS12: WM - Dif. in Applying Adaptive Skills - Kinder M | HT12: WM - Dif. in Applying Adaptive Skills - Kinder F | HU12: WM - Dif. in Applying Adaptive Skills - G1 M | HV12: WM - Dif. in Applying Adaptive Skills - G1 F | HW12: WM - Dif. in Applying Adaptive Skills - G2 M | HX12: WM - Dif. in Applying Adaptive Skills - G2 F | HY12: WM - Dif. in Applying Adaptive Skills - G3 M | HZ12: WM - Dif. in Applying Adaptive Skills - G3 F | IA12: WM - Dif. in Applying Adaptive Skills - G4 M | IB12: WM - Dif. in Applying Adaptive Skills - G4 F | IC12: WM - Dif. in Applying Adaptive Skills - G5 M | ID12: WM - Dif. in Applying Adaptive Skills - G5 F | IE12: WM - Dif. in Applying Adaptive Skills - G6 M | IF12: WM - Dif. in Applying Adaptive Skills - G6 F | IG12: WM - Dif. in Disp. Inter-Personal Behavior - Kinder M | IH12: WM - Dif. in Disp. Inter-Personal Behavior - Kinder F | II12: WM - Dif. in Disp. Inter-Personal Behavior - G1 M | IJ12: WM - Dif. in Disp. Inter-Personal Behavior - G1 F | IK12: WM - Dif. in Disp. Inter-Personal Behavior - G2 M | IL12: WM - Dif. in Disp. Inter-Personal Behavior - G2 F | IM12: WM - Dif. in Disp. Inter-Personal Behavior - G3 M | IN12: WM - Dif. in Disp. Inter-Personal Behavior - G3 F | IO12: WM - Dif. in Disp. Inter-Personal Behavior - G4 M | IP12: WM - Dif. in Disp. Inter-Personal Behavior - G4 F | IQ12: WM - Dif. in Disp. Inter-Personal Behavior - G5 M | IR12: WM - Dif. in Disp. Inter-Personal Behavior - G5 F | IS12: WM - Dif. in Disp. Inter-Personal Behavior - G6 M | IT12: WM - Dif. in Disp. Inter-Personal Behavior - G6 F | IU12: WM - Dif. in Mobility - Kinder M | IV12: WM - Dif. in Mobility - Kinder F | IW12: WM - Dif. in Mobility - G1 M | IX12: WM - Dif. in Mobility - G1 F | IY12: WM - Dif. in Mobility - G2 M | IZ12: WM - Dif. in Mobility - G2 F | JA12: WM - Dif. in Mobility - G3 M | JB12: WM - Dif. in Mobility - G3 F | JC12: WM - Dif. in Mobility - G4 M | JD12: WM - Dif. in Mobility - G4 F | JE12: WM - Dif. in Mobility - G5 M | JF12: WM - Dif. in Mobility - G5 F | JG12: WM - Dif. in Mobility - G6 M | JH12: WM - Dif. in Mobility - G6 F | JI12: WM - Dif. in Communicating - Kinder M | JJ12: WM - Dif. in Communicating - Kinder F | JK12: WM - Dif. in Communicating - G1 M | JL12: WM - Dif. in Communicating - G1 F | JM12: WM - Dif. in Communicating - G2 M | JN12: WM - Dif. in Communicating - G2 F | JO12: WM - Dif. in Communicating - G3 M | JP12: WM - Dif. in Communicating - G3 F | JQ12: WM - Dif. in Communicating - G4 M | JR12: WM - Dif. in Communicating - G4 F | JS12: WM - Dif. in Communicating - G5 M | JT12: WM - Dif. in Communicating - G5 F | JU12: WM - Dif. in Communicating - G6 M | JV12: WM - Dif. in Communicating - G6 F | JW12: Male | JX12: Female | JY12: Total | JZ12: 1 | KA12: WD - Visual Impairment - Kinder M | KB12: WD - Visual Impairment - Kinder F | KC12: WD - Visual Impairment - G1 M | KD12: WD - Visual Impairment - G1 F | KE12: WD - Visual Impairment - G2 M | KF12: WD - Visual Impairment - G2 F | KG12: WD - Visual Impairment - G3 M | KH12: WD - Visual Impairment - G3 F | KI12: WD - Visual Impairment - G4 M | KJ12: WD - Visual Impairment - G4 F | KK12: WD - Visual Impairment - G5 M | KL12: WD - Visual Impairment - G5 F | KM12: WD - Visual Impairment - G6 M | KN12: WD - Visual Impairment - G6 F | KO12: WD - Hearing Impairment - Kinder M | KP12: WD - Hearing Impairment - Kinder F | KQ12: WD - Hearing Impairment - G1 M | KR12: WD - Hearing Impairment - G1 F | KS12: WD - Hearing Impairment - G2 M | KT12: WD - Hearing Impairment - G2 F | KU12: WD - Hearing Impairment - G3 M | KV12: WD - Hearing Impairment - G3 F | KW12: WD - Hearing Impairment - G4 M | KX12: WD - Hearing Impairment - G4 F | KY12: WD - Hearing Impairment - G5 M | KZ12: WD - Hearing Impairment - G5 F | LA12: WD - Hearing Impairment - G6 M | LB12: WD - Hearing Impairment - G6 F | LC12: WD - Learning Disability - Kinder M | LD12: WD - Learning Disability - Kinder F | LE12: WD - Learning Disability - G1 M | LF12: WD - Learning Disability - G1 F | LG12: WD - Learning Disability - G2 M | LH12: WD - Learning Disability - G2 F | LI12: WD - Learning Disability - G3 M | LJ12: WD - Learning Disability - G3 F | LK12: WD - Learning Disability - G4 M | LL12: WD - Learning Disability - G4 F | LM12: WD - Learning Disability - G5 M | LN12: WD - Learning Disability - G5 F | LO12: WD - Learning Disability - G6 M | LP12: WD - Learning Disability - G6 F | LQ12: WD - Intellectual Disability - Kinder M | LR12: WD - Intellectual Disability - Kinder F | LS12: WD - Intellectual Disability - G1 M | LT12: WD - Intellectual Disability - G1 F | LU12: WD - Intellectual Disability - G2 M | LV12: WD - Intellectual Disability - G2 F | LW12: WD - Intellectual Disability - G3 M | LX12: WD - Intellectual Disability - G3 F | LY12: WD - Intellectual Disability - G4 M | LZ12: WD - Intellectual Disability - G4 F | MA12: WD - Intellectual Disability - G5 M | MB12: WD - Intellectual Disability - G5 F | MC12: WD - Intellectual Disability - G6 M | MD12: WD - Intellectual Disability - G6 F | ME12: WD - Autism Spectrum Disorder - Kinder M | MF12: WD - Autism Spectrum Disorder - Kinder F | MG12: WD - Autism Spectrum Disorder - G1 M | MH12: WD - Autism Spectrum Disorder - G1 F | MI12: WD - Autism Spectrum Disorder - G2 M | MJ12: WD - Autism Spectrum Disorder - G2 F | MK12: WD - Autism Spectrum Disorder - G3 M | ML12: WD - Autism Spectrum Disorder - G3 F | MM12: WD - Autism Spectrum Disorder - G4 M | MN12: WD - Autism Spectrum Disorder - G4 F | MO12: WD - Autism Spectrum Disorder - G5 M | MP12: WD - Autism Spectrum Disorder - G5 F | MQ12: WD - Autism Spectrum Disorder - G6 M | MR12: WD - Autism Spectrum Disorder - G6 F | MS12: WD - Emotional-Behavioral Disorder - Kinder M | MT12: WD - Emotional-Behavioral Disorder - Kinder F | MU12: WD - Emotional-Behavioral Disorder - G1 M | MV12: WD - Emotional-Behavioral Disorder - G1 F | MW12: WD - Emotional-Behavioral Disorder - G2 M | MX12: WD - Emotional-Behavioral Disorder - G2 F | MY12: WD - Emotional-Behavioral Disorder - G3 M | MZ12: WD - Emotional-Behavioral Disorder - G3 F | NA12: WD - Emotional-Behavioral Disorder - G4 M | NB12: WD - Emotional-Behavioral Disorder - G4 F | NC12: WD - Emotional-Behavioral Disorder - G5 M | ND12: WD - Emotional-Behavioral Disorder - G5 F | NE12: WD - Emotional-Behavioral Disorder - G6 M | NF12: WD - Emotional-Behavioral Disorder - G6 F | NG12: WD - Orthopedic/ Physical Handicap - Kinder M | NH12: WD - Orthopedic/ Physical Handicap - Kinder F | NI12: WD - Orthopedic/ Physical Handicap - G1 M | NJ12: WD - Orthopedic/ Physical Handicap - G1 F | NK12: WD - Orthopedic/ Physical Handicap - G2 M | NL12: WD - Orthopedic/ Physical Handicap - G2 F | NM12: WD - Orthopedic/ Physical Handicap - G3 M | NN12: WD - Orthopedic/ Physical Handicap - G3 F | NO12: WD - Orthopedic/ Physical Handicap - G4 M | NP12: WD - Orthopedic/ Physical Handicap - G4 F | NQ12: WD - Orthopedic/ Physical Handicap - G5 M | NR12: WD - Orthopedic/ Physical Handicap - G5 F | NS12: WD - Orthopedic/ Physical Handicap - G6 M | NT12: WD - Orthopedic/ Physical Handicap - G6 F | NU12: WD - Speech / Language Disorder - Kinder M | NV12: WD - Speech / Language Disorder - Kinder F | NW12: WD - Speech / Language Disorder - G1 M | NX12: WD - Speech / Language Disorder - G1 F | NY12: WD - Speech / Language Disorder - G2 M | NZ12: WD - Speech / Language Disorder - G2 F | OA12: WD - Speech / Language Disorder - G3 M | OB12: WD - Speech / Language Disorder - G3 F | OC12: WD - Speech / Language Disorder - G4 M | OD12: WD - Speech / Language Disorder - G4 F | OE12: WD - Speech / Language Disorder - G5 M | OF12: WD - Speech / Language Disorder - G5 F | OG12: WD - Speech / Language Disorder - G6 M | OH12: WD - Speech / Language Disorder - G6 F | OI12: WD - Cerebral Palsy - Kinder M | OJ12: WD - Cerebral Palsy - Kinder F | OK12: WD - Cerebral Palsy - G1 M | OL12: WD - Cerebral Palsy - G1 F | OM12: WD - Cerebral Palsy - G2 M | ON12: WD - Cerebral Palsy - G2 F | OO12: WD - Cerebral Palsy - G3 M | OP12: WD - Cerebral Palsy - G3 F | OQ12: WD - Cerebral Palsy - G4 M | OR12: WD - Cerebral Palsy - G4 F | OS12: WD - Cerebral Palsy - G5 M | OT12: WD - Cerebral Palsy - G5 F | OU12: WD - Cerebral Palsy - G6 M | OV12: WD - Cerebral Palsy - G6 F | OW12: WD - Special Health Prob/ Chronic Disease - Kinder M | OX12: WD - Special Health Prob/ Chronic Disease - Kinder F | OY12: WD - Special Health Prob/ Chronic Disease - G1 M | OZ12: WD - Special Health Prob/ Chronic Disease - G1 F | PA12: WD - Special Health Prob/ Chronic Disease - G2 M | PB12: WD - Special Health Prob/ Chronic Disease - G2 F | PC12: WD - Special Health Prob/ Chronic Disease - G3 M | PD12: WD - Special Health Prob/ Chronic Disease - G3 F | PE12: WD - Special Health Prob/ Chronic Disease - G4 M | PF12: WD - Special Health Prob/ Chronic Disease - G4 F | PG12: WD - Special Health Prob/ Chronic Disease - G5 M | PH12: WD - Special Health Prob/ Chronic Disease - G5 F | PI12: WD - Special Health Prob/ Chronic Disease - G6 M | PJ12: WD - Special Health Prob/ Chronic Disease - G6 F | PK12: WD - Multiple Disabilities - Kinder M | PL12: WD - Multiple Disabilities - Kinder F | PM12: WD - Multiple Disabilities - G1 M | PN12: WD - Multiple Disabilities - G1 F | PO12: WD - Multiple Disabilities - G2 M | PP12: WD - Multiple Disabilities - G2 F | PQ12: WD - Multiple Disabilities - G3 M | PR12: WD - Multiple Disabilities - G3 F | PS12: WD - Multiple Disabilities - G4 M | PT12: WD - Multiple Disabilities - G4 F | PU12: WD - Multiple Disabilities - G5 M | PV12: WD - Multiple Disabilities - G5 F | PW12: WD - Multiple Disabilities - G6 M | PX12: WD - Multiple Disabilities - G6 F | PY12: WM - Dif. in Seeing - Kinder M | PZ12: WM - Dif. in Seeing - Kinder F | QA12: WM - Dif. in Seeing - G1 M | QB12: WM - Dif. in Seeing - G1 F | QC12: WM - Dif. in Seeing - G2 M | QD12: WM - Dif. in Seeing - G2 F | QE12: WM - Dif. in Seeing - G3 M | QF12: WM - Dif. in Seeing - G3 F | QG12: WM - Dif. in Seeing - G4 M | QH12: WM - Dif. in Seeing - G4 F | QI12: WM - Dif. in Seeing - G5 M | QJ12: WM - Dif. in Seeing - G5 F | QK12: WM - Dif. in Seeing - G6 M | QL12: WM - Dif. in Seeing - G6 F | QM12: WM - Dif. in Hearing - Kinder M | QN12: WM - Dif. in Hearing - Kinder F | QO12: WM - Dif. in Hearing - G1 M | QP12: WM - Dif. in Hearing - G1 F | QQ12: WM - Dif. in Hearing - G2 M | QR12: WM - Dif. in Hearing - G2 F | QS12: WM - Dif. in Hearing - G3 M | QT12: WM - Dif. in Hearing - G3 F | QU12: WM - Dif. in Hearing - G4 M | QV12: WM - Dif. in Hearing - G4 F | QW12: WM - Dif. in Hearing - G5 M | QX12: WM - Dif. in Hearing - G5 F | QY12: WM - Dif. in Hearing - G6 M | QZ12: WM - Dif. in Hearing - G6 F | RA12: WM - Dif. in Applying Knowledge - Kinder M | RB12: WM - Dif. in Applying Knowledge - Kinder F | RC12: WM - Dif. in Applying Knowledge - G1 M | RD12: WM - Dif. in Applying Knowledge - G1 F | RE12: WM - Dif. in Applying Knowledge - G2 M | RF12: WM - Dif. in Applying Knowledge - G2 F | RG12: WM - Dif. in Applying Knowledge - G3 M | RH12: WM - Dif. in Applying Knowledge - G3 F | RI12: WM - Dif. in Applying Knowledge - G4 M | RJ12: WM - Dif. in Applying Knowledge - G4 F | RK12: WM - Dif. in Applying Knowledge - G5 M | RL12: WM - Dif. in Applying Knowledge - G5 F | RM12: WM - Dif. in Applying Knowledge - G6 M | RN12: WM - Dif. in Applying Knowledge - G6 F | RO12: WM - Dif. in Remembering, & CPAU - Kinder M | RP12: WM - Dif. in Remembering, & CPAU - Kinder F | RQ12: WM - Dif. in Remembering, & CPAU - G1 M | RR12: WM - Dif. in Remembering, & CPAU - G1 F | RS12: WM - Dif. in Remembering, & CPAU - G2 M | RT12: WM - Dif. in Remembering, & CPAU - G2 F | RU12: WM - Dif. in Remembering, & CPAU - G3 M | RV12: WM - Dif. in Remembering, & CPAU - G3 F | RW12: WM - Dif. in Remembering, & CPAU - G4 M | RX12: WM - Dif. in Remembering, & CPAU - G4 F | RY12: WM - Dif. in Remembering, & CPAU - G5 M | RZ12: WM - Dif. in Remembering, & CPAU - G5 F | SA12: WM - Dif. in Remembering, & CPAU - G6 M | SB12: WM - Dif. in Remembering, & CPAU - G6 F | SC12: WM - Dif. in Applying Adaptive Skills - Kinder M | SD12: WM - Dif. in Applying Adaptive Skills - Kinder F | SE12: WM - Dif. in Applying Adaptive Skills - G1 M | SF12: WM - Dif. in Applying Adaptive Skills - G1 F | SG12: WM - Dif. in Applying Adaptive Skills - G2 M | SH12: WM - Dif. in Applying Adaptive Skills - G2 F | SI12: WM - Dif. in Applying Adaptive Skills - G3 M | SJ12: WM - Dif. in Applying Adaptive Skills - G3 F | SK12: WM - Dif. in Applying Adaptive Skills - G4 M | SL12: WM - Dif. in Applying Adaptive Skills - G4 F | SM12: WM - Dif. in Applying Adaptive Skills - G5 M | SN12: WM - Dif. in Applying Adaptive Skills - G5 F | SO12: WM - Dif. in Applying Adaptive Skills - G6 M | SP12: WM - Dif. in Applying Adaptive Skills - G6 F | SQ12: WM - Dif. in Disp. Inter-Personal Behavior - Kinder M | SR12: WM - Dif. in Disp. Inter-Personal Behavior - Kinder F | SS12: WM - Dif. in Disp. Inter-Personal Behavior - G1 M | ST12: WM - Dif. in Disp. Inter-Personal Behavior - G1 F | SU12: WM - Dif. in Disp. Inter-Personal Behavior - G2 M | SV12: WM - Dif. in Disp. Inter-Personal Behavior - G2 F | SW12: WM - Dif. in Disp. Inter-Personal Behavior - G3 M | SX12: WM - Dif. in Disp. Inter-Personal Behavior - G3 F | SY12: WM - Dif. in Disp. Inter-Personal Behavior - G4 M | SZ12: WM - Dif. in Disp. Inter-Personal Behavior - G4 F | TA12: WM - Dif. in Disp. Inter-Personal Behavior - G5 M | TB12: WM - Dif. in Disp. Inter-Personal Behavior - G5 F | TC12: WM - Dif. in Disp. Inter-Personal Behavior - G6 M | TD12: WM - Dif. in Disp. Inter-Personal Behavior - G6 F | TE12: WM - Dif. in Mobility - Kinder M | TF12: WM - Dif. in Mobility - Kinder F | TG12: WM - Dif. in Mobility - G1 M | TH12: WM - Dif. in Mobility - G1 F | TI12: WM - Dif. in Mobility - G2 M | TJ12: WM - Dif. in Mobility - G2 F | TK12: WM - Dif. in Mobility - G3 M | TL12: WM - Dif. in Mobility - G3 F | TM12: WM - Dif. in Mobility - G4 M | TN12: WM - Dif. in Mobility - G4 F | TO12: WM - Dif. in Mobility - G5 M | TP12: WM - Dif. in Mobility - G5 F | TQ12: WM - Dif. in Mobility - G6 M | TR12: WM - Dif. in Mobility - G6 F | TS12: WM - Dif. in Communicating - Kinder M | TT12: WM - Dif. in Communicating - Kinder F | TU12: WM - Dif. in Communicating - G1 M | TV12: WM - Dif. in Communicating - G1 F | TW12: WM - Dif. in Communicating - G2 M | TX12: WM - Dif. in Communicating - G2 F | TY12: WM - Dif. in Communicating - G3 M | TZ12: WM - Dif. in Communicating - G3 F | UA12: WM - Dif. in Communicating - G4 M | UB12: WM - Dif. in Communicating - G4 F | UC12: WM - Dif. in Communicating - G5 M | UD12: WM - Dif. in Communicating - G5 F | UE12: WM - Dif. in Communicating - G6 M | UF12: WM - Dif. in Communicating - G6 F | UG12: Male | UH12: Female | UI12: Total | UJ12: 1 | UK12: WD - Visual Impairment - Kinder M | UL12: WD - Visual Impairment - Kinder F | UM12: WD - Visual Impairment - Primary Level I M | UN12: WD - Visual Impairment - Primary Level I F | UO12: WD - Visual Impairment - Primary Level II M | UP12: WD - Visual Impairment - Primary Level II F | UQ12: WD - Visual Impairment - Primary Level III M | UR12: WD - Visual Impairment - Primary Level III F | US12: WD - Visual Impairment - Transition M | UT12: WD - Visual Impairment - Transition F | UU12: WD - Hearing Impairment - Kinder M | UV12: WD - Hearing Impairment - Kinder F | UW12: WD - Hearing Impairment - Primary Level I M | UX12: WD - Hearing Impairment - Primary Level I F | UY12: WD - Hearing Impairment - Primary Level II M | UZ12: WD - Hearing Impairment - Primary Level II F | VA12: WD - Hearing Impairment - Primary Level III M | VB12: WD - Hearing Impairment - Primary Level III F | VC12: WD - Hearing Impairment - Transition M | VD12: WD - Hearing Impairment - Transition F | VE12: WD - Learning Disability - Kinder M | VF12: WD - Learning Disability - Kinder F | VG12: WD - Learning Disability - Primary Level I M | VH12: WD - Learning Disability - Primary Level I F | VI12: WD - Learning Disability - Primary Level II M | VJ12: WD - Learning Disability - Primary Level II F | VK12: WD - Learning Disability - Primary Level III M | VL12: WD - Learning Disability - Primary Level III F | VM12: WD - Learning Disability - Transition M | VN12: WD - Learning Disability - Transition F | VO12: WD - Intellectual Disability - Kinder M | VP12: WD - Intellectual Disability - Kinder F | VQ12: WD - Intellectual Disability - Primary Level I M | VR12: WD - Intellectual Disability - Primary Level I F | VS12: WD - Intellectual Disability - Primary Level II M | VT12: WD - Intellectual Disability - Primary Level II F | VU12: WD - Intellectual Disability - Primary Level III M | VV12: WD - Intellectual Disability - Primary Level III F | VW12: WD - Intellectual Disability - Transition M | VX12: WD - Intellectual Disability - Transition F | VY12: WD - Autism Spectrum Disorder - Kinder M | VZ12: WD - Autism Spectrum Disorder - Kinder F | WA12: WD - Autism Spectrum Disorder - Primary Level I M | WB12: WD - Autism Spectrum Disorder - Primary Level I F | WC12: WD - Autism Spectrum Disorder - Primary Level II M | WD12: WD - Autism Spectrum Disorder - Primary Level II F | WE12: WD - Autism Spectrum Disorder - Primary Level III M | WF12: WD - Autism Spectrum Disorder - Primary Level III F | WG12: WD - Autism Spectrum Disorder - Transition M | WH12: WD - Autism Spectrum Disorder - Transition F | WI12: WD - Emotional-Behavioral Disorder - Kinder M | WJ12: WD - Emotional-Behavioral Disorder - Kinder F | WK12: WD - Emotional-Behavioral Disorder - Primary Level I M | WL12: WD - Emotional-Behavioral Disorder - Primary Level I F | WM12: WD - Emotional-Behavioral Disorder - Primary Level II M | WN12: WD - Emotional-Behavioral Disorder - Primary Level II F | WO12: WD - Emotional-Behavioral Disorder - Primary Level III M | WP12: WD - Emotional-Behavioral Disorder - Primary Level III F | WQ12: WD - Emotional-Behavioral Disorder - Transition M | WR12: WD - Emotional-Behavioral Disorder - Transition F | WS12: WD - Orthopedic/ Physical Handicap - Kinder M | WT12: WD - Orthopedic/ Physical Handicap - Kinder F | WU12: WD - Orthopedic/ Physical Handicap - Primary Level I M | WV12: WD - Orthopedic/ Physical Handicap - Primary Level I F | WW12: WD - Orthopedic/ Physical Handicap - Primary Level II M | WX12: WD - Orthopedic/ Physical Handicap - Primary Level II F | WY12: WD - Orthopedic/ Physical Handicap - Primary Level III M | WZ12: WD - Orthopedic/ Physical Handicap - Primary Level III F | XA12: WD - Orthopedic/ Physical Handicap - Transition M | XB12: WD - Orthopedic/ Physical Handicap - Transition F | XC12: WD - Speech / Language Disorder - Kinder M | XD12: WD - Speech / Language Disorder - Kinder F | XE12: WD - Speech / Language Disorder - Primary Level I M | XF12: WD - Speech / Language Disorder - Primary Level I F | XG12: WD - Speech / Language Disorder - Primary Level II M | XH12: WD - Speech / Language Disorder - Primary Level II F | XI12: WD - Speech / Language Disorder - Primary Level III M | XJ12: WD - Speech / Language Disorder - Primary Level III F | XK12: WD - Speech / Language Disorder - Transition M | XL12: WD - Speech / Language Disorder - Transition F | XM12: WD - Cerebral Palsy - Kinder M | XN12: WD - Cerebral Palsy - Kinder F | XO12: WD - Cerebral Palsy - Primary Level I M | XP12: WD - Cerebral Palsy - Primary Level I F | XQ12: WD - Cerebral Palsy - Primary Level II M | XR12: WD - Cerebral Palsy - Primary Level II F | XS12: WD - Cerebral Palsy - Primary Level III M | XT12: WD - Cerebral Palsy - Primary Level III F | XU12: WD - Cerebral Palsy - Transition M | XV12: WD - Cerebral Palsy - Transition F | XW12: WD - Special Health Prob/ Chronic Disease - Kinder M | XX12: WD - Special Health Prob/ Chronic Disease - Kinder F | XY12: WD - Special Health Prob/ Chronic Disease - Primary Level I M | XZ12: WD - Special Health Prob/ Chronic Disease - Primary Level I F | YA12: WD - Special Health Prob/ Chronic Disease - Primary Level II M | YB12: WD - Special Health Prob/ Chronic Disease - Primary Level II F | YC12: WD - Special Health Prob/ Chronic Disease - Primary Level III M | YD12: WD - Special Health Prob/ Chronic Disease - Primary Level III F | YE12: WD - Special Health Prob/ Chronic Disease - Transition M | YF12: WD - Special Health Prob/ Chronic Disease - Transition F | YG12: WD - Multiple Disabilities - Kinder M | YH12: WD - Multiple Disabilities - Kinder F | YI12: WD - Multiple Disabilities - Primary Level I M | YJ12: WD - Multiple Disabilities - Primary Level I F | YK12: WD - Multiple Disabilities - Primary Level II M | YL12: WD - Multiple Disabilities - Primary Level II F | YM12: WD - Multiple Disabilities - Primary Level III M | YN12: WD - Multiple Disabilities - Primary Level III F | YO12: WD - Multiple Disabilities - Transition M | YP12: WD - Multiple Disabilities - Transition F | YQ12: WM - Dif. in Seeing - Kinder M | YR12: WM - Dif. in Seeing - Kinder F | YS12: WM - Dif. in Seeing - Primary Level I M | YT12: WM - Dif. in Seeing - Primary Level I F | YU12: WM - Dif. in Seeing - Primary Level II M | YV12: WM - Dif. in Seeing - Primary Level II F | YW12: WM - Dif. in Seeing - Primary Level III M | YX12: WM - Dif. in Seeing - Primary Level III F | YY12: WM - Dif. in Seeing - Transition M | YZ12: WM - Dif. in Seeing - Transition F | ZA12: WM - Dif. in Hearing - Kinder M | ZB12: WM - Dif. in Hearing - Kinder F | ZC12: WM - Dif. in Hearing - Primary Level I M | ZD12: WM - Dif. in Hearing - Primary Level I F | ZE12: WM - Dif. in Hearing - Primary Level II M | ZF12: WM - Dif. in Hearing - Primary Level II F | ZG12: WM - Dif. in Hearing - Primary Level III M | ZH12: WM - Dif. in Hearing - Primary Level III F | ZI12: WM - Dif. in Hearing - Transition M | ZJ12: WM - Dif. in Hearing - Transition F | ZK12: WM - Dif. in Applying Knowledge - Kinder M | ZL12: WM - Dif. in Applying Knowledge - Kinder F | ZM12: WM - Dif. in Applying Knowledge - Primary Level I M | ZN12: WM - Dif. in Applying Knowledge - Primary Level I F | ZO12: WM - Dif. in Applying Knowledge - Primary Level II M | ZP12: WM - Dif. in Applying Knowledge - Primary Level II F | ZQ12: WM - Dif. in Applying Knowledge - Primary Level III M | ZR12: WM - Dif. in Applying Knowledge - Primary Level III F | ZS12: WM - Dif. in Applying Knowledge - Transition M | ZT12: WM - Dif. in Applying Knowledge - Transition F | ZU12: WM - Dif. in Remembering, & CPAU - Kinder M | ZV12: WM - Dif. in Remembering, & CPAU - Kinder F | ZW12: WM - Dif. in Remembering, & CPAU - Primary Level I M | ZX12: WM - Dif. in Remembering, & CPAU - Primary Level I F | ZY12: WM - Dif. in Remembering, & CPAU - Primary Level II M | ZZ12: WM - Dif. in Remembering, & CPAU - Primary Level II F | AAA12: WM - Dif. in Remembering, & CPAU - Primary Level III M | AAB12: WM - Dif. in Remembering, & CPAU - Primary Level III F | AAC12: WM - Dif. in Remembering, & CPAU - Transition M | AAD12: WM - Dif. in Remembering, & CPAU - Transition F | AAE12: WM - Dif. in Applying Adaptive Skills - Kinder M | AAF12: WM - Dif. in Applying Adaptive Skills - Kinder F | AAG12: WM - Dif. in Applying Adaptive Skills - Primary Level I M | AAH12: WM - Dif. in Applying Adaptive Skills - Primary Level I F | AAI12: WM - Dif. in Applying Adaptive Skills - Primary Level II M | AAJ12: WM - Dif. in Applying Adaptive Skills - Primary Level II F | AAK12: WM - Dif. in Applying Adaptive Skills - Primary Level III M | AAL12: WM - Dif. in Applying Adaptive Skills - Primary Level III F | AAM12: WM - Dif. in Applying Adaptive Skills - Transition M | AAN12: WM - Dif. in Applying Adaptive Skills - Transition F | AAO12: WM - Dif. in Disp. Inter-Personal Behavior - Kinder M | AAP12: WM - Dif. in Disp. Inter-Personal Behavior - Kinder F | AAQ12: WM - Dif. in Disp. Inter-Personal Behavior - Primary Level I M | AAR12: WM - Dif. in Disp. Inter-Personal Behavior - Primary Level I F | AAS12: WM - Dif. in Disp. Inter-Personal Behavior - Primary Level II M | AAT12: WM - Dif. in Disp. Inter-Personal Behavior - Primary Level II F | AAU12: WM - Dif. in Disp. Inter-Personal Behavior - Primary Level III M | AAV12: WM - Dif. in Disp. Inter-Personal Behavior - Primary Level III F | AAW12: WM - Dif. in Disp. Inter-Personal Behavior - Transition M | AAX12: WM - Dif. in Disp. Inter-Personal Behavior - Transition F | AAY12: WM - Dif. in Mobility - Kinder M | AAZ12: WM - Dif. in Mobility - Kinder F | ABA12: WM - Dif. in Mobility - Primary Level I M | ABB12: WM - Dif. in Mobility - Primary Level I F | ABC12: WM - Dif. in Mobility - Primary Level II M | ABD12: WM - Dif. in Mobility - Primary Level II F | ABE12: WM - Dif. in Mobility - Primary Level III M | ABF12: WM - Dif. in Mobility - Primary Level III F | ABG12: WM - Dif. in Mobility - Transition M | ABH12: WM - Dif. in Mobility - Transition F | ABI12: WM - Dif. in Communicating - Kinder M | ABJ12: WM - Dif. in Communicating - Kinder F | ABK12: WM - Dif. in Communicating - Primary Level I M | ABL12: WM - Dif. in Communicating - Primary Level I F | ABM12: WM - Dif. in Communicating - Primary Level II M | ABN12: WM - Dif. in Communicating - Primary Level II F | ABO12: WM - Dif. in Communicating - Primary Level III M | ABP12: WM - Dif. in Communicating - Primary Level III F | ABQ12: WM - Dif. in Communicating - Transition M | ABR12: WM - Dif. in Communicating - Transition F | ABS12: Male | ABT12: Female | ABU12: Total | ABV12: 1 | ABW12: WD - Visual Impairment - G7 M | ABX12: WD - Visual Impairment - G7 F | ABY12: WD - Visual Impairment - G8 M | ABZ12: WD - Visual Impairment - G8 F | ACA12: WD - Visual Impairment - G9 M | ACB12: WD - Visual Impairment - G9 F | ACC12: WD - Visual Impairment - G10 M | ACD12: WD - Visual Impairment - G10 F | ACE12: WD - Hearing Impairment - G7 M | ACF12: WD - Hearing Impairment - G7 F | ACG12: WD - Hearing Impairment - G8 M | ACH12: WD - Hearing Impairment - G8 F | ACI12: WD - Hearing Impairment - G9 M | ACJ12: WD - Hearing Impairment - G9 F | ACK12: WD - Hearing Impairment - G10 M | ACL12: WD - Hearing Impairment - G10 F | ACM12: WD - Learning Disability - G7 M | ACN12: WD - Learning Disability - G7 F | ACO12: WD - Learning Disability - G8 M | ACP12: WD - Learning Disability - G8 F | ACQ12: WD - Learning Disability - G9 M | ACR12: WD - Learning Disability - G9 F | ACS12: WD - Learning Disability - G10 M | ACT12: WD - Learning Disability - G10 F | ACU12: WD - Intellectual Disability - G7 M | ACV12: WD - Intellectual Disability - G7 F | ACW12: WD - Intellectual Disability - G8 M | ACX12: WD - Intellectual Disability - G8 F | ACY12: WD - Intellectual Disability - G9 M | ACZ12: WD - Intellectual Disability - G9 F | ADA12: WD - Intellectual Disability - G10 M | ADB12: WD - Intellectual Disability - G10 F | ADC12: WD - Autism Spectrum Disorder - G7 M | ADD12: WD - Autism Spectrum Disorder - G7 F | ADE12: WD - Autism Spectrum Disorder - G8 M | ADF12: WD - Autism Spectrum Disorder - G8 F | ADG12: WD - Autism Spectrum Disorder - G9 M | ADH12: WD - Autism Spectrum Disorder - G9 F | ADI12: WD - Autism Spectrum Disorder - G10 M | ADJ12: WD - Autism Spectrum Disorder - G10 F | ADK12: WD - Emotional-Behavioral Disorder - G7 M | ADL12: WD - Emotional-Behavioral Disorder - G7 F | ADM12: WD - Emotional-Behavioral Disorder - G8 M | ADN12: WD - Emotional-Behavioral Disorder - G8 F | ADO12: WD - Emotional-Behavioral Disorder - G9 M | ADP12: WD - Emotional-Behavioral Disorder - G9 F | ADQ12: WD - Emotional-Behavioral Disorder - G10 M | ADR12: WD - Emotional-Behavioral Disorder - G10 F | ADS12: WD - Orthopedic/ Physical Handicap - G7 M | ADT12: WD - Orthopedic/ Physical Handicap - G7 F | ADU12: WD - Orthopedic/ Physical Handicap - G8 M | ADV12: WD - Orthopedic/ Physical Handicap - G8 F | ADW12: WD - Orthopedic/ Physical Handicap - G9 M | ADX12: WD - Orthopedic/ Physical Handicap - G9 F | ADY12: WD - Orthopedic/ Physical Handicap - G10 M | ADZ12: WD - Orthopedic/ Physical Handicap - G10 F | AEA12: WD - Speech / Language Disorder - G7 M | AEB12: WD - Speech / Language Disorder - G7 F | AEC12: WD - Speech / Language Disorder - G8 M | AED12: WD - Speech / Language Disorder - G8 F | AEE12: WD - Speech / Language Disorder - G9 M | AEF12: WD - Speech / Language Disorder - G9 F | AEG12: WD - Speech / Language Disorder - G10 M | AEH12: WD - Speech / Language Disorder - G10 F | AEI12: WD - Cerebral Palsy - G7 M | AEJ12: WD - Cerebral Palsy - G7 F | AEK12: WD - Cerebral Palsy - G8 M | AEL12: WD - Cerebral Palsy - G8 F | AEM12: WD - Cerebral Palsy - G9 M | AEN12: WD - Cerebral Palsy - G9 F | AEO12: WD - Cerebral Palsy - G10 M | AEP12: WD - Cerebral Palsy - G10 F | AEQ12: WD - Special Health Prob/ Chronic Disease - G7 M | AER12: WD - Special Health Prob/ Chronic Disease - G7 F | AES12: WD - Special Health Prob/ Chronic Disease - G8 M | AET12: WD - Special Health Prob/ Chronic Disease - G8 F | AEU12: WD - Special Health Prob/ Chronic Disease - G9 M | AEV12: WD - Special Health Prob/ Chronic Disease - G9 F | AEW12: WD - Special Health Prob/ Chronic Disease - G10 M | AEX12: WD - Special Health Prob/ Chronic Disease - G10 F | AEY12: WD - Multiple Disabilities - G7 M | AEZ12: WD - Multiple Disabilities - G7 F | AFA12: WD - Multiple Disabilities - G8 M | AFB12: WD - Multiple Disabilities - G8 F | AFC12: WD - Multiple Disabilities - G9 M | AFD12: WD - Multiple Disabilities - G9 F | AFE12: WD - Multiple Disabilities - G10 M | AFF12: WD - Multiple Disabilities - G10 F | AFG12: WM - Dif. in Seeing - G7 M | AFH12: WM - Dif. in Seeing - G7 F | AFI12: WM - Dif. in Seeing - G8 M | AFJ12: WM - Dif. in Seeing - G8 F | AFK12: WM - Dif. in Seeing - G9 M | AFL12: WM - Dif. in Seeing - G9 F | AFM12: WM - Dif. in Seeing - G10 M | AFN12: WM - Dif. in Seeing - G10 F | AFO12: WM - Dif. in Hearing - G7 M | AFP12: WM - Dif. in Hearing - G7 F | AFQ12: WM - Dif. in Hearing - G8 M | AFR12: WM - Dif. in Hearing - G8 F | AFS12: WM - Dif. in Hearing - G9 M | AFT12: WM - Dif. in Hearing - G9 F | AFU12: WM - Dif. in Hearing - G10 M | AFV12: WM - Dif. in Hearing - G10 F | AFW12: WM - Dif. in Applying Knowledge - G7 M | AFX12: WM - Dif. in Applying Knowledge - G7 F | AFY12: WM - Dif. in Applying Knowledge - G8 M | AFZ12: WM - Dif. in Applying Knowledge - G8 F | AGA12: WM - Dif. in Applying Knowledge - G9 M | AGB12: WM - Dif. in Applying Knowledge - G9 F | AGC12: WM - Dif. in Applying Knowledge - G10 M | AGD12: WM - Dif. in Applying Knowledge - G10 F | AGE12: WM - Dif. in Remembering, & CPAU - G7 M | AGF12: WM - Dif. in Remembering, & CPAU - G7 F | AGG12: WM - Dif. in Remembering, & CPAU - G8 M | AGH12: WM - Dif. in Remembering, & CPAU - G8 F | AGI12: WM - Dif. in Remembering, & CPAU - G9 M | AGJ12: WM - Dif. in Remembering, & CPAU - G9 F | AGK12: WM - Dif. in Remembering, & CPAU - G10 M | AGL12: WM - Dif. in Remembering, & CPAU - G10 F | AGM12: WM - Dif. in Applying Adaptive Skills - G7 M | AGN12: WM - Dif. in Applying Adaptive Skills - G7 F | AGO12: WM - Dif. in Applying Adaptive Skills - G8 M | AGP12: WM - Dif. in Applying Adaptive Skills - G8 F | AGQ12: WM - Dif. in Applying Adaptive Skills - G9 M | AGR12: WM - Dif. in Applying Adaptive Skills - G9 F | AGS12: WM - Dif. in Applying Adaptive Skills - G10 M | AGT12: WM - Dif. in Applying Adaptive Skills - G10 F | AGU12: WM - Dif. in Disp. Inter-Personal Behavior - G7 M | AGV12: WM - Dif. in Disp. Inter-Personal Behavior - G7 F | AGW12: WM - Dif. in Disp. Inter-Personal Behavior - G8 M | AGX12: WM - Dif. in Disp. Inter-Personal Behavior - G8 F | AGY12: WM - Dif. in Disp. Inter-Personal Behavior - G9 M | AGZ12: WM - Dif. in Disp. Inter-Personal Behavior - G9 F | AHA12: WM - Dif. in Disp. Inter-Personal Behavior - G10 M | AHB12: WM - Dif. in Disp. Inter-Personal Behavior - G10 F | AHC12: WM - Dif. in Mobility - G7 M | AHD12: WM - Dif. in Mobility - G7 F | AHE12: WM - Dif. in Mobility - G8 M | AHF12: WM - Dif. in Mobility - G8 F | AHG12: WM - Dif. in Mobility - G9 M | AHH12: WM - Dif. in Mobility - G9 F | AHI12: WM - Dif. in Mobility - G10 M | AHJ12: WM - Dif. in Mobility - G10 F | AHK12: WM - Dif. in Communicating - G7 M | AHL12: WM - Dif. in Communicating - G7 F | AHM12: WM - Dif. in Communicating - G8 M | AHN12: WM - Dif. in Communicating - G8 F | AHO12: WM - Dif. in Communicating - G9 M | AHP12: WM - Dif. in Communicating - G9 F | AHQ12: WM - Dif. in Communicating - G10 M | AHR12: WM - Dif. in Communicating - G10 F | AHS12: Male | AHT12: Female | AHU12: Total | AHV12: 1 | AHW12: WD - Visual Impairment - G7 M | AHX12: WD - Visual Impairment - G7 F | AHY12: WD - Visual Impairment - G8 M | AHZ12: WD - Visual Impairment - G8 F | AIA12: WD - Visual Impairment - G9 M | AIB12: WD - Visual Impairment - G9 F | AIC12: WD - Visual Impairment - G10 M | AID12: WD - Visual Impairment - G10 F | AIE12: WD - Hearing Impairment - G7 M | AIF12: WD - Hearing Impairment - G7 F | AIG12: WD - Hearing Impairment - G8 M | AIH12: WD - Hearing Impairment - G8 F | AII12: WD - Hearing Impairment - G9 M | AIJ12: WD - Hearing Impairment - G9 F | AIK12: WD - Hearing Impairment - G10 M | AIL12: WD - Hearing Impairment - G10 F | AIM12: WD - Learning Disability - G7 M | AIN12: WD - Learning Disability - G7 F | AIO12: WD - Learning Disability - G8 M | AIP12: WD - Learning Disability - G8 F | AIQ12: WD - Learning Disability - G9 M | AIR12: WD - Learning Disability - G9 F | AIS12: WD - Learning Disability - G10 M | AIT12: WD - Learning Disability - G10 F | AIU12: WD - Intellectual Disability - G7 M | AIV12: WD - Intellectual Disability - G7 F | AIW12: WD - Intellectual Disability - G8 M | AIX12: WD - Intellectual Disability - G8 F | AIY12: WD - Intellectual Disability - G9 M | AIZ12: WD - Intellectual Disability - G9 F | AJA12: WD - Intellectual Disability - G10 M | AJB12: WD - Intellectual Disability - G10 F | AJC12: WD - Autism Spectrum Disorder - G7 M | AJD12: WD - Autism Spectrum Disorder - G7 F | AJE12: WD - Autism Spectrum Disorder - G8 M | AJF12: WD - Autism Spectrum Disorder - G8 F | AJG12: WD - Autism Spectrum Disorder - G9 M | AJH12: WD - Autism Spectrum Disorder - G9 F | AJI12: WD - Autism Spectrum Disorder - G10 M | AJJ12: WD - Autism Spectrum Disorder - G10 F | AJK12: WD - Emotional-Behavioral Disorder - G7 M | AJL12: WD - Emotional-Behavioral Disorder - G7 F | AJM12: WD - Emotional-Behavioral Disorder - G8 M | AJN12: WD - Emotional-Behavioral Disorder - G8 F | AJO12: WD - Emotional-Behavioral Disorder - G9 M | AJP12: WD - Emotional-Behavioral Disorder - G9 F | AJQ12: WD - Emotional-Behavioral Disorder - G10 M | AJR12: WD - Emotional-Behavioral Disorder - G10 F | AJS12: WD - Orthopedic/ Physical Handicap - G7 M | AJT12: WD - Orthopedic/ Physical Handicap - G7 F | AJU12: WD - Orthopedic/ Physical Handicap - G8 M | AJV12: WD - Orthopedic/ Physical Handicap - G8 F | AJW12: WD - Orthopedic/ Physical Handicap - G9 M | AJX12: WD - Orthopedic/ Physical Handicap - G9 F | AJY12: WD - Orthopedic/ Physical Handicap - G10 M | AJZ12: WD - Orthopedic/ Physical Handicap - G10 F | AKA12: WD - Speech / Language Disorder - G7 M | AKB12: WD - Speech / Language Disorder - G7 F | AKC12: WD - Speech / Language Disorder - G8 M | AKD12: WD - Speech / Language Disorder - G8 F | AKE12: WD - Speech / Language Disorder - G9 M | AKF12: WD - Speech / Language Disorder - G9 F | AKG12: WD - Speech / Language Disorder - G10 M | AKH12: WD - Speech / Language Disorder - G10 F | AKI12: WD - Cerebral Palsy - G7 M | AKJ12: WD - Cerebral Palsy - G7 F | AKK12: WD - Cerebral Palsy - G8 M | AKL12: WD - Cerebral Palsy - G8 F | AKM12: WD - Cerebral Palsy - G9 M | AKN12: WD - Cerebral Palsy - G9 F | AKO12: WD - Cerebral Palsy - G10 M | AKP12: WD - Cerebral Palsy - G10 F | AKQ12: WD - Special Health Prob/ Chronic Disease - G7 M | AKR12: WD - Special Health Prob/ Chronic Disease - G7 F | AKS12: WD - Special Health Prob/ Chronic Disease - G8 M | AKT12: WD - Special Health Prob/ Chronic Disease - G8 F | AKU12: WD - Special Health Prob/ Chronic Disease - G9 M | AKV12: WD - Special Health Prob/ Chronic Disease - G9 F | AKW12: WD - Special Health Prob/ Chronic Disease - G10 M | AKX12: WD - Special Health Prob/ Chronic Disease - G10 F | AKY12: WD - Multiple Disabilities - G7 M | AKZ12: WD - Multiple Disabilities - G7 F | ALA12: WD - Multiple Disabilities - G8 M | ALB12: WD - Multiple Disabilities - G8 F | ALC12: WD - Multiple Disabilities - G9 M | ALD12: WD - Multiple Disabilities - G9 F | ALE12: WD - Multiple Disabilities - G10 M | ALF12: WD - Multiple Disabilities - G10 F | ALG12: WM - Dif. in Seeing - G7 M | ALH12: WM - Dif. in Seeing - G7 F | ALI12: WM - Dif. in Seeing - G8 M | ALJ12: WM - Dif. in Seeing - G8 F | ALK12: WM - Dif. in Seeing - G9 M | ALL12: WM - Dif. in Seeing - G9 F | ALM12: WM - Dif. in Seeing - G10 M | ALN12: WM - Dif. in Seeing - G10 F | ALO12: WM - Dif. in Hearing - G7 M | ALP12: WM - Dif. in Hearing - G7 F | ALQ12: WM - Dif. in Hearing - G8 M | ALR12: WM - Dif. in Hearing - G8 F | ALS12: WM - Dif. in Hearing - G9 M | ALT12: WM - Dif. in Hearing - G9 F | ALU12: WM - Dif. in Hearing - G10 M | ALV12: WM - Dif. in Hearing - G10 F | ALW12: WM - Dif. in Applying Knowledge - G7 M | ALX12: WM - Dif. in Applying Knowledge - G7 F | ALY12: WM - Dif. in Applying Knowledge - G8 M | ALZ12: WM - Dif. in Applying Knowledge - G8 F | AMA12: WM - Dif. in Applying Knowledge - G9 M | AMB12: WM - Dif. in Applying Knowledge - G9 F | AMC12: WM - Dif. in Applying Knowledge - G10 M | AMD12: WM - Dif. in Applying Knowledge - G10 F | AME12: WM - Dif. in Remembering, & CPAU - G7 M | AMF12: WM - Dif. in Remembering, & CPAU - G7 F | AMG12: WM - Dif. in Remembering, & CPAU - G8 M | AMH12: WM - Dif. in Remembering, & CPAU - G8 F | AMI12: WM - Dif. in Remembering, & CPAU - G9 M | AMJ12: WM - Dif. in Remembering, & CPAU - G9 F | AMK12: WM - Dif. in Remembering, & CPAU - G10 M | AML12: WM - Dif. in Remembering, & CPAU - G10 F | AMM12: WM - Dif. in Applying Adaptive Skills - G7 M | AMN12: WM - Dif. in Applying Adaptive Skills - G7 F | AMO12: WM - Dif. in Applying Adaptive Skills - G8 M | AMP12: WM - Dif. in Applying Adaptive Skills - G8 F | AMQ12: WM - Dif. in Applying Adaptive Skills - G9 M | AMR12: WM - Dif. in Applying Adaptive Skills - G9 F | AMS12: WM - Dif. in Applying Adaptive Skills - G10 M | AMT12: WM - Dif. in Applying Adaptive Skills - G10 F | AMU12: WM - Dif. in Disp. Inter-Personal Behavior - G7 M | AMV12: WM - Dif. in Disp. Inter-Personal Behavior - G7 F | AMW12: WM - Dif. in Disp. Inter-Personal Behavior - G8 M | AMX12: WM - Dif. in Disp. Inter-Personal Behavior - G8 F | AMY12: WM - Dif. in Disp. Inter-Personal Behavior - G9 M | AMZ12: WM - Dif. in Disp. Inter-Personal Behavior - G9 F | ANA12: WM - Dif. in Disp. Inter-Personal Behavior - G10 M | ANB12: WM - Dif. in Disp. Inter-Personal Behavior - G10 F | ANC12: WM - Dif. in Mobility - G7 M | AND12: WM - Dif. in Mobility - G7 F | ANE12: WM - Dif. in Mobility - G8 M | ANF12: WM - Dif. in Mobility - G8 F | ANG12: WM - Dif. in Mobility - G9 M | ANH12: WM - Dif. in Mobility - G9 F | ANI12: WM - Dif. in Mobility - G10 M | ANJ12: WM - Dif. in Mobility - G10 F | ANK12: WM - Dif. in Communicating - G7 M | ANL12: WM - Dif. in Communicating - G7 F | ANM12: WM - Dif. in Communicating - G8 M | ANN12: WM - Dif. in Communicating - G8 F | ANO12: WM - Dif. in Communicating - G9 M | ANP12: WM - Dif. in Communicating - G9 F | ANQ12: WM - Dif. in Communicating - G10 M | ANR12: WM - Dif. in Communicating - G10 F | ANS12: Male | ANT12: Female | ANU12: Total | ANV12: 1 | ANW12: WD - Visual Impairment - G11 M | ANX12: WD - Visual Impairment - G11 F | ANY12: WD - Visual Impairment - G12 M | ANZ12: WD - Visual Impairment - G12 F | AOA12: WD - Hearing Impairment - G11 M | AOB12: WD - Hearing Impairment - G11 F | AOC12: WD - Hearing Impairment - G12 M | AOD12: WD - Hearing Impairment - G12 F | AOE12: WD - Learning Disability - G11 M | AOF12: WD - Learning Disability - G11 F | AOG12: WD - Learning Disability - G12 M | AOH12: WD - Learning Disability - G12 F | AOI12: WD - Intellectual Disability - G11 M | AOJ12: WD - Intellectual Disability - G11 F | AOK12: WD - Intellectual Disability - G12 M | AOL12: WD - Intellectual Disability - G12 F | AOM12: WD - Autism Spectrum Disorder - G11 M | AON12: WD - Autism Spectrum Disorder - G11 F | AOO12: WD - Autism Spectrum Disorder - G12 M | AOP12: WD - Autism Spectrum Disorder - G12 F | AOQ12: WD - Emotional-Behavioral Disorder - G11 M | AOR12: WD - Emotional-Behavioral Disorder - G11 F | AOS12: WD - Emotional-Behavioral Disorder - G12 M | AOT12: WD - Emotional-Behavioral Disorder - G12 F | AOU12: WD - Orthopedic/ Physical Handicap - G11 M | AOV12: WD - Orthopedic/ Physical Handicap - G11 F | AOW12: WD - Orthopedic/ Physical Handicap - G12 M | AOX12: WD - Orthopedic/ Physical Handicap - G12 F | AOY12: WD - Speech / Language Disorder - G11 M | AOZ12: WD - Speech / Language Disorder - G11 F | APA12: WD - Speech / Language Disorder - G12 M | APB12: WD - Speech / Language Disorder - G12 F | APC12: WD - Cerebral Palsy - G11 M | APD12: WD - Cerebral Palsy - G11 F | APE12: WD - Cerebral Palsy - G12 M | APF12: WD - Cerebral Palsy - G12 F | APG12: WD - Special Health Prob/ Chronic Disease - G11 M | APH12: WD - Special Health Prob/ Chronic Disease - G11 F | API12: WD - Special Health Prob/ Chronic Disease - G12 M | APJ12: WD - Special Health Prob/ Chronic Disease - G12 F | APK12: WD - Multiple Disabilities - G11 M | APL12: WD - Multiple Disabilities - G11 F | APM12: WD - Multiple Disabilities - G12 M | APN12: WD - Multiple Disabilities - G12 F | APO12: WM - Dif. in Seeing - G11 M | APP12: WM - Dif. in Seeing - G11 F | APQ12: WM - Dif. in Seeing - G12 M | APR12: WM - Dif. in Seeing - G12 F | APS12: WM - Dif. in Hearing - G11 M | APT12: WM - Dif. in Hearing - G11 F | APU12: WM - Dif. in Hearing - G12 M | APV12: WM - Dif. in Hearing - G12 F | APW12: WM - Dif. in Applying Knowledge - G11 M | APX12: WM - Dif. in Applying Knowledge - G11 F | APY12: WM - Dif. in Applying Knowledge - G12 M | APZ12: WM - Dif. in Applying Knowledge - G12 F | AQA12: WM - Dif. in Remembering, & CPAU - G11 M | AQB12: WM - Dif. in Remembering, & CPAU - G11 F | AQC12: WM - Dif. in Remembering, & CPAU - G12 M | AQD12: WM - Dif. in Remembering, & CPAU - G12 F | AQE12: WM - Dif. in Applying Adaptive Skills - G11 M | AQF12: WM - Dif. in Applying Adaptive Skills - G11 F | AQG12: WM - Dif. in Applying Adaptive Skills - G12 M | AQH12: WM - Dif. in Applying Adaptive Skills - G12 F | AQI12: WM - Dif. in Disp. Inter-Personal Behavior - G11 M | AQJ12: WM - Dif. in Disp. Inter-Personal Behavior - G11 F | AQK12: WM - Dif. in Disp. Inter-Personal Behavior - G12 M | AQL12: WM - Dif. in Disp. Inter-Personal Behavior - G12 F | AQM12: WM - Dif. in Mobility - G11 M | AQN12: WM - Dif. in Mobility - G11 F | AQO12: WM - Dif. in Mobility - G12 M | AQP12: WM - Dif. in Mobility - G12 F | AQQ12: WM - Dif. in Communicating - G11 M | AQR12: WM - Dif. in Communicating - G11 F | AQS12: WM - Dif. in Communicating - G12 M | AQT12: WM - Dif. in Communicating - G12 F | AQU12: Male | AQV12: Female | AQW12: Male | AQX12: Female | AQY12: Male | AQZ12: Female | ARA12: Total
A13: 44712 | B13: Region XI | C13: Mati City | D13: Mati Central | E13: 129374 | F13: Badas ES | G13: Badas | I13: DAVAO ORIENTAL | J13: CITY OF MATI (Capital) | K13: 2nd District | L13: BADAS | M13: Public | N13: DepED Managed | O13: No | P13: Purely ES | Q13: 0 | R13: 0 | S13: 0 | T13: 0 | U13: 0 | V13: 0 | W13: 0 | X13: 0 | Y13: 0 | Z13: 0 | AA13: 0 | AB13: 0 | AC13: 0 | AD13: 0 | AE13: 0 | AF13: 0 | AG13: 0 | AH13: 0 | AI13: 0 | AJ13: 0 | AK13: 0 | AL13: 0 | AM13: 0 | AN13: 0 | AO13: 0 | AP13: 0 | AQ13: 0 | AR13: 0 | AS13: 0 | AT13: 0 | AU13: 0 | AV13: 0 | AW13: 0 | AX13: 0 | AY13: 0 | AZ13: 0 | BA13: 0 | BB13: 0 | BC13: 0 | BD13: 0 | BE13: 0 | BF13: 0 | BG13: 0 | BH13: 0 | BI13: 0 | BJ13: 0 | BK13: 0 | BL13: 0 | BM13: 0 | BN13: 0 | BO13: 0 | BP13: 0 | BQ13: 0 | BR13: 0 | BS13: 0 | BT13: 0 | BU13: 0 | BV13: 0 | BW13: 0 | BX13: 0 | BY13: 0 | BZ13: 0 | CA13: 0 | CB13: 0 | CC13: 0 | CD13: 0 | CE13: 0 | CF13: 0 | CG13: 0 | CH13: 0 | CI13: 0 | CJ13: 0 | CK13: 0 | CL13: 0 | CM13: 0 | CN13: 0 | CO13: 0 | CP13: 0 | CQ13: 0 | CR13: 0 | CS13: 0 | CT13: 0 | CU13: 0 | CV13: 0 | CW13: 0 | CX13: 0 | CY13: 0 | CZ13: 0 | DA13: 0 | DB13: 0 | DC13: 0 | DD13: 0 | DE13: 0 | DF13: 0 | DG13: 0 | DH13: 0 | DI13: 0 | DJ13: 0 | DK13: 0 | DL13: 0 | DM13: 0 | DN13: 0 | DO13: 0 | DP13: 1 | DQ13: 0 | DR13: 1 | DS13: 0 | DT13: 0 | DU13: 0 | DV13: 0 | DW13: 0 | DX13: 0 | DY13: 0 | DZ13: 0 | EA13: 0 | EB13: 0 | EC13: 0 | ED13: 0 | EE13: 0 | EF13: 0 | EG13: 0 | EH13: 0 | EI13: 0 | EJ13: 0 | EK13: 0 | EL13: 0 | EM13: 0 | EN13: 0 | EO13: 0 | EP13: 0 | EQ13: 0 | ER13: 0 | ES13: 0 | ET13: 0 | EU13: 0 | EV13: 0 | EW13: 0 | EX13: 0 | EY13: 0 | EZ13: 0 | FA13: 0 | FB13: 0 | FC13: 0 | FD13: 0 | FE13: 0 | FF13: 0 | FG13: 0 | FH13: 0 | FI13: 0 | FJ13: 0 | FK13: 0 | FL13: 0 | FM13: 0 | FN13: 0 | FO13: 0 | FP13: 0 | FQ13: 0 | FR13: 0 | FS13: 0 | FT13: 0 | FU13: 0 | FV13: 0 | FW13: 0 | FX13: 0 | FY13: 0 | FZ13: 0 | GA13: 0 | GB13: 0 | GC13: 0 | GD13: 0 | GE13: 0 | GF13: 0 | GG13: 0 | GH13: 0 | GI13: 0 | GJ13: 0 | GK13: 0 | GL13: 0 | GM13: 0 | GN13: 0 | GO13: 0 | GP13: 0 | GQ13: 0 | GR13: 0 | GS13: 0 | GT13: 0 | GU13: 0 | GV13: 0 | GW13: 1 | GX13: 0 | GY13: 0 | GZ13: 0 | HA13: 2 | HB13: 0 | HC13: 0 | HD13: 0 | HE13: 0 | HF13: 0 | HG13: 0 | HH13: 0 | HI13: 1 | HJ13: 0 | HK13: 0 | HL13: 0 | HM13: 0 | HN13: 0 | HO13: 0 | HP13: 0 | HQ13: 1 | HR13: 2 | HS13: 0 | HT13: 0 | HU13: 0 | HV13: 0 | HW13: 0 | HX13: 0 | HY13: 0 | HZ13: 0 | IA13: 0 | IB13: 0 | IC13: 0 | ID13: 0 | IE13: 0 | IF13: 0 | IG13: 0 | IH13: 0 | II13: 0 | IJ13: 0 | IK13: 0 | IL13: 0 | IM13: 0 | IN13: 0 | IO13: 0 | IP13: 0 | IQ13: 0 | IR13: 0 | IS13: 0 | IT13: 0 | IU13: 0 | IV13: 0 | IW13: 0 | IX13: 0 | IY13: 0 | IZ13: 0 | JA13: 0 | JB13: 0 | JC13: 0 | JD13: 0 | JE13: 0 | JF13: 0 | JG13: 0 | JH13: 0 | JI13: 0 | JJ13: 0 | JK13: 0 | JL13: 0 | JM13: 0 | JN13: 0 | JO13: 0 | JP13: 0 | JQ13: 0 | JR13: 0 | JS13: 0 | JT13: 0 | JU13: 0 | JV13: 0 | JW13: 5 | JX13: 4 | JY13: 9 | UG13: 0 | UH13: 0 | UI13: 0 | ABS13: 0 | ABT13: 0 | ABU13: 0 | ABW13: 0 | ABX13: 0 | ABY13: 0 | ABZ13: 0 | ACA13: 0 | ACB13: 0 | ACC13: 0 | ACD13: 0 | ACE13: 0 | ACF13: 0 | ACG13: 0 | ACH13: 0 | ACI13: 0 | ACJ13: 0 | ACK13: 0 | ACL13: 0 | ACM13: 0 | ACN13: 0 | ACO13: 0 | ACP13: 0 | ACQ13: 0 | ACR13: 0 | ACS13: 0 | ACT13: 0 | ACU13: 0 | ACV13: 0 | ACW13: 0 | ACX13: 0 | ACY13: 0 | ACZ13: 0 | ADA13: 0 | ADB13: 0 | ADC13: 0 | ADD13: 0 | ADE13: 0 | ADF13: 0 | ADG13: 0 | ADH13: 0 | ADI13: 0 | ADJ13: 0 | ADK13: 0 | ADL13: 0 | ADM13: 0 | ADN13: 0 | ADO13: 0 | ADP13: 0 | ADQ13: 0 | ADR13: 0 | ADS13: 0 | ADT13: 0 | ADU13: 0 | ADV13: 0 | ADW13: 0 | ADX13: 0 | ADY13: 0 | ADZ13: 0 | AEA13: 0 | AEB13: 0 | AEC13: 0 | AED13: 0 | AEE13: 0 | AEF13: 0 | AEG13: 0 | AEH13: 0 | AEI13: 0 | AEJ13: 0 | AEK13: 0 | AEL13: 0 | AEM13: 0 | AEN13: 0 | AEO13: 0 | AEP13: 0 | AEQ13: 0 | AER13: 0 | AES13: 0 | AET13: 0 | AEU13: 0 | AEV13: 0 | AEW13: 0 | AEX13: 0 | AEY13: 0 | AEZ13: 0 | AFA13: 0 | AFB13: 0 | AFC13: 0 | AFD13: 0 | AFE13: 0 | AFF13: 0 | AFG13: 0 | AFH13: 0 | AFI13: 0 | AFJ13: 0 | AFK13: 0 | AFL13: 0 | AFM13: 0 | AFN13: 0 | AFO13: 0 | AFP13: 0 | AFQ13: 0 | AFR13: 0 | AFS13: 0 | AFT13: 0 | AFU13: 0 | AFV13: 0 | AFW13: 0 | AFX13: 0 | AFY13: 0 | AFZ13: 0 | AGA13: 0 | AGB13: 0 | AGC13: 0 | AGD13: 0 | AGE13: 0 | AGF13: 0 | AGG13: 0 | AGH13: 0 | AGI13: 0 | AGJ13: 0 | AGK13: 0 | AGL13: 0 | AGM13: 0 | AGN13: 0 | AGO13: 0 | AGP13: 0 | AGQ13: 0 | AGR13: 0 | AGS13: 0 | AGT13: 0 | AGU13: 0 | AGV13: 0 | AGW13: 0 | AGX13: 0 | AGY13: 0 | AGZ13: 0 | AHA13: 0 | AHB13: 0 | AHC13: 0 | AHD13: 0 | AHE13: 0 | AHF13: 0 | AHG13: 0 | AHH13: 0 | AHI13: 0 | AHJ13: 0 | AHK13: 0 | AHL13: 0 | AHM13: 0 | AHN13: 0 | AHO13: 0 | AHP13: 0 | AHQ13: 0 | AHR13: 0 | AHS13: 0 | AHT13: 0 | AHU13: 0 | ANS13: 0 | ANT13: 0 | ANU13: 0 | AQU13: 0 | AQV13: 0 | AQW13: 0 | AQX13: 0 | AQY13: 0 | AQZ13: 0 | ARA13: 0
A14: 44713 | B14: Region XI | C14: Mati City | D14: Mati Central | E14: 129375 | F14: Baso ES | G14: Pulang Pantad | I14: DAVAO ORIENTAL | J14: CITY OF MATI (Capital) | K14: 2nd District | L14: BADAS | M14: Public | N14: DepED Managed | O14: No | P14: Purely ES | Q14: 0 | R14: 0 | S14: 0 | T14: 0 | U14: 0 | V14: 0 | W14: 0 | X14: 0 | Y14: 0 | Z14: 0 | AA14: 0 | AB14: 0 | AC14: 0 | AD14: 0 | AE14: 0 | AF14: 0 | AG14: 0 | AH14: 0 | AI14: 0 | AJ14: 0 | AK14: 0 | AL14: 0 | AM14: 0 | AN14: 0 | AO14: 0 | AP14: 0 | AQ14: 0 | AR14: 0 | AS14: 0 | AT14: 0 | AU14: 0 | AV14: 0 | AW14: 0 | AX14: 0 | AY14: 0 | AZ14: 0 | BA14: 0 | BB14: 0 | BC14: 0 | BD14: 0 | BE14: 0 | BF14: 0 | BG14: 0 | BH14: 0 | BI14: 0 | BJ14: 0 | BK14: 0 | BL14: 0 | BM14: 0 | BN14: 0 | BO14: 0 | BP14: 0 | BQ14: 0 | BR14: 0 | BS14: 0 | BT14: 0 | BU14: 0 | BV14: 0 | BW14: 0 | BX14: 0 | BY14: 0 | BZ14: 0 | CA14: 0 | CB14: 0 | CC14: 0 | CD14: 0 | CE14: 0 | CF14: 0 | CG14: 0 | CH14: 0 | CI14: 0 | CJ14: 0 | CK14: 0 | CL14: 0 | CM14: 0 | CN14: 0 | CO14: 0 | CP14: 0 | CQ14: 0 | CR14: 0 | CS14: 0 | CT14: 0 | CU14: 0 | CV14: 0 | CW14: 1 | CX14: 0 | CY14: 0 | CZ14: 0 | DA14: 0 | DB14: 0 | DC14: 0 | DD14: 0 | DE14: 0 | DF14: 0 | DG14: 0 | DH14: 0 | DI14: 0 | DJ14: 0 | DK14: 0 | DL14: 0 | DM14: 0 | DN14: 0 | DO14: 0 | DP14: 0 | DQ14: 0 | DR14: 0 | DS14: 0 | DT14: 0 | DU14: 0 | DV14: 0 | DW14: 0 | DX14: 0 | DY14: 0 | DZ14: 0 | EA14: 0 | EB14: 0 | EC14: 0 | ED14: 0 | EE14: 0 | EF14: 0 | EG14: 0 | EH14: 0 | EI14: 0 | EJ14: 0 | EK14: 0 | EL14: 0 | EM14: 0 | EN14: 0 | EO14: 0 | EP14: 0 | EQ14: 0 | ER14: 0 | ES14: 0 | ET14: 0 | EU14: 0 | EV14: 0 | EW14: 0 | EX14: 0 | EY14: 0 | EZ14: 0 | FA14: 0 | FB14: 0 | FC14: 0 | FD14: 0 | FE14: 0 | FF14: 0 | FG14: 0 | FH14: 0 | FI14: 0 | FJ14: 0 | FK14: 0 | FL14: 0 | FM14: 0 | FN14: 0 | FO14: 0 | FP14: 0 | FQ14: 0 | FR14: 0 | FS14: 0 | FT14: 0 | FU14: 0 | FV14: 1 | FW14: 0 | FX14: 0 | FY14: 0 | FZ14: 0 | GA14: 0 | GB14: 0 | GC14: 0 | GD14: 0 | GE14: 0 | GF14: 0 | GG14: 0 | GH14: 0 | GI14: 0 | GJ14: 0 | GK14: 0 | GL14: 0 | GM14: 0 | GN14: 0 | GO14: 0 | GP14: 0 | GQ14: 2 | GR14: 0 | GS14: 0 | GT14: 0 | GU14: 0 | GV14: 0 | GW14: 3 | GX14: 1 | GY14: 0 | GZ14: 0 | HA14: 0 | HB14: 0 | HC14: 2 | HD14: 0 | HE14: 2 | HF14: 0 | HG14: 2 | HH14: 1 | HI14: 3 | HJ14: 0 | HK14: 1 | HL14: 2 | HM14: 3 | HN14: 2 | HO14: 2 | HP14: 1 | HQ14: 0 | HR14: 0 | HS14: 0 | HT14: 0 | HU14: 0 | HV14: 0 | HW14: 0 | HX14: 0 | HY14: 0 | HZ14: 0 | IA14: 0 | IB14: 0 | IC14: 0 | ID14: 0 | IE14: 0 | IF14: 0 | IG14: 0 | IH14: 0 | II14: 0 | IJ14: 0 | IK14: 0 | IL14: 0 | IM14: 0 | IN14: 0 | IO14: 0 | IP14: 0 | IQ14: 0 | IR14: 0 | IS14: 0 | IT14: 0 | IU14: 0 | IV14: 0 | IW14: 0 | IX14: 0 | IY14: 0 | IZ14: 0 | JA14: 0 | JB14: 0 | JC14: 0 | JD14: 0 | JE14: 0 | JF14: 0 | JG14: 0 | JH14: 0 | JI14: 0 | JJ14: 0 | JK14: 0 | JL14: 0 | JM14: 0 | JN14: 0 | JO14: 0 | JP14: 0 | JQ14: 0 | JR14: 0 | JS14: 0 | JT14: 0 | JU14: 0 | JV14: 0 | JW14: 21 | JX14: 8 | JY14: 29 | UG14: 0 | UH14: 0 | UI14: 0 | ABS14: 0 | ABT14: 0 | ABU14: 0 | ABW14: 0 | ABX14: 0 | ABY14: 0 | ABZ14: 0 | ACA14: 0 | ACB14: 0 | ACC14: 0 | ACD14: 0 | ACE14: 0 | ACF14: 0 | ACG14: 0 | ACH14: 0 | ACI14: 0 | ACJ14: 0 | ACK14: 0 | ACL14: 0 | ACM14: 0 | ACN14: 0 | ACO14: 0 | ACP14: 0 | ACQ14: 0 | ACR14: 0 | ACS14: 0 | ACT14: 0 | ACU14: 0 | ACV14: 0 | ACW14: 0 | ACX14: 0 | ACY14: 0 | ACZ14: 0 | ADA14: 0 | ADB14: 0 | ADC14: 0 | ADD14: 0 | ADE14: 0 | ADF14: 0 | ADG14: 0 | ADH14: 0 | ADI14: 0 | ADJ14: 0 | ADK14: 0 | ADL14: 0 | ADM14: 0 | ADN14: 0 | ADO14: 0 | ADP14: 0 | ADQ14: 0 | ADR14: 0 | ADS14: 0 | ADT14: 0 | ADU14: 0 | ADV14: 0 | ADW14: 0 | ADX14: 0 | ADY14: 0 | ADZ14: 0 | AEA14: 0 | AEB14: 0 | AEC14: 0 | AED14: 0 | AEE14: 0 | AEF14: 0 | AEG14: 0 | AEH14: 0 | AEI14: 0 | AEJ14: 0 | AEK14: 0 | AEL14: 0 | AEM14: 0 | AEN14: 0 | AEO14: 0 | AEP14: 0 | AEQ14: 0 | AER14: 0 | AES14: 0 | AET14: 0 | AEU14: 0 | AEV14: 0 | AEW14: 0 | AEX14: 0 | AEY14: 0 | AEZ14: 0 | AFA14: 0 | AFB14: 0 | AFC14: 0 | AFD14: 0 | AFE14: 0 | AFF14: 0 | AFG14: 0 | AFH14: 0 | AFI14: 0 | AFJ14: 0 | AFK14: 0 | AFL14: 0 | AFM14: 0 | AFN14: 0 | AFO14: 0 | AFP14: 0 | AFQ14: 0 | AFR14: 0 | AFS14: 0 | AFT14: 0 | AFU14: 0 | AFV14: 0 | AFW14: 0 | AFX14: 0 | AFY14: 0 | AFZ14: 0 | AGA14: 0 | AGB14: 0 | AGC14: 0 | AGD14: 0 | AGE14: 0 | AGF14: 0 | AGG14: 0 | AGH14: 0 | AGI14: 0 | AGJ14: 0 | AGK14: 0 | AGL14: 0 | AGM14: 0 | AGN14: 0 | AGO14: 0 | AGP14: 0 | AGQ14: 0 | AGR14: 0 | AGS14: 0 | AGT14: 0 | AGU14: 0 | AGV14: 0 | AGW14: 0 | AGX14: 0 | AGY14: 0 | AGZ14: 0 | AHA14: 0 | AHB14: 0 | AHC14: 0 | AHD14: 0 | AHE14: 0 | AHF14: 0 | AHG14: 0 | AHH14: 0 | AHI14: 0 | AHJ14: 0 | AHK14: 0 | AHL14: 0 | AHM14: 0 | AHN14: 0 | AHO14: 0 | AHP14: 0 | AHQ14: 0 | AHR14: 0 | AHS14: 0 | AHT14: 0 | AHU14: 0 | ANS14: 0 | ANT14: 0 | ANU14: 0 | AQU14: 0 | AQV14: 0 | AQW14: 0 | AQX14: 0 | AQY14: 0 | AQZ14: 0 | ARA14: 0
A15: 44714 | B15: Region XI | C15: Mati City | D15: Mati Central | E15: 129376 | F15: Belsonda ES | G15: Lower Madang | I15: DAVAO ORIENTAL | J15: CITY OF MATI (Capital) | K15: 2nd District | L15: CENTRAL (POB.) | M15: Public | N15: DepED Managed | O15: No | P15: Purely ES | Q15: 0 | R15: 0 | S15: 0 | T15: 0 | U15: 0 | V15: 0 | W15: 0 | X15: 0 | Y15: 0 | Z15: 0 | AA15: 0 | AB15: 0 | AC15: 0 | AD15: 0 | AE15: 0 | AF15: 0 | AG15: 0 | AH15: 0 | AI15: 0 | AJ15: 0 | AK15: 0 | AL15: 0 | AM15: 0 | AN15: 0 | AO15: 0 | AP15: 0 | AQ15: 0 | AR15: 0 | AS15: 0 | AT15: 0 | AU15: 0 | AV15: 0 | AW15: 0 | AX15: 0 | AY15: 0 | AZ15: 0 | BA15: 0 | BB15: 0 | BC15: 0 | BD15: 0 | BE15: 0 | BF15: 0 | BG15: 0 | BH15: 0 | BI15: 0 | BJ15: 0 | BK15: 0 | BL15: 0 | BM15: 0 | BN15: 0 | BO15: 0 | BP15: 0 | BQ15: 0 | BR15: 0 | BS15: 0 | BT15: 0 | BU15: 0 | BV15: 1 | BW15: 0 | BX15: 0 | BY15: 0 | BZ15: 0 | CA15: 0 | CB15: 0 | CC15: 0 | CD15: 0 | CE15: 0 | CF15: 0 | CG15: 0 | CH15: 0 | CI15: 0 | CJ15: 0 | CK15: 0 | CL15: 0 | CM15: 0 | CN15: 0 | CO15: 0 | CP15: 0 | CQ15: 0 | CR15: 0 | CS15: 0 | CT15: 0 | CU15: 0 | CV15: 0 | CW15: 0 | CX15: 0 | CY15: 0 | CZ15: 0 | DA15: 0 | DB15: 0 | DC15: 0 | DD15: 0 | DE15: 0 | DF15: 0 | DG15: 0 | DH15: 0 | DI15: 0 | DJ15: 0 | DK15: 0 | DL15: 0 | DM15: 0 | DN15: 0 | DO15: 0 | DP15: 0 | DQ15: 0 | DR15: 0 | DS15: 0 | DT15: 0 | DU15: 0 | DV15: 0 | DW15: 0 | DX15: 0 | DY15: 0 | DZ15: 0 | EA15: 0 | EB15: 0 | EC15: 0 | ED15: 0 | EE15: 0 | EF15: 0 | EG15: 0 | EH15: 0 | EI15: 0 | EJ15: 0 | EK15: 0 | EL15: 0 | EM15: 0 | EN15: 0 | EO15: 0 | EP15: 0 | EQ15: 0 | ER15: 0 | ES15: 0 | ET15: 0 | EU15: 0 | EV15: 0 | EW15: 0 | EX15: 0 | EY15: 0 | EZ15: 0 | FA15: 0 | FB15: 0 | FC15: 0 | FD15: 0 | FE15: 0 | FF15: 0 | FG15: 0 | FH15: 0 | FI15: 0 | FJ15: 0 | FK15: 0 | FL15: 0 | FM15: 0 | FN15: 0 | FO15: 0 | FP15: 0 | FQ15: 0 | FR15: 0 | FS15: 0 | FT15: 0 | FU15: 0 | FV15: 0 | FW15: 0 | FX15: 0 | FY15: 0 | FZ15: 0 | GA15: 0 | GB15: 0 | GC15: 0 | GD15: 0 | GE15: 0 | GF15: 0 | GG15: 0 | GH15: 0 | GI15: 0 | GJ15: 0 | GK15: 0 | GL15: 0 | GM15: 0 | GN15: 0 | GO15: 0 | GP15: 0 | GQ15: 0 | GR15: 0 | GS15: 0 | GT15: 0 | GU15: 0 | GV15: 0 | GW15: 0 | GX15: 0 | GY15: 0 | GZ15: 0 | HA15: 0 | HB15: 0 | HC15: 0 | HD15: 0 | HE15: 0 | HF15: 0 | HG15: 2 | HH15: 1 | HI15: 5 | HJ15: 1 | HK15: 1 | HL15: 2 | HM15: 0 | HN15: 0 | HO15: 0 | HP15: 0 | HQ15: 0 | HR15: 0 | HS15: 0 | HT15: 0 | HU15: 0 | HV15: 0 | HW15: 0 | HX15: 0 | HY15: 0 | HZ15: 0 | IA15: 0 | IB15: 0 | IC15: 0 | ID15: 0 | IE15: 0 | IF15: 0 | IG15: 0 | IH15: 0 | II15: 0 | IJ15: 0 | IK15: 0 | IL15: 0 | IM15: 2 | IN15: 0 | IO15: 0 | IP15: 0 | IQ15: 0 | IR15: 0 | IS15: 0 | IT15: 0 | IU15: 0 | IV15: 0 | IW15: 0 | IX15: 0 | IY15: 0 | IZ15: 0 | JA15: 0 | JB15: 0 | JC15: 0 | JD15: 0 | JE15: 0 | JF15: 0 | JG15: 0 | JH15: 0 | JI15: 2 | JJ15: 0 | JK15: 0 | JL15: 0 | JM15: 0 | JN15: 0 | JO15: 1 | JP15: 0 | JQ15: 0 | JR15: 0 | JS15: 0 | JT15: 0 | JU15: 0 | JV15: 0 | JW15: 13 | JX15: 5 | JY15: 18 | UG15: 0 | UH15: 0 | UI15: 0 | ABS15: 0 | ABT15: 0 | ABU15: 0 | ABW15: 0 | ABX15: 0 | ABY15: 0 | ABZ15: 0 | ACA15: 0 | ACB15: 0 | ACC15: 0 | ACD15: 0 | ACE15: 0 | ACF15: 0 | ACG15: 0 | ACH15: 0 | ACI15: 0 | ACJ15: 0 | ACK15: 0 | ACL15: 0 | ACM15: 0 | ACN15: 0 | ACO15: 0 | ACP15: 0 | ACQ15: 0 | ACR15: 0 | ACS15: 0 | ACT15: 0 | ACU15: 0 | ACV15: 0 | ACW15: 0 | ACX15: 0 | ACY15: 0 | ACZ15: 0 | ADA15: 0 | ADB15: 0 | ADC15: 0 | ADD15: 0 | ADE15: 0 | ADF15: 0 | ADG15: 0 | ADH15: 0 | ADI15: 0 | ADJ15: 0 | ADK15: 0 | ADL15: 0 | ADM15: 0 | ADN15: 0 | ADO15: 0 | ADP15: 0 | ADQ15: 0 | ADR15: 0 | ADS15: 0 | ADT15: 0 | ADU15: 0 | ADV15: 0 | ADW15: 0 | ADX15: 0 | ADY15: 0 | ADZ15: 0 | AEA15: 0 | AEB15: 0 | AEC15: 0 | AED15: 0 | AEE15: 0 | AEF15: 0 | AEG15: 0 | AEH15: 0 | AEI15: 0 | AEJ15: 0 | AEK15: 0 | AEL15: 0 | AEM15: 0 | AEN15: 0 | AEO15: 0 | AEP15: 0 | AEQ15: 0 | AER15: 0 | AES15: 0 | AET15: 0 | AEU15: 0 | AEV15: 0 | AEW15: 0 | AEX15: 0 | AEY15: 0 | AEZ15: 0 | AFA15: 0 | AFB15: 0 | AFC15: 0 | AFD15: 0 | AFE15: 0 | AFF15: 0 | AFG15: 0 | AFH15: 0 | AFI15: 0 | AFJ15: 0 | AFK15: 0 | AFL15: 0 | AFM15: 0 | AFN15: 0 | AFO15: 0 | AFP15: 0 | AFQ15: 0 | AFR15: 0 | AFS15: 0 | AFT15: 0 | AFU15: 0 | AFV15: 0 | AFW15: 0 | AFX15: 0 | AFY15: 0 | AFZ15: 0 | AGA15: 0 | AGB15: 0 | AGC15: 0 | AGD15: 0 | AGE15: 0 | AGF15: 0 | AGG15: 0 | AGH15: 0 | AGI15: 0 | AGJ15: 0 | AGK15: 0 | AGL15: 0 | AGM15: 0 | AGN15: 0 | AGO15: 0 | AGP15: 0 | AGQ15: 0 | AGR15: 0 | AGS15: 0 | AGT15: 0 | AGU15: 0 | AGV15: 0 | AGW15: 0 | AGX15: 0 | AGY15: 0 | AGZ15: 0 | AHA15: 0 | AHB15: 0 | AHC15: 0 | AHD15: 0 | AHE15: 0 | AHF15: 0 | AHG15: 0 | AHH15: 0 | AHI15: 0 | AHJ15: 0 | AHK15: 0 | AHL15: 0 | AHM15: 0 | AHN15: 0 | AHO15: 0 | AHP15: 0 | AHQ15: 0 | AHR15: 0 | AHS15: 0 | AHT15: 0 | AHU15: 0 | ANS15: 0 | ANT15: 0 | ANU15: 0 | AQU15: 0 | AQV15: 0 | AQW15: 0 | AQX15: 0 | AQY15: 0 | AQZ15: 0 | ARA15: 0
A16: 44715 | B16: Region XI | C16: Mati City | D16: Mati Central | E16: 129377 | F16: Bagong Lipunan Improvement Site and Services Elementary School | G16: BLISS Site | I16: DAVAO ORIENTAL | J16: CITY OF MATI (Capital) | K16: 2nd District | L16: SAINZ | M16: Public | N16: DepED Managed | O16: No | P16: Purely ES | Q16: 0 | R16: 0 | S16: 0 | T16: 0 | U16: 0 | V16: 0 | W16: 0 | X16: 0 | Y16: 0 | Z16: 0 | AA16: 0 | AB16: 0 | AC16: 0 | AD16: 0 | AE16: 0 | AF16: 0 | AG16: 0 | AH16: 0 | AI16: 0 | AJ16: 0 | AK16: 0 | AL16: 0 | AM16: 0 | AN16: 0 | AO16: 0 | AP16: 0 | AQ16: 0 | AR16: 0 | AS16: 0 | AT16: 0 | AU16: 0 | AV16: 0 | AW16: 0 | AX16: 0 | AY16: 0 | AZ16: 0 | BA16: 0 | BB16: 0 | BC16: 0 | BD16: 0 | BE16: 0 | BF16: 0 | BG16: 0 | BH16: 0 | BI16: 0 | BJ16: 0 | BK16: 0 | BL16: 0 | BM16: 0 | BN16: 0 | BO16: 0 | BP16: 0 | BQ16: 0 | BR16: 0 | BS16: 0 | BT16: 0 | BU16: 0 | BV16: 0 | BW16: 0 | BX16: 0 | BY16: 0 | BZ16: 0 | CA16: 0 | CB16: 0 | CC16: 0 | CD16: 0 | CE16: 0 | CF16: 0 | CG16: 0 | CH16: 0 | CI16: 0 | CJ16: 0 | CK16: 0 | CL16: 0 | CM16: 0 | CN16: 0 | CO16: 0 | CP16: 0 | CQ16: 0 | CR16: 0 | CS16: 0 | CT16: 0 | CU16: 0 | CV16: 0 | CW16: 0 | CX16: 0 | CY16: 0 | CZ16: 0 | DA16: 0 | DB16: 0 | DC16: 0 | DD16: 0 | DE16: 0 | DF16: 0 | DG16: 0 | DH16: 0 | DI16: 0 | DJ16: 0 | DK16: 0 | DL16: 0 | DM16: 0 | DN16: 0 | DO16: 0 | DP16: 0 | DQ16: 0 | DR16: 0 | DS16: 0 | DT16: 0 | DU16: 0 | DV16: 0 | DW16: 0 | DX16: 0 | DY16: 0 | DZ16: 0 | EA16: 0 | EB16: 0 | EC16: 0 | ED16: 0 | EE16: 0 | EF16: 0 | EG16: 0 | EH16: 0 | EI16: 0 | EJ16: 0 | EK16: 0 | EL16: 0 | EM16: 0 | EN16: 0 | EO16: 0 | EP16: 0 | EQ16: 0 | ER16: 0 | ES16: 0 | ET16: 0 | EU16: 0 | EV16: 0 | EW16: 0 | EX16: 0 | EY16: 0 | EZ16: 0 | FA16: 0 | FB16: 0 | FC16: 0 | FD16: 0 | FE16: 0 | FF16: 0 | FG16: 0 | FH16: 0 | FI16: 0 | FJ16: 0 | FK16: 0 | FL16: 0 | FM16: 0 | FN16: 0 | FO16: 0 | FP16: 0 | FQ16: 0 | FR16: 0 | FS16: 0 | FT16: 0 | FU16: 0 | FV16: 0 | FW16: 0 | FX16: 0 | FY16: 0 | FZ16: 0 | GA16: 0 | GB16: 0 | GC16: 0 | GD16: 0 | GE16: 0 | GF16: 0 | GG16: 0 | GH16: 0 | GI16: 0 | GJ16: 0 | GK16: 0 | GL16: 0 | GM16: 0 | GN16: 0 | GO16: 0 | GP16: 0 | GQ16: 0 | GR16: 0 | GS16: 0 | GT16: 1 | GU16: 0 | GV16: 0 | GW16: 1 | GX16: 0 | GY16: 1 | GZ16: 0 | HA16: 1 | HB16: 0 | HC16: 0 | HD16: 1 | HE16: 1 | HF16: 1 | HG16: 2 | HH16: 2 | HI16: 3 | HJ16: 0 | HK16: 0 | HL16: 0 | HM16: 1 | HN16: 0 | HO16: 5 | HP16: 5 | HQ16: 8 | HR16: 9 | HS16: 0 | HT16: 0 | HU16: 0 | HV16: 0 | HW16: 0 | HX16: 0 | HY16: 0 | HZ16: 0 | IA16: 0 | IB16: 0 | IC16: 0 | ID16: 0 | IE16: 0 | IF16: 0 | IG16: 0 | IH16: 0 | II16: 0 | IJ16: 0 | IK16: 0 | IL16: 0 | IM16: 0 | IN16: 0 | IO16: 0 | IP16: 0 | IQ16: 1 | IR16: 0 | IS16: 0 | IT16: 0 | IU16: 0 | IV16: 0 | IW16: 0 | IX16: 0 | IY16: 0 | IZ16: 0 | JA16: 0 | JB16: 0 | JC16: 0 | JD16: 0 | JE16: 0 | JF16: 0 | JG16: 0 | JH16: 0 | JI16: 0 | JJ16: 0 | JK16: 0 | JL16: 0 | JM16: 1 | JN16: 1 | JO16: 0 | JP16: 0 | JQ16: 0 | JR16: 0 | JS16: 0 | JT16: 0 | JU16: 0 | JV16: 0 | JW16: 25 | JX16: 20 | JY16: 45 | UG16: 0 | UH16: 0 | UI16: 0 | ABS16: 0 | ABT16: 0 | ABU16: 0 | ABW16: 0 | ABX16: 0 | ABY16: 0 | ABZ16: 0 | ACA16: 0 | ACB16: 0 | ACC16: 0 | ACD16: 0 | ACE16: 0 | ACF16: 0 | ACG16: 0 | ACH16: 0 | ACI16: 0 | ACJ16: 0 | ACK16: 0 | ACL16: 0 | ACM16: 0 | ACN16: 0 | ACO16: 0 | ACP16: 0 | ACQ16: 0 | ACR16: 0 | ACS16: 0 | ACT16: 0 | ACU16: 0 | ACV16: 0 | ACW16: 0 | ACX16: 0 | ACY16: 0 | ACZ16: 0 | ADA16: 0 | ADB16: 0 | ADC16: 0 | ADD16: 0 | ADE16: 0 | ADF16: 0 | ADG16: 0 | ADH16: 0 | ADI16: 0 | ADJ16: 0 | ADK16: 0 | ADL16: 0 | ADM16: 0 | ADN16: 0 | ADO16: 0 | ADP16: 0 | ADQ16: 0 | ADR16: 0 | ADS16: 0 | ADT16: 0 | ADU16: 0 | ADV16: 0 | ADW16: 0 | ADX16: 0 | ADY16: 0 | ADZ16: 0 | AEA16: 0 | AEB16: 0 | AEC16: 0 | AED16: 0 | AEE16: 0 | AEF16: 0 | AEG16: 0 | AEH16: 0 | AEI16: 0 | AEJ16: 0 | AEK16: 0 | AEL16: 0 | AEM16: 0 | AEN16: 0 | AEO16: 0 | AEP16: 0 | AEQ16: 0 | AER16: 0 | AES16: 0 | AET16: 0 | AEU16: 0 | AEV16: 0 | AEW16: 0 | AEX16: 0 | AEY16: 0 | AEZ16: 0 | AFA16: 0 | AFB16: 0 | AFC16: 0 | AFD16: 0 | AFE16: 0 | AFF16: 0 | AFG16: 0 | AFH16: 0 | AFI16: 0 | AFJ16: 0 | AFK16: 0 | AFL16: 0 | AFM16: 0 | AFN16: 0 | AFO16: 0 | AFP16: 0 | AFQ16: 0 | AFR16: 0 | AFS16: 0 | AFT16: 0 | AFU16: 0 | AFV16: 0 | AFW16: 0 | AFX16: 0 | AFY16: 0 | AFZ16: 0 | AGA16: 0 | AGB16: 0 | AGC16: 0 | AGD16: 0 | AGE16: 0 | AGF16: 0 | AGG16: 0 | AGH16: 0 | AGI16: 0 | AGJ16: 0 | AGK16: 0 | AGL16: 0 | AGM16: 0 | AGN16: 0 | AGO16: 0 | AGP16: 0 | AGQ16: 0 | AGR16: 0 | AGS16: 0 | AGT16: 0 | AGU16: 0 | AGV16: 0 | AGW16: 0 | AGX16: 0 | AGY16: 0 | AGZ16: 0 | AHA16: 0 | AHB16: 0 | AHC16: 0 | AHD16: 0 | AHE16: 0 | AHF16: 0 | AHG16: 0 | AHH16: 0 | AHI16: 0 | AHJ16: 0 | AHK16: 0 | AHL16: 0 | AHM16: 0 | AHN16: 0 | AHO16: 0 | AHP16: 0 | AHQ16: 0 | AHR16: 0 | AHS16: 0 | AHT16: 0 | AHU16: 0 | ANS16: 0 | ANT16: 0 | ANU16: 0 | AQU16: 0 | AQV16: 0 | AQW16: 0 | AQX16: 0 | AQY16: 0 | AQZ16: 0 | ARA16: 0
A17: 44716 | B17: Region XI | C17: Mati City | D17: Mati Central | E17: 129380 | F17: Rabat-Rocamora Mati CES I | G17: DMMA, Brgy. Sainz | I17: DAVAO ORIENTAL | J17: CITY OF MATI (Capital) | K17: 2nd District | L17: CENTRAL (POB.) | M17: Public | N17: DepED Managed | O17: No | P17: Purely ES | Q17: 0 | R17: 0 | S17: 0 | T17: 0 | U17: 0 | V17: 0 | W17: 0 | X17: 0 | Y17: 0 | Z17: 0 | AA17: 0 | AB17: 0 | AC17: 0 | AD17: 0 | AE17: 0 | AF17: 0 | AG17: 0 | AH17: 0 | AI17: 0 | AJ17: 0 | AK17: 0 | AL17: 0 | AM17: 0 | AN17: 0 | AO17: 0 | AP17: 0 | AQ17: 0 | AR17: 0 | AS17: 0 | AT17: 0 | AU17: 0 | AV17: 0 | AW17: 0 | AX17: 0 | AY17: 0 | AZ17: 0 | BA17: 0 | BB17: 0 | BC17: 0 | BD17: 0 | BE17: 0 | BF17: 0 | BG17: 0 | BH17: 0 | BI17: 0 | BJ17: 0 | BK17: 0 | BL17: 0 | BM17: 0 | BN17: 0 | BO17: 0 | BP17: 0 | BQ17: 0 | BR17: 0 | BS17: 0 | BT17: 0 | BU17: 0 | BV17: 0 | BW17: 0 | BX17: 0 | BY17: 0 | BZ17: 0 | CA17: 0 | CB17: 0 | CC17: 0 | CD17: 0 | CE17: 0 | CF17: 0 | CG17: 0 | CH17: 0 | CI17: 0 | CJ17: 0 | CK17: 0 | CL17: 0 | CM17: 0 | CN17: 0 | CO17: 0 | CP17: 0 | CQ17: 0 | CR17: 0 | CS17: 0 | CT17: 0 | CU17: 0 | CV17: 0 | CW17: 0 | CX17: 0 | CY17: 0 | CZ17: 0 | DA17: 0 | DB17: 0 | DC17: 0 | DD17: 0 | DE17: 0 | DF17: 0 | DG17: 0 | DH17: 0 | DI17: 0 | DJ17: 0 | DK17: 0 | DL17: 0 | DM17: 0 | DN17: 0 | DO17: 0 | DP17: 0 | DQ17: 0 | DR17: 0 | DS17: 0 | DT17: 0 | DU17: 0 | DV17: 0 | DW17: 0 | DX17: 0 | DY17: 0 | DZ17: 0 | EA17: 0 | EB17: 0 | EC17: 0 | ED17: 0 | EE17: 0 | EF17: 0 | EG17: 0 | EH17: 0 | EI17: 0 | EJ17: 0 | EK17: 0 | EL17: 0 | EM17: 0 | EN17: 0 | EO17: 0 | EP17: 0 | EQ17: 0 | ER17: 0 | ES17: 0 | ET17: 0 | EU17: 0 | EV17: 0 | EW17: 0 | EX17: 0 | EY17: 0 | EZ17: 0 | FA17: 0 | FB17: 0 | FC17: 0 | FD17: 0 | FE17: 0 | FF17: 0 | FG17: 0 | FH17: 0 | FI17: 0 | FJ17: 0 | FK17: 0 | FL17: 0 | FM17: 0 | FN17: 0 | FO17: 0 | FP17: 0 | FQ17: 0 | FR17: 0 | FS17: 0 | FT17: 0 | FU17: 0 | FV17: 0 | FW17: 0 | FX17: 0 | FY17: 0 | FZ17: 0 | GA17: 0 | GB17: 0 | GC17: 0 | GD17: 0 | GE17: 0 | GF17: 0 | GG17: 0 | GH17: 0 | GI17: 0 | GJ17: 0 | GK17: 0 | GL17: 0 | GM17: 0 | GN17: 0 | GO17: 0 | GP17: 0 | GQ17: 0 | GR17: 0 | GS17: 0 | GT17: 0 | GU17: 0 | GV17: 0 | GW17: 1 | GX17: 0 | GY17: 1 | GZ17: 1 | HA17: 1 | HB17: 0 | HC17: 0 | HD17: 0 | HE17: 0 | HF17: 0 | HG17: 8 | HH17: 0 | HI17: 4 | HJ17: 0 | HK17: 2 | HL17: 4 | HM17: 0 | HN17: 2 | HO17: 8 | HP17: 1 | HQ17: 2 | HR17: 0 | HS17: 0 | HT17: 0 | HU17: 0 | HV17: 0 | HW17: 0 | HX17: 0 | HY17: 0 | HZ17: 0 | IA17: 0 | IB17: 0 | IC17: 0 | ID17: 0 | IE17: 0 | IF17: 0 | IG17: 0 | IH17: 0 | II17: 1 | IJ17: 0 | IK17: 0 | IL17: 0 | IM17: 0 | IN17: 0 | IO17: 0 | IP17: 0 | IQ17: 0 | IR17: 0 | IS17: 0 | IT17: 0 | IU17: 0 | IV17: 0 | IW17: 1 | IX17: 0 | IY17: 0 | IZ17: 0 | JA17: 0 | JB17: 0 | JC17: 0 | JD17: 0 | JE17: 0 | JF17: 0 | JG17: 0 | JH17: 0 | JI17: 0 | JJ17: 0 | JK17: 2 | JL17: 1 | JM17: 0 | JN17: 1 | JO17: 0 | JP17: 0 | JQ17: 0 | JR17: 0 | JS17: 0 | JT17: 0 | JU17: 0 | JV17: 0 | JW17: 31 | JX17: 10 | JY17: 41 | UG17: 0 | UH17: 0 | UI17: 0 | ABS17: 0 | ABT17: 0 | ABU17: 0 | ABW17: 0 | ABX17: 0 | ABY17: 0 | ABZ17: 0 | ACA17: 0 | ACB17: 0 | ACC17: 0 | ACD17: 0 | ACE17: 0 | ACF17: 0 | ACG17: 0 | ACH17: 0 | ACI17: 0 | ACJ17: 0 | ACK17: 0 | ACL17: 0 | ACM17: 0 | ACN17: 0 | ACO17: 0 | ACP17: 0 | ACQ17: 0 | ACR17: 0 | ACS17: 0 | ACT17: 0 | ACU17: 0 | ACV17: 0 | ACW17: 0 | ACX17: 0 | ACY17: 0 | ACZ17: 0 | ADA17: 0 | ADB17: 0 | ADC17: 0 | ADD17: 0 | ADE17: 0 | ADF17: 0 | ADG17: 0 | ADH17: 0 | ADI17: 0 | ADJ17: 0 | ADK17: 0 | ADL17: 0 | ADM17: 0 | ADN17: 0 | ADO17: 0 | ADP17: 0 | ADQ17: 0 | ADR17: 0 | ADS17: 0 | ADT17: 0 | ADU17: 0 | ADV17: 0 | ADW17: 0 | ADX17: 0 | ADY17: 0 | ADZ17: 0 | AEA17: 0 | AEB17: 0 | AEC17: 0 | AED17: 0 | AEE17: 0 | AEF17: 0 | AEG17: 0 | AEH17: 0 | AEI17: 0 | AEJ17: 0 | AEK17: 0 | AEL17: 0 | AEM17: 0 | AEN17: 0 | AEO17: 0 | AEP17: 0 | AEQ17: 0 | AER17: 0 | AES17: 0 | AET17: 0 | AEU17: 0 | AEV17: 0 | AEW17: 0 | AEX17: 0 | AEY17: 0 | AEZ17: 0 | AFA17: 0 | AFB17: 0 | AFC17: 0 | AFD17: 0 | AFE17: 0 | AFF17: 0 | AFG17: 0 | AFH17: 0 | AFI17: 0 | AFJ17: 0 | AFK17: 0 | AFL17: 0 | AFM17: 0 | AFN17: 0 | AFO17: 0 | AFP17: 0 | AFQ17: 0 | AFR17: 0 | AFS17: 0 | AFT17: 0 | AFU17: 0 | AFV17: 0 | AFW17: 0 | AFX17: 0 | AFY17: 0 | AFZ17: 0 | AGA17: 0 | AGB17: 0 | AGC17: 0 | AGD17: 0 | AGE17: 0 | AGF17: 0 | AGG17: 0 | AGH17: 0 | AGI17: 0 | AGJ17: 0 | AGK17: 0 | AGL17: 0 | AGM17: 0 | AGN17: 0 | AGO17: 0 | AGP17: 0 | AGQ17: 0 | AGR17: 0 | AGS17: 0 | AGT17: 0 | AGU17: 0 | AGV17: 0 | AGW17: 0 | AGX17: 0 | AGY17: 0 | AGZ17: 0 | AHA17: 0 | AHB17: 0 | AHC17: 0 | AHD17: 0 | AHE17: 0 | AHF17: 0 | AHG17: 0 | AHH17: 0 | AHI17: 0 | AHJ17: 0 | AHK17: 0 | AHL17: 0 | AHM17: 0 | AHN17: 0 | AHO17: 0 | AHP17: 0 | AHQ17: 0 | AHR17: 0 | AHS17: 0 | AHT17: 0 | AHU17: 0 | ANS17: 0 | ANT17: 0 | ANU17: 0 | AQU17: 0 | AQV17: 0 | AQW17: 0 | AQX17: 0 | AQY17: 0 | AQZ17: 0 | ARA17: 0
A18: 44717 | B18: Region XI | C18: Mati City | D18: Mati Central | E18: 129381 | F18: Rabat-Rocamora Mati CES II | G18: Don Mariano Marcos Avenue | I18: DAVAO ORIENTAL | J18: CITY OF MATI (Capital) | K18: 2nd District | L18: CENTRAL (POB.) | M18: Public | N18: DepED Managed | O18: No | P18: Purely ES | Q18: 0 | R18: 0 | S18: 0 | T18: 0 | U18: 1 | V18: 0 | W18: 0 | X18: 0 | Y18: 0 | Z18: 0 | AA18: 0 | AB18: 0 | AC18: 0 | AD18: 0 | AE18: 0 | AF18: 0 | AG18: 0 | AH18: 0 | AI18: 0 | AJ18: 0 | AK18: 0 | AL18: 0 | AM18: 0 | AN18: 0 | AO18: 0 | AP18: 0 | AQ18: 0 | AR18: 0 | AS18: 0 | AT18: 0 | AU18: 0 | AV18: 0 | AW18: 0 | AX18: 0 | AY18: 0 | AZ18: 0 | BA18: 0 | BB18: 1 | BC18: 0 | BD18: 0 | BE18: 1 | BF18: 0 | BG18: 0 | BH18: 0 | BI18: 0 | BJ18: 0 | BK18: 0 | BL18: 0 | BM18: 0 | BN18: 0 | BO18: 0 | BP18: 0 | BQ18: 0 | BR18: 0 | BS18: 0 | BT18: 0 | BU18: 0 | BV18: 0 | BW18: 1 | BX18: 0 | BY18: 0 | BZ18: 0 | CA18: 0 | CB18: 0 | CC18: 0 | CD18: 0 | CE18: 0 | CF18: 0 | CG18: 0 | CH18: 1 | CI18: 1 | CJ18: 0 | CK18: 0 | CL18: 0 | CM18: 0 | CN18: 0 | CO18: 0 | CP18: 0 | CQ18: 0 | CR18: 0 | CS18: 0 | CT18: 0 | CU18: 0 | CV18: 0 | CW18: 0 | CX18: 0 | CY18: 0 | CZ18: 0 | DA18: 0 | DB18: 0 | DC18: 0 | DD18: 0 | DE18: 0 | DF18: 0 | DG18: 0 | DH18: 0 | DI18: 0 | DJ18: 0 | DK18: 0 | DL18: 0 | DM18: 0 | DN18: 0 | DO18: 0 | DP18: 0 | DQ18: 0 | DR18: 0 | DS18: 0 | DT18: 0 | DU18: 0 | DV18: 0 | DW18: 0 | DX18: 0 | DY18: 0 | DZ18: 0 | EA18: 0 | EB18: 0 | EC18: 0 | ED18: 0 | EE18: 0 | EF18: 0 | EG18: 0 | EH18: 0 | EI18: 0 | EJ18: 0 | EK18: 0 | EL18: 0 | EM18: 0 | EN18: 0 | EO18: 0 | EP18: 0 | EQ18: 0 | ER18: 0 | ES18: 0 | ET18: 0 | EU18: 0 | EV18: 0 | EW18: 0 | EX18: 0 | EY18: 0 | EZ18: 0 | FA18: 0 | FB18: 0 | FC18: 0 | FD18: 0 | FE18: 0 | FF18: 0 | FG18: 0 | FH18: 0 | FI18: 0 | FJ18: 0 | FK18: 0 | FL18: 0 | FM18: 0 | FN18: 0 | FO18: 0 | FP18: 0 | FQ18: 0 | FR18: 0 | FS18: 0 | FT18: 0 | FU18: 1 | FV18: 0 | FW18: 0 | FX18: 0 | FY18: 0 | FZ18: 0 | GA18: 0 | GB18: 0 | GC18: 0 | GD18: 0 | GE18: 0 | GF18: 0 | GG18: 0 | GH18: 0 | GI18: 0 | GJ18: 0 | GK18: 0 | GL18: 0 | GM18: 0 | GN18: 0 | GO18: 0 | GP18: 0 | GQ18: 0 | GR18: 0 | GS18: 2 | GT18: 0 | GU18: 2 | GV18: 0 | GW18: 5 | GX18: 0 | GY18: 3 | GZ18: 3 | HA18: 4 | HB18: 4 | HC18: 4 | HD18: 3 | HE18: 2 | HF18: 0 | HG18: 2 | HH18: 0 | HI18: 3 | HJ18: 2 | HK18: 0 | HL18: 0 | HM18: 2 | HN18: 1 | HO18: 0 | HP18: 0 | HQ18: 0 | HR18: 0 | HS18: 0 | HT18: 0 | HU18: 0 | HV18: 0 | HW18: 0 | HX18: 0 | HY18: 0 | HZ18: 0 | IA18: 0 | IB18: 0 | IC18: 0 | ID18: 0 | IE18: 0 | IF18: 0 | IG18: 0 | IH18: 0 | II18: 1 | IJ18: 1 | IK18: 0 | IL18: 0 | IM18: 0 | IN18: 0 | IO18: 0 | IP18: 0 | IQ18: 0 | IR18: 0 | IS18: 0 | IT18: 0 | IU18: 0 | IV18: 0 | IW18: 0 | IX18: 0 | IY18: 0 | IZ18: 0 | JA18: 0 | JB18: 1 | JC18: 0 | JD18: 1 | JE18: 0 | JF18: 0 | JG18: 0 | JH18: 0 | JI18: 0 | JJ18: 0 | JK18: 1 | JL18: 0 | JM18: 0 | JN18: 0 | JO18: 1 | JP18: 0 | JQ18: 0 | JR18: 0 | JS18: 0 | JT18: 0 | JU18: 0 | JV18: 0 | JW18: 37 | JX18: 18 | JY18: 55 | UG18: 0 | UH18: 0 | UI18: 0 | ABS18: 0 | ABT18: 0 | ABU18: 0 | ABW18: 0 | ABX18: 0 | ABY18: 0 | ABZ18: 0 | ACA18: 0 | ACB18: 0 | ACC18: 0 | ACD18: 0 | ACE18: 0 | ACF18: 0 | ACG18: 0 | ACH18: 0 | ACI18: 0 | ACJ18: 0 | ACK18: 0 | ACL18: 0 | ACM18: 0 | ACN18: 0 | ACO18: 0 | ACP18: 0 | ACQ18: 0 | ACR18: 0 | ACS18: 0 | ACT18: 0 | ACU18: 0 | ACV18: 0 | ACW18: 0 | ACX18: 0 | ACY18: 0 | ACZ18: 0 | ADA18: 0 | ADB18: 0 | ADC18: 0 | ADD18: 0 | ADE18: 0 | ADF18: 0 | ADG18: 0 | ADH18: 0 | ADI18: 0 | ADJ18: 0 | ADK18: 0 | ADL18: 0 | ADM18: 0 | ADN18: 0 | ADO18: 0 | ADP18: 0 | ADQ18: 0 | ADR18: 0 | ADS18: 0 | ADT18: 0 | ADU18: 0 | ADV18: 0 | ADW18: 0 | ADX18: 0 | ADY18: 0 | ADZ18: 0 | AEA18: 0 | AEB18: 0 | AEC18: 0 | AED18: 0 | AEE18: 0 | AEF18: 0 | AEG18: 0 | AEH18: 0 | AEI18: 0 | AEJ18: 0 | AEK18: 0 | AEL18: 0 | AEM18: 0 | AEN18: 0 | AEO18: 0 | AEP18: 0 | AEQ18: 0 | AER18: 0 | AES18: 0 | AET18: 0 | AEU18: 0 | AEV18: 0 | AEW18: 0 | AEX18: 0 | AEY18: 0 | AEZ18: 0 | AFA18: 0 | AFB18: 0 | AFC18: 0 | AFD18: 0 | AFE18: 0 | AFF18: 0 | AFG18: 0 | AFH18: 0 | AFI18: 0 | AFJ18: 0 | AFK18: 0 | AFL18: 0 | AFM18: 0 | AFN18: 0 | AFO18: 0 | AFP18: 0 | AFQ18: 0 | AFR18: 0 | AFS18: 0 | AFT18: 0 | AFU18: 0 | AFV18: 0 | AFW18: 0 | AFX18: 0 | AFY18: 0 | AFZ18: 0 | AGA18: 0 | AGB18: 0 | AGC18: 0 | AGD18: 0 | AGE18: 0 | AGF18: 0 | AGG18: 0 | AGH18: 0 | AGI18: 0 | AGJ18: 0 | AGK18: 0 | AGL18: 0 | AGM18: 0 | AGN18: 0 | AGO18: 0 | AGP18: 0 | AGQ18: 0 | AGR18: 0 | AGS18: 0 | AGT18: 0 | AGU18: 0 | AGV18: 0 | AGW18: 0 | AGX18: 0 | AGY18: 0 | AGZ18: 0 | AHA18: 0 | AHB18: 0 | AHC18: 0 | AHD18: 0 | AHE18: 0 | AHF18: 0 | AHG18: 0 | AHH18: 0 | AHI18: 0 | AHJ18: 0 | AHK18: 0 | AHL18: 0 | AHM18: 0 | AHN18: 0 | AHO18: 0 | AHP18: 0 | AHQ18: 0 | AHR18: 0 | AHS18: 0 | AHT18: 0 | AHU18: 0 | ANS18: 0 | ANT18: 0 | ANU18: 0 | AQU18: 0 | AQV18: 0 | AQW18: 0 | AQX18: 0 | AQY18: 0 | AQZ18: 0 | ARA18: 0
A19: 44718 | B19: Region XI | C19: Mati City | D19: Mati Central | E19: 129382 | F19: Mayor Luisito G. Rabat MS | G19: Madang | I19: DAVAO ORIENTAL | J19: CITY OF MATI (Capital) | K19: 2nd District | L19: CENTRAL (POB.) | M19: Public | N19: DepED Managed | O19: No | P19: Purely ES | Q19: 0 | R19: 0 | S19: 0 | T19: 0 | U19: 0 | V19: 0 | W19: 0 | X19: 0 | Y19: 0 | Z19: 0 | AA19: 0 | AB19: 1 | AC19: 0 | AD19: 0 | AE19: 0 | AF19: 0 | AG19: 0 | AH19: 0 | AI19: 0 | AJ19: 0 | AK19: 0 | AL19: 0 | AM19: 0 | AN19: 0 | AO19: 0 | AP19: 0 | AQ19: 0 | AR19: 0 | AS19: 0 | AT19: 0 | AU19: 0 | AV19: 0 | AW19: 0 | AX19: 0 | AY19: 1 | AZ19: 0 | BA19: 2 | BB19: 0 | BC19: 0 | BD19: 0 | BE19: 0 | BF19: 0 | BG19: 0 | BH19: 0 | BI19: 0 | BJ19: 0 | BK19: 0 | BL19: 0 | BM19: 0 | BN19: 0 | BO19: 1 | BP19: 0 | BQ19: 0 | BR19: 0 | BS19: 0 | BT19: 0 | BU19: 0 | BV19: 0 | BW19: 0 | BX19: 0 | BY19: 0 | BZ19: 0 | CA19: 0 | CB19: 0 | CC19: 0 | CD19: 0 | CE19: 0 | CF19: 0 | CG19: 0 | CH19: 0 | CI19: 0 | CJ19: 0 | CK19: 0 | CL19: 0 | CM19: 0 | CN19: 0 | CO19: 0 | CP19: 0 | CQ19: 0 | CR19: 0 | CS19: 0 | CT19: 0 | CU19: 0 | CV19: 0 | CW19: 0 | CX19: 0 | CY19: 0 | CZ19: 0 | DA19: 0 | DB19: 0 | DC19: 0 | DD19: 0 | DE19: 0 | DF19: 0 | DG19: 0 | DH19: 0 | DI19: 1 | DJ19: 0 | DK19: 0 | DL19: 0 | DM19: 0 | DN19: 0 | DO19: 0 | DP19: 0 | DQ19: 0 | DR19: 0 | DS19: 0 | DT19: 0 | DU19: 0 | DV19: 0 | DW19: 0 | DX19: 0 | DY19: 0 | DZ19: 0 | EA19: 0 | EB19: 0 | EC19: 0 | ED19: 0 | EE19: 0 | EF19: 0 | EG19: 0 | EH19: 0 | EI19: 0 | EJ19: 0 | EK19: 0 | EL19: 0 | EM19: 0 | EN19: 0 | EO19: 0 | EP19: 0 | EQ19: 0 | ER19: 0 | ES19: 0 | ET19: 0 | EU19: 0 | EV19: 0 | EW19: 0 | EX19: 1 | EY19: 0 | EZ19: 0 | FA19: 0 | FB19: 0 | FC19: 0 | FD19: 0 | FE19: 0 | FF19: 0 | FG19: 0 | FH19: 0 | FI19: 0 | FJ19: 0 | FK19: 0 | FL19: 0 | FM19: 0 | FN19: 0 | FO19: 0 | FP19: 0 | FQ19: 0 | FR19: 0 | FS19: 0 | FT19: 0 | FU19: 1 | FV19: 0 | FW19: 0 | FX19: 0 | FY19: 0 | FZ19: 1 | GA19: 0 | GB19: 0 | GC19: 0 | GD19: 0 | GE19: 0 | GF19: 0 | GG19: 0 | GH19: 0 | GI19: 0 | GJ19: 0 | GK19: 0 | GL19: 0 | GM19: 0 | GN19: 0 | GO19: 0 | GP19: 0 | GQ19: 2 | GR19: 1 | GS19: 0 | GT19: 0 | GU19: 0 | GV19: 0 | GW19: 0 | GX19: 0 | GY19: 0 | GZ19: 0 | HA19: 2 | HB19: 2 | HC19: 1 | HD19: 0 | HE19: 0 | HF19: 0 | HG19: 2 | HH19: 1 | HI19: 0 | HJ19: 0 | HK19: 8 | HL19: 3 | HM19: 1 | HN19: 0 | HO19: 2 | HP19: 1 | HQ19: 2 | HR19: 0 | HS19: 0 | HT19: 0 | HU19: 0 | HV19: 0 | HW19: 0 | HX19: 0 | HY19: 1 | HZ19: 0 | IA19: 0 | IB19: 0 | IC19: 1 | ID19: 0 | IE19: 0 | IF19: 1 | IG19: 0 | IH19: 0 | II19: 0 | IJ19: 0 | IK19: 0 | IL19: 0 | IM19: 0 | IN19: 0 | IO19: 0 | IP19: 0 | IQ19: 0 | IR19: 1 | IS19: 0 | IT19: 0 | IU19: 0 | IV19: 0 | IW19: 0 | IX19: 0 | IY19: 0 | IZ19: 0 | JA19: 0 | JB19: 0 | JC19: 0 | JD19: 0 | JE19: 0 | JF19: 0 | JG19: 0 | JH19: 0 | JI19: 2 | JJ19: 0 | JK19: 0 | JL19: 0 | JM19: 0 | JN19: 0 | JO19: 0 | JP19: 0 | JQ19: 0 | JR19: 0 | JS19: 0 | JT19: 0 | JU19: 0 | JV19: 0 | JW19: 30 | JX19: 13 | JY19: 43 | UG19: 0 | UH19: 0 | UI19: 0 | ABS19: 0 | ABT19: 0 | ABU19: 0 | ABW19: 0 | ABX19: 0 | ABY19: 0 | ABZ19: 0 | ACA19: 0 | ACB19: 0 | ACC19: 0 | ACD19: 0 | ACE19: 0 | ACF19: 0 | ACG19: 0 | ACH19: 0 | ACI19: 0 | ACJ19: 0 | ACK19: 0 | ACL19: 0 | ACM19: 0 | ACN19: 0 | ACO19: 0 | ACP19: 0 | ACQ19: 0 | ACR19: 0 | ACS19: 0 | ACT19: 0 | ACU19: 0 | ACV19: 0 | ACW19: 0 | ACX19: 0 | ACY19: 0 | ACZ19: 0 | ADA19: 0 | ADB19: 0 | ADC19: 0 | ADD19: 0 | ADE19: 0 | ADF19: 0 | ADG19: 0 | ADH19: 0 | ADI19: 0 | ADJ19: 0 | ADK19: 0 | ADL19: 0 | ADM19: 0 | ADN19: 0 | ADO19: 0 | ADP19: 0 | ADQ19: 0 | ADR19: 0 | ADS19: 0 | ADT19: 0 | ADU19: 0 | ADV19: 0 | ADW19: 0 | ADX19: 0 | ADY19: 0 | ADZ19: 0 | AEA19: 0 | AEB19: 0 | AEC19: 0 | AED19: 0 | AEE19: 0 | AEF19: 0 | AEG19: 0 | AEH19: 0 | AEI19: 0 | AEJ19: 0 | AEK19: 0 | AEL19: 0 | AEM19: 0 | AEN19: 0 | AEO19: 0 | AEP19: 0 | AEQ19: 0 | AER19: 0 | AES19: 0 | AET19: 0 | AEU19: 0 | AEV19: 0 | AEW19: 0 | AEX19: 0 | AEY19: 0 | AEZ19: 0 | AFA19: 0 | AFB19: 0 | AFC19: 0 | AFD19: 0 | AFE19: 0 | AFF19: 0 | AFG19: 0 | AFH19: 0 | AFI19: 0 | AFJ19: 0 | AFK19: 0 | AFL19: 0 | AFM19: 0 | AFN19: 0 | AFO19: 0 | AFP19: 0 | AFQ19: 0 | AFR19: 0 | AFS19: 0 | AFT19: 0 | AFU19: 0 | AFV19: 0 | AFW19: 0 | AFX19: 0 | AFY19: 0 | AFZ19: 0 | AGA19: 0 | AGB19: 0 | AGC19: 0 | AGD19: 0 | AGE19: 0 | AGF19: 0 | AGG19: 0 | AGH19: 0 | AGI19: 0 | AGJ19: 0 | AGK19: 0 | AGL19: 0 | AGM19: 0 | AGN19: 0 | AGO19: 0 | AGP19: 0 | AGQ19: 0 | AGR19: 0 | AGS19: 0 | AGT19: 0 | AGU19: 0 | AGV19: 0 | AGW19: 0 | AGX19: 0 | AGY19: 0 | AGZ19: 0 | AHA19: 0 | AHB19: 0 | AHC19: 0 | AHD19: 0 | AHE19: 0 | AHF19: 0 | AHG19: 0 | AHH19: 0 | AHI19: 0 | AHJ19: 0 | AHK19: 0 | AHL19: 0 | AHM19: 0 | AHN19: 0 | AHO19: 0 | AHP19: 0 | AHQ19: 0 | AHR19: 0 | AHS19: 0 | AHT19: 0 | AHU19: 0 | ANS19: 0 | ANT19: 0 | ANU19: 0 | AQU19: 0 | AQV19: 0 | AQW19: 0 | AQX19: 0 | AQY19: 0 | AQZ19: 0 | ARA19: 0
A20: 44719 | B20: Region XI | C20: Mati City | D20: Mati Central | E20: 129383 | F20: Mayor Santiago Garcia MS | G20: Magsaysay | I20: DAVAO ORIENTAL | J20: CITY OF MATI (Capital) | K20: 2nd District | L20: CENTRAL (POB.) | M20: Public | N20: DepED Managed | O20: No | P20: Purely ES | Q20: 0 | R20: 0 | S20: 0 | T20: 0 | U20: 0 | V20: 0 | W20: 0 | X20: 0 | Y20: 0 | Z20: 0 | AA20: 0 | AB20: 0 | AC20: 0 | AD20: 0 | AE20: 0 | AF20: 0 | AG20: 0 | AH20: 0 | AI20: 0 | AJ20: 0 | AK20: 0 | AL20: 0 | AM20: 0 | AN20: 0 | AO20: 0 | AP20: 0 | AQ20: 0 | AR20: 0 | AS20: 0 | AT20: 0 | AU20: 0 | AV20: 0 | AW20: 0 | AX20: 0 | AY20: 1 | AZ20: 0 | BA20: 1 | BB20: 0 | BC20: 0 | BD20: 0 | BE20: 0 | BF20: 0 | BG20: 0 | BH20: 0 | BI20: 0 | BJ20: 0 | BK20: 0 | BL20: 0 | BM20: 0 | BN20: 0 | BO20: 0 | BP20: 0 | BQ20: 0 | BR20: 0 | BS20: 0 | BT20: 0 | BU20: 0 | BV20: 0 | BW20: 0 | BX20: 0 | BY20: 0 | BZ20: 0 | CA20: 0 | CB20: 0 | CC20: 0 | CD20: 0 | CE20: 0 | CF20: 0 | CG20: 0 | CH20: 0 | CI20: 0 | CJ20: 0 | CK20: 0 | CL20: 0 | CM20: 0 | CN20: 0 | CO20: 0 | CP20: 0 | CQ20: 0 | CR20: 0 | CS20: 0 | CT20: 0 | CU20: 0 | CV20: 0 | CW20: 0 | CX20: 0 | CY20: 0 | CZ20: 0 | DA20: 0 | DB20: 0 | DC20: 0 | DD20: 0 | DE20: 0 | DF20: 0 | DG20: 0 | DH20: 0 | DI20: 0 | DJ20: 0 | DK20: 0 | DL20: 0 | DM20: 0 | DN20: 0 | DO20: 0 | DP20: 0 | DQ20: 0 | DR20: 0 | DS20: 0 | DT20: 0 | DU20: 0 | DV20: 0 | DW20: 0 | DX20: 0 | DY20: 0 | DZ20: 0 | EA20: 0 | EB20: 0 | EC20: 0 | ED20: 0 | EE20: 0 | EF20: 0 | EG20: 0 | EH20: 0 | EI20: 0 | EJ20: 0 | EK20: 0 | EL20: 0 | EM20: 0 | EN20: 0 | EO20: 0 | EP20: 0 | EQ20: 0 | ER20: 0 | ES20: 0 | ET20: 0 | EU20: 0 | EV20: 0 | EW20: 0 | EX20: 0 | EY20: 0 | EZ20: 0 | FA20: 0 | FB20: 0 | FC20: 0 | FD20: 0 | FE20: 0 | FF20: 0 | FG20: 0 | FH20: 0 | FI20: 0 | FJ20: 0 | FK20: 0 | FL20: 0 | FM20: 0 | FN20: 0 | FO20: 0 | FP20: 0 | FQ20: 0 | FR20: 0 | FS20: 0 | FT20: 0 | FU20: 0 | FV20: 0 | FW20: 1 | FX20: 0 | FY20: 0 | FZ20: 0 | GA20: 0 | GB20: 0 | GC20: 0 | GD20: 0 | GE20: 0 | GF20: 0 | GG20: 0 | GH20: 0 | GI20: 0 | GJ20: 0 | GK20: 0 | GL20: 0 | GM20: 0 | GN20: 0 | GO20: 0 | GP20: 0 | GQ20: 0 | GR20: 0 | GS20: 0 | GT20: 1 | GU20: 0 | GV20: 1 | GW20: 1 | GX20: 1 | GY20: 0 | GZ20: 1 | HA20: 1 | HB20: 1 | HC20: 0 | HD20: 0 | HE20: 0 | HF20: 0 | HG20: 1 | HH20: 0 | HI20: 0 | HJ20: 0 | HK20: 0 | HL20: 1 | HM20: 2 | HN20: 1 | HO20: 0 | HP20: 0 | HQ20: 1 | HR20: 0 | HS20: 0 | HT20: 0 | HU20: 0 | HV20: 0 | HW20: 0 | HX20: 0 | HY20: 0 | HZ20: 0 | IA20: 0 | IB20: 0 | IC20: 0 | ID20: 0 | IE20: 0 | IF20: 0 | IG20: 0 | IH20: 0 | II20: 0 | IJ20: 0 | IK20: 0 | IL20: 0 | IM20: 0 | IN20: 0 | IO20: 0 | IP20: 0 | IQ20: 0 | IR20: 0 | IS20: 0 | IT20: 0 | IU20: 0 | IV20: 0 | IW20: 0 | IX20: 0 | IY20: 0 | IZ20: 0 | JA20: 0 | JB20: 0 | JC20: 1 | JD20: 0 | JE20: 0 | JF20: 0 | JG20: 0 | JH20: 0 | JI20: 0 | JJ20: 0 | JK20: 0 | JL20: 0 | JM20: 0 | JN20: 0 | JO20: 0 | JP20: 0 | JQ20: 0 | JR20: 0 | JS20: 0 | JT20: 0 | JU20: 0 | JV20: 0 | JW20: 10 | JX20: 7 | JY20: 17 | UG20: 0 | UH20: 0 | UI20: 0 | ABS20: 0 | ABT20: 0 | ABU20: 0 | ABW20: 0 | ABX20: 0 | ABY20: 0 | ABZ20: 0 | ACA20: 0 | ACB20: 0 | ACC20: 0 | ACD20: 0 | ACE20: 0 | ACF20: 0 | ACG20: 0 | ACH20: 0 | ACI20: 0 | ACJ20: 0 | ACK20: 0 | ACL20: 0 | ACM20: 0 | ACN20: 0 | ACO20: 0 | ACP20: 0 | ACQ20: 0 | ACR20: 0 | ACS20: 0 | ACT20: 0 | ACU20: 0 | ACV20: 0 | ACW20: 0 | ACX20: 0 | ACY20: 0 | ACZ20: 0 | ADA20: 0 | ADB20: 0 | ADC20: 0 | ADD20: 0 | ADE20: 0 | ADF20: 0 | ADG20: 0 | ADH20: 0 | ADI20: 0 | ADJ20: 0 | ADK20: 0 | ADL20: 0 | ADM20: 0 | ADN20: 0 | ADO20: 0 | ADP20: 0 | ADQ20: 0 | ADR20: 0 | ADS20: 0 | ADT20: 0 | ADU20: 0 | ADV20: 0 | ADW20: 0 | ADX20: 0 | ADY20: 0 | ADZ20: 0 | AEA20: 0 | AEB20: 0 | AEC20: 0 | AED20: 0 | AEE20: 0 | AEF20: 0 | AEG20: 0 | AEH20: 0 | AEI20: 0 | AEJ20: 0 | AEK20: 0 | AEL20: 0 | AEM20: 0 | AEN20: 0 | AEO20: 0 | AEP20: 0 | AEQ20: 0 | AER20: 0 | AES20: 0 | AET20: 0 | AEU20: 0 | AEV20: 0 | AEW20: 0 | AEX20: 0 | AEY20: 0 | AEZ20: 0 | AFA20: 0 | AFB20: 0 | AFC20: 0 | AFD20: 0 | AFE20: 0 | AFF20: 0 | AFG20: 0 | AFH20: 0 | AFI20: 0 | AFJ20: 0 | AFK20: 0 | AFL20: 0 | AFM20: 0 | AFN20: 0 | AFO20: 0 | AFP20: 0 | AFQ20: 0 | AFR20: 0 | AFS20: 0 | AFT20: 0 | AFU20: 0 | AFV20: 0 | AFW20: 0 | AFX20: 0 | AFY20: 0 | AFZ20: 0 | AGA20: 0 | AGB20: 0 | AGC20: 0 | AGD20: 0 | AGE20: 0 | AGF20: 0 | AGG20: 0 | AGH20: 0 | AGI20: 0 | AGJ20: 0 | AGK20: 0 | AGL20: 0 | AGM20: 0 | AGN20: 0 | AGO20: 0 | AGP20: 0 | AGQ20: 0 | AGR20: 0 | AGS20: 0 | AGT20: 0 | AGU20: 0 | AGV20: 0 | AGW20: 0 | AGX20: 0 | AGY20: 0 | AGZ20: 0 | AHA20: 0 | AHB20: 0 | AHC20: 0 | AHD20: 0 | AHE20: 0 | AHF20: 0 | AHG20: 0 | AHH20: 0 | AHI20: 0 | AHJ20: 0 | AHK20: 0 | AHL20: 0 | AHM20: 0 | AHN20: 0 | AHO20: 0 | AHP20: 0 | AHQ20: 0 | AHR20: 0 | AHS20: 0 | AHT20: 0 | AHU20: 0 | ANS20: 0 | ANT20: 0 | ANU20: 0 | AQU20: 0 | AQV20: 0 | AQW20: 0 | AQX20: 0 | AQY20: 0 | AQZ20: 0 | ARA20: 0
A21: 44720 | B21: Region XI | C21: Mati City | D21: Mati Central | E21: 129384 | F21: Sudlon Elementary School | G21: Banahaw | I21: DAVAO ORIENTAL | J21: CITY OF MATI (Capital) | K21: 2nd District | L21: CENTRAL (POB.) | M21: Public | N21: DepED Managed | O21: No | P21: Purely ES | Q21: 0 | R21: 0 | S21: 0 | T21: 0 | U21: 0 | V21: 0 | W21: 0 | X21: 0 | Y21: 0 | Z21: 0 | AA21: 0 | AB21: 0 | AC21: 0 | AD21: 0 | AE21: 0 | AF21: 0 | AG21: 0 | AH21: 0 | AI21: 0 | AJ21: 0 | AK21: 0 | AL21: 0 | AM21: 0 | AN21: 0 | AO21: 0 | AP21: 0 | AQ21: 0 | AR21: 0 | AS21: 0 | AT21: 0 | AU21: 0 | AV21: 0 | AW21: 0 | AX21: 0 | AY21: 0 | AZ21: 0 | BA21: 0 | BB21: 0 | BC21: 0 | BD21: 0 | BE21: 0 | BF21: 0 | BG21: 0 | BH21: 0 | BI21: 0 | BJ21: 0 | BK21: 0 | BL21: 0 | BM21: 0 | BN21: 0 | BO21: 0 | BP21: 0 | BQ21: 0 | BR21: 0 | BS21: 0 | BT21: 0 | BU21: 0 | BV21: 0 | BW21: 0 | BX21: 0 | BY21: 0 | BZ21: 0 | CA21: 0 | CB21: 0 | CC21: 0 | CD21: 0 | CE21: 0 | CF21: 0 | CG21: 0 | CH21: 0 | CI21: 0 | CJ21: 0 | CK21: 0 | CL21: 0 | CM21: 0 | CN21: 0 | CO21: 0 | CP21: 0 | CQ21: 0 | CR21: 0 | CS21: 0 | CT21: 0 | CU21: 0 | CV21: 0 | CW21: 0 | CX21: 0 | CY21: 0 | CZ21: 0 | DA21: 0 | DB21: 0 | DC21: 0 | DD21: 0 | DE21: 0 | DF21: 0 | DG21: 0 | DH21: 0 | DI21: 0 | DJ21: 0 | DK21: 0 | DL21: 0 | DM21: 0 | DN21: 0 | DO21: 0 | DP21: 0 | DQ21: 0 | DR21: 0 | DS21: 0 | DT21: 0 | DU21: 0 | DV21: 0 | DW21: 0 | DX21: 0 | DY21: 0 | DZ21: 0 | EA21: 0 | EB21: 0 | EC21: 0 | ED21: 0 | EE21: 0 | EF21: 0 | EG21: 0 | EH21: 0 | EI21: 0 | EJ21: 0 | EK21: 0 | EL21: 0 | EM21: 0 | EN21: 0 | EO21: 0 | EP21: 0 | EQ21: 0 | ER21: 0 | ES21: 0 | ET21: 0 | EU21: 0 | EV21: 0 | EW21: 0 | EX21: 0 | EY21: 0 | EZ21: 0 | FA21: 0 | FB21: 0 | FC21: 0 | FD21: 0 | FE21: 0 | FF21: 0 | FG21: 0 | FH21: 0 | FI21: 0 | FJ21: 0 | FK21: 0 | FL21: 0 | FM21: 0 | FN21: 0 | FO21: 1 | FP21: 0 | FQ21: 0 | FR21: 0 | FS21: 0 | FT21: 0 | FU21: 0 | FV21: 0 | FW21: 0 | FX21: 0 | FY21: 0 | FZ21: 0 | GA21: 0 | GB21: 0 | GC21: 0 | GD21: 0 | GE21: 0 | GF21: 0 | GG21: 0 | GH21: 0 | GI21: 0 | GJ21: 0 | GK21: 0 | GL21: 0 | GM21: 0 | GN21: 0 | GO21: 0 | GP21: 0 | GQ21: 0 | GR21: 0 | GS21: 0 | GT21: 0 | GU21: 0 | GV21: 0 | GW21: 0 | GX21: 0 | GY21: 0 | GZ21: 0 | HA21: 0 | HB21: 0 | HC21: 0 | HD21: 0 | HE21: 0 | HF21: 0 | HG21: 0 | HH21: 0 | HI21: 2 | HJ21: 0 | HK21: 1 | HL21: 4 | HM21: 5 | HN21: 1 | HO21: 3 | HP21: 5 | HQ21: 2 | HR21: 4 | HS21: 0 | HT21: 0 | HU21: 0 | HV21: 0 | HW21: 0 | HX21: 0 | HY21: 0 | HZ21: 0 | IA21: 0 | IB21: 0 | IC21: 0 | ID21: 0 | IE21: 0 | IF21: 0 | IG21: 0 | IH21: 0 | II21: 0 | IJ21: 0 | IK21: 0 | IL21: 0 | IM21: 1 | IN21: 0 | IO21: 0 | IP21: 0 | IQ21: 0 | IR21: 0 | IS21: 0 | IT21: 0 | IU21: 0 | IV21: 0 | IW21: 0 | IX21: 0 | IY21: 0 | IZ21: 0 | JA21: 0 | JB21: 0 | JC21: 0 | JD21: 0 | JE21: 0 | JF21: 0 | JG21: 0 | JH21: 0 | JI21: 0 | JJ21: 0 | JK21: 0 | JL21: 0 | JM21: 0 | JN21: 0 | JO21: 0 | JP21: 1 | JQ21: 0 | JR21: 0 | JS21: 0 | JT21: 0 | JU21: 0 | JV21: 0 | JW21: 15 | JX21: 15 | JY21: 30 | UG21: 0 | UH21: 0 | UI21: 0 | ABS21: 0 | ABT21: 0 | ABU21: 0 | ABW21: 0 | ABX21: 0 | ABY21: 0 | ABZ21: 0 | ACA21: 0 | ACB21: 0 | ACC21: 0 | ACD21: 0 | ACE21: 0 | ACF21: 0 | ACG21: 0 | ACH21: 0 | ACI21: 0 | ACJ21: 0 | ACK21: 0 | ACL21: 0 | ACM21: 0 | ACN21: 0 | ACO21: 0 | ACP21: 0 | ACQ21: 0 | ACR21: 0 | ACS21: 0 | ACT21: 0 | ACU21: 0 | ACV21: 0 | ACW21: 0 | ACX21: 0 | ACY21: 0 | ACZ21: 0 | ADA21: 0 | ADB21: 0 | ADC21: 0 | ADD21: 0 | ADE21: 0 | ADF21: 0 | ADG21: 0 | ADH21: 0 | ADI21: 0 | ADJ21: 0 | ADK21: 0 | ADL21: 0 | ADM21: 0 | ADN21: 0 | ADO21: 0 | ADP21: 0 | ADQ21: 0 | ADR21: 0 | ADS21: 0 | ADT21: 0 | ADU21: 0 | ADV21: 0 | ADW21: 0 | ADX21: 0 | ADY21: 0 | ADZ21: 0 | AEA21: 0 | AEB21: 0 | AEC21: 0 | AED21: 0 | AEE21: 0 | AEF21: 0 | AEG21: 0 | AEH21: 0 | AEI21: 0 | AEJ21: 0 | AEK21: 0 | AEL21: 0 | AEM21: 0 | AEN21: 0 | AEO21: 0 | AEP21: 0 | AEQ21: 0 | AER21: 0 | AES21: 0 | AET21: 0 | AEU21: 0 | AEV21: 0 | AEW21: 0 | AEX21: 0 | AEY21: 0 | AEZ21: 0 | AFA21: 0 | AFB21: 0 | AFC21: 0 | AFD21: 0 | AFE21: 0 | AFF21: 0 | AFG21: 0 | AFH21: 0 | AFI21: 0 | AFJ21: 0 | AFK21: 0 | AFL21: 0 | AFM21: 0 | AFN21: 0 | AFO21: 0 | AFP21: 0 | AFQ21: 0 | AFR21: 0 | AFS21: 0 | AFT21: 0 | AFU21: 0 | AFV21: 0 | AFW21: 0 | AFX21: 0 | AFY21: 0 | AFZ21: 0 | AGA21: 0 | AGB21: 0 | AGC21: 0 | AGD21: 0 | AGE21: 0 | AGF21: 0 | AGG21: 0 | AGH21: 0 | AGI21: 0 | AGJ21: 0 | AGK21: 0 | AGL21: 0 | AGM21: 0 | AGN21: 0 | AGO21: 0 | AGP21: 0 | AGQ21: 0 | AGR21: 0 | AGS21: 0 | AGT21: 0 | AGU21: 0 | AGV21: 0 | AGW21: 0 | AGX21: 0 | AGY21: 0 | AGZ21: 0 | AHA21: 0 | AHB21: 0 | AHC21: 0 | AHD21: 0 | AHE21: 0 | AHF21: 0 | AHG21: 0 | AHH21: 0 | AHI21: 0 | AHJ21: 0 | AHK21: 0 | AHL21: 0 | AHM21: 0 | AHN21: 0 | AHO21: 0 | AHP21: 0 | AHQ21: 0 | AHR21: 0 | AHS21: 0 | AHT21: 0 | AHU21: 0 | ANS21: 0 | ANT21: 0 | ANU21: 0 | AQU21: 0 | AQV21: 0 | AQW21: 0 | AQX21: 0 | AQY21: 0 | AQZ21: 0 | ARA21: 0
A22: 44721 | B22: Region XI | C22: Mati City | D22: Mati Central | E22: 129385 | F22: Tagawisan ES | G22: Tagawisan | I22: DAVAO ORIENTAL | J22: CITY OF MATI (Capital) | K22: 2nd District | L22: BADAS | M22: Public | N22: DepED Managed | O22: No | P22: Purely ES | Q22: 0 | R22: 0 | S22: 0 | T22: 0 | U22: 0 | V22: 0 | W22: 0 | X22: 0 | Y22: 0 | Z22: 0 | AA22: 0 | AB22: 0 | AC22: 0 | AD22: 0 | AE22: 0 | AF22: 0 | AG22: 0 | AH22: 0 | AI22: 0 | AJ22: 0 | AK22: 0 | AL22: 0 | AM22: 0 | AN22: 0 | AO22: 0 | AP22: 0 | AQ22: 0 | AR22: 0 | AS22: 0 | AT22: 0 | AU22: 0 | AV22: 0 | AW22: 0 | AX22: 0 | AY22: 0 | AZ22: 0 | BA22: 0 | BB22: 0 | BC22: 0 | BD22: 0 | BE22: 0 | BF22: 0 | BG22: 0 | BH22: 0 | BI22: 0 | BJ22: 0 | BK22: 0 | BL22: 0 | BM22: 0 | BN22: 0 | BO22: 0 | BP22: 0 | BQ22: 0 | BR22: 0 | BS22: 0 | BT22: 0 | BU22: 0 | BV22: 0 | BW22: 0 | BX22: 0 | BY22: 0 | BZ22: 0 | CA22: 0 | CB22: 0 | CC22: 0 | CD22: 0 | CE22: 0 | CF22: 0 | CG22: 0 | CH22: 0 | CI22: 0 | CJ22: 0 | CK22: 0 | CL22: 0 | CM22: 0 | CN22: 0 | CO22: 0 | CP22: 0 | CQ22: 0 | CR22: 0 | CS22: 0 | CT22: 0 | CU22: 0 | CV22: 0 | CW22: 0 | CX22: 0 | CY22: 0 | CZ22: 0 | DA22: 0 | DB22: 0 | DC22: 0 | DD22: 0 | DE22: 0 | DF22: 0 | DG22: 0 | DH22: 0 | DI22: 0 | DJ22: 0 | DK22: 0 | DL22: 0 | DM22: 0 | DN22: 0 | DO22: 0 | DP22: 0 | DQ22: 0 | DR22: 0 | DS22: 0 | DT22: 0 | DU22: 0 | DV22: 0 | DW22: 0 | DX22: 0 | DY22: 0 | DZ22: 0 | EA22: 0 | EB22: 0 | EC22: 0 | ED22: 0 | EE22: 0 | EF22: 0 | EG22: 0 | EH22: 0 | EI22: 0 | EJ22: 0 | EK22: 0 | EL22: 0 | EM22: 0 | EN22: 0 | EO22: 0 | EP22: 0 | EQ22: 0 | ER22: 0 | ES22: 0 | ET22: 0 | EU22: 0 | EV22: 0 | EW22: 0 | EX22: 0 | EY22: 0 | EZ22: 0 | FA22: 0 | FB22: 0 | FC22: 0 | FD22: 0 | FE22: 0 | FF22: 0 | FG22: 0 | FH22: 0 | FI22: 0 | FJ22: 0 | FK22: 0 | FL22: 0 | FM22: 0 | FN22: 0 | FO22: 0 | FP22: 0 | FQ22: 0 | FR22: 0 | FS22: 0 | FT22: 0 | FU22: 0 | FV22: 0 | FW22: 0 | FX22: 0 | FY22: 0 | FZ22: 0 | GA22: 0 | GB22: 0 | GC22: 0 | GD22: 0 | GE22: 0 | GF22: 0 | GG22: 0 | GH22: 0 | GI22: 0 | GJ22: 0 | GK22: 0 | GL22: 0 | GM22: 0 | GN22: 0 | GO22: 0 | GP22: 0 | GQ22: 0 | GR22: 0 | GS22: 1 | GT22: 0 | GU22: 1 | GV22: 0 | GW22: 0 | GX22: 0 | GY22: 0 | GZ22: 0 | HA22: 0 | HB22: 1 | HC22: 0 | HD22: 0 | HE22: 1 | HF22: 0 | HG22: 8 | HH22: 2 | HI22: 0 | HJ22: 0 | HK22: 0 | HL22: 0 | HM22: 0 | HN22: 0 | HO22: 4 | HP22: 0 | HQ22: 2 | HR22: 1 | HS22: 0 | HT22: 0 | HU22: 0 | HV22: 0 | HW22: 0 | HX22: 0 | HY22: 0 | HZ22: 0 | IA22: 0 | IB22: 0 | IC22: 0 | ID22: 0 | IE22: 0 | IF22: 0 | IG22: 0 | IH22: 0 | II22: 0 | IJ22: 0 | IK22: 1 | IL22: 0 | IM22: 0 | IN22: 0 | IO22: 0 | IP22: 0 | IQ22: 0 | IR22: 0 | IS22: 0 | IT22: 0 | IU22: 0 | IV22: 0 | IW22: 0 | IX22: 0 | IY22: 0 | IZ22: 0 | JA22: 0 | JB22: 0 | JC22: 0 | JD22: 0 | JE22: 0 | JF22: 0 | JG22: 0 | JH22: 0 | JI22: 0 | JJ22: 0 | JK22: 0 | JL22: 0 | JM22: 0 | JN22: 0 | JO22: 0 | JP22: 0 | JQ22: 0 | JR22: 0 | JS22: 0 | JT22: 0 | JU22: 0 | JV22: 0 | JW22: 18 | JX22: 4 | JY22: 22 | UG22: 0 | UH22: 0 | UI22: 0 | ABS22: 0 | ABT22: 0 | ABU22: 0 | ABW22: 0 | ABX22: 0 | ABY22: 0 | ABZ22: 0 | ACA22: 0 | ACB22: 0 | ACC22: 0 | ACD22: 0 | ACE22: 0 | ACF22: 0 | ACG22: 0 | ACH22: 0 | ACI22: 0 | ACJ22: 0 | ACK22: 0 | ACL22: 0 | ACM22: 0 | ACN22: 0 | ACO22: 0 | ACP22: 0 | ACQ22: 0 | ACR22: 0 | ACS22: 0 | ACT22: 0 | ACU22: 0 | ACV22: 0 | ACW22: 0 | ACX22: 0 | ACY22: 0 | ACZ22: 0 | ADA22: 0 | ADB22: 0 | ADC22: 0 | ADD22: 0 | ADE22: 0 | ADF22: 0 | ADG22: 0 | ADH22: 0 | ADI22: 0 | ADJ22: 0 | ADK22: 0 | ADL22: 0 | ADM22: 0 | ADN22: 0 | ADO22: 0 | ADP22: 0 | ADQ22: 0 | ADR22: 0 | ADS22: 0 | ADT22: 0 | ADU22: 0 | ADV22: 0 | ADW22: 0 | ADX22: 0 | ADY22: 0 | ADZ22: 0 | AEA22: 0 | AEB22: 0 | AEC22: 0 | AED22: 0 | AEE22: 0 | AEF22: 0 | AEG22: 0 | AEH22: 0 | AEI22: 0 | AEJ22: 0 | AEK22: 0 | AEL22: 0 | AEM22: 0 | AEN22: 0 | AEO22: 0 | AEP22: 0 | AEQ22: 0 | AER22: 0 | AES22: 0 | AET22: 0 | AEU22: 0 | AEV22: 0 | AEW22: 0 | AEX22: 0 | AEY22: 0 | AEZ22: 0 | AFA22: 0 | AFB22: 0 | AFC22: 0 | AFD22: 0 | AFE22: 0 | AFF22: 0 | AFG22: 0 | AFH22: 0 | AFI22: 0 | AFJ22: 0 | AFK22: 0 | AFL22: 0 | AFM22: 0 | AFN22: 0 | AFO22: 0 | AFP22: 0 | AFQ22: 0 | AFR22: 0 | AFS22: 0 | AFT22: 0 | AFU22: 0 | AFV22: 0 | AFW22: 0 | AFX22: 0 | AFY22: 0 | AFZ22: 0 | AGA22: 0 | AGB22: 0 | AGC22: 0 | AGD22: 0 | AGE22: 0 | AGF22: 0 | AGG22: 0 | AGH22: 0 | AGI22: 0 | AGJ22: 0 | AGK22: 0 | AGL22: 0 | AGM22: 0 | AGN22: 0 | AGO22: 0 | AGP22: 0 | AGQ22: 0 | AGR22: 0 | AGS22: 0 | AGT22: 0 | AGU22: 0 | AGV22: 0 | AGW22: 0 | AGX22: 0 | AGY22: 0 | AGZ22: 0 | AHA22: 0 | AHB22: 0 | AHC22: 0 | AHD22: 0 | AHE22: 0 | AHF22: 0 | AHG22: 0 | AHH22: 0 | AHI22: 0 | AHJ22: 0 | AHK22: 0 | AHL22: 0 | AHM22: 0 | AHN22: 0 | AHO22: 0 | AHP22: 0 | AHQ22: 0 | AHR22: 0 | AHS22: 0 | AHT22: 0 | AHU22: 0 | ANS22: 0 | ANT22: 0 | ANU22: 0 | AQU22: 0 | AQV22: 0 | AQW22: 0 | AQX22: 0 | AQY22: 0 | AQZ22: 0 | ARA22: 0
A23: 44722 | B23: Region XI | C23: Mati City | D23: Mati Central | E23: 129386 | F23: Onotan Daganio Tagbobolo ES | G23: Tagbobolo | I23: DAVAO ORIENTAL | J23: CITY OF MATI (Capital) | K23: 2nd District | L23: SAINZ | M23: Public | N23: DepED Managed | O23: No | P23: Purely ES | Q23: 0 | R23: 0 | S23: 0 | T23: 0 | U23: 0 | V23: 0 | W23: 0 | X23: 0 | Y23: 0 | Z23: 0 | AA23: 0 | AB23: 0 | AC23: 0 | AD23: 0 | AE23: 0 | AF23: 0 | AG23: 0 | AH23: 0 | AI23: 0 | AJ23: 0 | AK23: 0 | AL23: 0 | AM23: 0 | AN23: 0 | AO23: 0 | AP23: 0 | AQ23: 0 | AR23: 0 | AS23: 0 | AT23: 0 | AU23: 0 | AV23: 0 | AW23: 0 | AX23: 0 | AY23: 0 | AZ23: 0 | BA23: 0 | BB23: 0 | BC23: 0 | BD23: 0 | BE23: 0 | BF23: 0 | BG23: 0 | BH23: 0 | BI23: 0 | BJ23: 0 | BK23: 0 | BL23: 0 | BM23: 0 | BN23: 0 | BO23: 0 | BP23: 0 | BQ23: 0 | BR23: 0 | BS23: 0 | BT23: 0 | BU23: 0 | BV23: 0 | BW23: 0 | BX23: 0 | BY23: 0 | BZ23: 0 | CA23: 0 | CB23: 0 | CC23: 0 | CD23: 0 | CE23: 0 | CF23: 0 | CG23: 0 | CH23: 0 | CI23: 0 | CJ23: 0 | CK23: 0 | CL23: 0 | CM23: 0 | CN23: 0 | CO23: 0 | CP23: 0 | CQ23: 0 | CR23: 0 | CS23: 0 | CT23: 0 | CU23: 0 | CV23: 0 | CW23: 0 | CX23: 0 | CY23: 0 | CZ23: 0 | DA23: 0 | DB23: 0 | DC23: 0 | DD23: 0 | DE23: 0 | DF23: 0 | DG23: 0 | DH23: 0 | DI23: 0 | DJ23: 0 | DK23: 0 | DL23: 0 | DM23: 0 | DN23: 0 | DO23: 0 | DP23: 0 | DQ23: 0 | DR23: 0 | DS23: 0 | DT23: 0 | DU23: 0 | DV23: 0 | DW23: 0 | DX23: 0 | DY23: 0 | DZ23: 0 | EA23: 0 | EB23: 0 | EC23: 0 | ED23: 0 | EE23: 0 | EF23: 0 | EG23: 0 | EH23: 0 | EI23: 0 | EJ23: 0 | EK23: 0 | EL23: 0 | EM23: 0 | EN23: 0 | EO23: 0 | EP23: 0 | EQ23: 0 | ER23: 0 | ES23: 0 | ET23: 0 | EU23: 0 | EV23: 0 | EW23: 0 | EX23: 0 | EY23: 0 | EZ23: 0 | FA23: 0 | FB23: 0 | FC23: 0 | FD23: 0 | FE23: 0 | FF23: 0 | FG23: 0 | FH23: 0 | FI23: 0 | FJ23: 0 | FK23: 0 | FL23: 0 | FM23: 0 | FN23: 0 | FO23: 0 | FP23: 0 | FQ23: 0 | FR23: 0 | FS23: 0 | FT23: 0 | FU23: 0 | FV23: 0 | FW23: 0 | FX23: 0 | FY23: 0 | FZ23: 0 | GA23: 0 | GB23: 0 | GC23: 0 | GD23: 0 | GE23: 0 | GF23: 0 | GG23: 0 | GH23: 0 | GI23: 0 | GJ23: 0 | GK23: 0 | GL23: 0 | GM23: 0 | GN23: 0 | GO23: 0 | GP23: 0 | GQ23: 0 | GR23: 0 | GS23: 0 | GT23: 1 | GU23: 0 | GV23: 0 | GW23: 0 | GX23: 0 | GY23: 1 | GZ23: 0 | HA23: 0 | HB23: 0 | HC23: 0 | HD23: 0 | HE23: 1 | HF23: 0 | HG23: 2 | HH23: 0 | HI23: 5 | HJ23: 0 | HK23: 0 | HL23: 0 | HM23: 0 | HN23: 0 | HO23: 0 | HP23: 0 | HQ23: 0 | HR23: 0 | HS23: 0 | HT23: 0 | HU23: 0 | HV23: 0 | HW23: 0 | HX23: 0 | HY23: 0 | HZ23: 0 | IA23: 0 | IB23: 0 | IC23: 0 | ID23: 0 | IE23: 0 | IF23: 0 | IG23: 0 | IH23: 0 | II23: 0 | IJ23: 0 | IK23: 0 | IL23: 0 | IM23: 0 | IN23: 0 | IO23: 0 | IP23: 0 | IQ23: 0 | IR23: 0 | IS23: 0 | IT23: 0 | IU23: 0 | IV23: 0 | IW23: 0 | IX23: 0 | IY23: 0 | IZ23: 0 | JA23: 0 | JB23: 0 | JC23: 0 | JD23: 0 | JE23: 0 | JF23: 0 | JG23: 0 | JH23: 0 | JI23: 0 | JJ23: 0 | JK23: 0 | JL23: 0 | JM23: 0 | JN23: 0 | JO23: 0 | JP23: 0 | JQ23: 0 | JR23: 0 | JS23: 0 | JT23: 0 | JU23: 0 | JV23: 0 | JW23: 9 | JX23: 1 | JY23: 10 | UG23: 0 | UH23: 0 | UI23: 0 | ABS23: 0 | ABT23: 0 | ABU23: 0 | ABW23: 0 | ABX23: 0 | ABY23: 0 | ABZ23: 0 | ACA23: 0 | ACB23: 0 | ACC23: 0 | ACD23: 0 | ACE23: 0 | ACF23: 0 | ACG23: 0 | ACH23: 0 | ACI23: 0 | ACJ23: 0 | ACK23: 0 | ACL23: 0 | ACM23: 0 | ACN23: 0 | ACO23: 0 | ACP23: 0 | ACQ23: 0 | ACR23: 0 | ACS23: 0 | ACT23: 0 | ACU23: 0 | ACV23: 0 | ACW23: 0 | ACX23: 0 | ACY23: 0 | ACZ23: 0 | ADA23: 0 | ADB23: 0 | ADC23: 0 | ADD23: 0 | ADE23: 0 | ADF23: 0 | ADG23: 0 | ADH23: 0 | ADI23: 0 | ADJ23: 0 | ADK23: 0 | ADL23: 0 | ADM23: 0 | ADN23: 0 | ADO23: 0 | ADP23: 0 | ADQ23: 0 | ADR23: 0 | ADS23: 0 | ADT23: 0 | ADU23: 0 | ADV23: 0 | ADW23: 0 | ADX23: 0 | ADY23: 0 | ADZ23: 0 | AEA23: 0 | AEB23: 0 | AEC23: 0 | AED23: 0 | AEE23: 0 | AEF23: 0 | AEG23: 0 | AEH23: 0 | AEI23: 0 | AEJ23: 0 | AEK23: 0 | AEL23: 0 | AEM23: 0 | AEN23: 0 | AEO23: 0 | AEP23: 0 | AEQ23: 0 | AER23: 0 | AES23: 0 | AET23: 0 | AEU23: 0 | AEV23: 0 | AEW23: 0 | AEX23: 0 | AEY23: 0 | AEZ23: 0 | AFA23: 0 | AFB23: 0 | AFC23: 0 | AFD23: 0 | AFE23: 0 | AFF23: 0 | AFG23: 0 | AFH23: 0 | AFI23: 0 | AFJ23: 0 | AFK23: 0 | AFL23: 0 | AFM23: 0 | AFN23: 0 | AFO23: 0 | AFP23: 0 | AFQ23: 0 | AFR23: 0 | AFS23: 0 | AFT23: 0 | AFU23: 0 | AFV23: 0 | AFW23: 0 | AFX23: 0 | AFY23: 0 | AFZ23: 0 | AGA23: 0 | AGB23: 0 | AGC23: 0 | AGD23: 0 | AGE23: 0 | AGF23: 0 | AGG23: 0 | AGH23: 0 | AGI23: 0 | AGJ23: 0 | AGK23: 0 | AGL23: 0 | AGM23: 0 | AGN23: 0 | AGO23: 0 | AGP23: 0 | AGQ23: 0 | AGR23: 0 | AGS23: 0 | AGT23: 0 | AGU23: 0 | AGV23: 0 | AGW23: 0 | AGX23: 0 | AGY23: 0 | AGZ23: 0 | AHA23: 0 | AHB23: 0 | AHC23: 0 | AHD23: 0 | AHE23: 0 | AHF23: 0 | AHG23: 0 | AHH23: 0 | AHI23: 0 | AHJ23: 0 | AHK23: 0 | AHL23: 0 | AHM23: 0 | AHN23: 0 | AHO23: 0 | AHP23: 0 | AHQ23: 0 | AHR23: 0 | AHS23: 0 | AHT23: 0 | AHU23: 0 | ANS23: 0 | ANT23: 0 | ANU23: 0 | AQU23: 0 | AQV23: 0 | AQW23: 0 | AQX23: 0 | AQY23: 0 | AQZ23: 0 | ARA23: 0
A24: 44723 | B24: Region XI | C24: Mati City | D24: Mati Central | E24: 205504 | F24: Rabat Rocamora Mati Central School SPED Center | G24: Don Mariano Marcos Avenue | I24: DAVAO ORIENTAL | J24: CITY OF MATI (Capital) | K24: 2nd District | L24: CENTRAL (POB.) | M24: Public | N24: DepED Managed | O24: No | P24: Purely ES | Q24: 0 | R24: 0 | S24: 0 | T24: 0 | U24: 0 | V24: 0 | W24: 0 | X24: 0 | Y24: 0 | Z24: 0 | AA24: 0 | AB24: 0 | AC24: 0 | AD24: 0 | AE24: 0 | AF24: 0 | AG24: 0 | AH24: 0 | AI24: 0 | AJ24: 0 | AK24: 0 | AL24: 0 | AM24: 0 | AN24: 0 | AO24: 0 | AP24: 0 | AQ24: 2 | AR24: 1 | AS24: 0 | AT24: 0 | AU24: 0 | AV24: 0 | AW24: 0 | AX24: 0 | AY24: 1 | AZ24: 2 | BA24: 1 | BB24: 2 | BC24: 0 | BD24: 4 | BE24: 1 | BF24: 2 | BG24: 0 | BH24: 0 | BI24: 0 | BJ24: 0 | BK24: 0 | BL24: 0 | BM24: 0 | BN24: 0 | BO24: 0 | BP24: 0 | BQ24: 0 | BR24: 0 | BS24: 1 | BT24: 0 | BU24: 0 | BV24: 0 | BW24: 3 | BX24: 1 | BY24: 1 | BZ24: 0 | CA24: 1 | CB24: 0 | CC24: 0 | CD24: 0 | CE24: 0 | CF24: 0 | CG24: 0 | CH24: 0 | CI24: 0 | CJ24: 0 | CK24: 0 | CL24: 0 | CM24: 0 | CN24: 0 | CO24: 0 | CP24: 0 | CQ24: 0 | CR24: 0 | CS24: 0 | CT24: 0 | CU24: 0 | CV24: 0 | CW24: 0 | CX24: 0 | CY24: 0 | CZ24: 0 | DA24: 0 | DB24: 0 | DC24: 0 | DD24: 0 | DE24: 0 | DF24: 0 | DG24: 0 | DH24: 0 | DI24: 0 | DJ24: 0 | DK24: 0 | DL24: 0 | DM24: 0 | DN24: 0 | DO24: 0 | DP24: 0 | DQ24: 0 | DR24: 0 | DS24: 0 | DT24: 0 | DU24: 0 | DV24: 0 | DW24: 0 | DX24: 0 | DY24: 0 | DZ24: 0 | EA24: 0 | EB24: 0 | EC24: 1 | ED24: 0 | EE24: 0 | EF24: 0 | EG24: 0 | EH24: 0 | EI24: 0 | EJ24: 0 | EK24: 0 | EL24: 0 | EM24: 0 | EN24: 0 | EO24: 0 | EP24: 0 | EQ24: 0 | ER24: 0 | ES24: 0 | ET24: 0 | EU24: 0 | EV24: 0 | EW24: 0 | EX24: 0 | EY24: 1 | EZ24: 0 | FA24: 0 | FB24: 0 | FC24: 1 | FD24: 0 | FE24: 0 | FF24: 0 | FG24: 0 | FH24: 0 | FI24: 0 | FJ24: 0 | FK24: 0 | FL24: 0 | FM24: 1 | FN24: 0 | FO24: 0 | FP24: 0 | FQ24: 0 | FR24: 0 | FS24: 0 | FT24: 0 | FU24: 0 | FV24: 1 | FW24: 2 | FX24: 0 | FY24: 0 | FZ24: 0 | GA24: 0 | GB24: 0 | GC24: 0 | GD24: 0 | GE24: 0 | GF24: 0 | GG24: 0 | GH24: 0 | GI24: 0 | GJ24: 0 | GK24: 0 | GL24: 0 | GM24: 0 | GN24: 0 | GO24: 0 | GP24: 0 | GQ24: 0 | GR24: 0 | GS24: 0 | GT24: 0 | GU24: 0 | GV24: 0 | GW24: 0 | GX24: 0 | GY24: 5 | GZ24: 4 | HA24: 4 | HB24: 3 | HC24: 10 | HD24: 10 | HE24: 0 | HF24: 0 | HG24: 0 | HH24: 0 | HI24: 2 | HJ24: 3 | HK24: 5 | HL24: 1 | HM24: 0 | HN24: 1 | HO24: 9 | HP24: 4 | HQ24: 3 | HR24: 0 | HS24: 0 | HT24: 0 | HU24: 0 | HV24: 0 | HW24: 0 | HX24: 0 | HY24: 1 | HZ24: 0 | IA24: 0 | IB24: 0 | IC24: 0 | ID24: 0 | IE24: 0 | IF24: 0 | IG24: 2 | IH24: 1 | II24: 1 | IJ24: 0 | IK24: 1 | IL24: 0 | IM24: 1 | IN24: 0 | IO24: 0 | IP24: 0 | IQ24: 0 | IR24: 0 | IS24: 0 | IT24: 0 | IU24: 0 | IV24: 0 | IW24: 0 | IX24: 0 | IY24: 0 | IZ24: 0 | JA24: 0 | JB24: 0 | JC24: 0 | JD24: 0 | JE24: 0 | JF24: 0 | JG24: 0 | JH24: 0 | JI24: 0 | JJ24: 0 | JK24: 0 | JL24: 0 | JM24: 0 | JN24: 0 | JO24: 0 | JP24: 0 | JQ24: 0 | JR24: 0 | JS24: 0 | JT24: 0 | JU24: 0 | JV24: 0 | JW24: 61 | JX24: 40 | JY24: 101 | KA24: 4 | KB24: 1 | KC24: 0 | KD24: 0 | KE24: 0 | KF24: 0 | KG24: 0 | KH24: 0 | KI24: 0 | KJ24: 0 | KK24: 0 | KL24: 0 | KM24: 1 | KN24: 0 | KO24: 0 | KP24: 0 | KQ24: 0 | KR24: 2 | KS24: 1 | KT24: 0 | KU24: 2 | KV24: 1 | KW24: 0 | KX24: 0 | KY24: 2 | KZ24: 1 | LA24: 0 | LB24: 0 | LC24: 0 | LD24: 0 | LE24: 1 | LF24: 0 | LG24: 1 | LH24: 0 | LI24: 1 | LJ24: 0 | LK24: 0 | LL24: 0 | LM24: 0 | LN24: 0 | LO24: 0 | LP24: 0 | LQ24: 0 | LR24: 2 | LS24: 1 | LT24: 1 | LU24: 2 | LV24: 1 | LW24: 0 | LX24: 1 | LY24: 1 | LZ24: 0 | MA24: 0 | MB24: 1 | MC24: 1 | MD24: 0 | ME24: 2 | MF24: 1 | MG24: 5 | MH24: 0 | MI24: 4 | MJ24: 1 | MK24: 4 | ML24: 0 | MM24: 1 | MN24: 0 | MO24: 1 | MP24: 0 | MQ24: 0 | MR24: 0 | MS24: 0 | MT24: 0 | MU24: 0 | MV24: 0 | MW24: 0 | MX24: 0 | MY24: 1 | MZ24: 0 | NA24: 0 | NB24: 0 | NC24: 0 | ND24: 0 | NE24: 0 | NF24: 0 | NG24: 0 | NH24: 0 | NI24: 0 | NJ24: 0 | NK24: 0 | NL24: 0 | NM24: 0 | NN24: 0 | NO24: 0 | NP24: 0 | NQ24: 0 | NR24: 0 | NS24: 0 | NT24: 0 | NU24: 0 | NV24: 0 | NW24: 0 | NX24: 0 | NY24: 1 | NZ24: 0 | OA24: 0 | OB24: 0 | OC24: 1 | OD24: 0 | OE24: 0 | OF24: 1 | OG24: 0 | OH24: 0 | OI24: 0 | OJ24: 1 | OK24: 0 | OL24: 0 | OM24: 1 | ON24: 0 | OO24: 0 | OP24: 0 | OQ24: 0 | OR24: 0 | OS24: 0 | OT24: 0 | OU24: 0 | OV24: 0 | OW24: 0 | OX24: 0 | OY24: 0 | OZ24: 0 | PA24: 1 | PB24: 0 | PC24: 0 | PD24: 0 | PE24: 0 | PF24: 0 | PG24: 0 | PH24: 0 | PI24: 0 | PJ24: 0 | PK24: 0 | PL24: 0 | PM24: 0 | PN24: 0 | PO24: 0 | PP24: 0 | PQ24: 0 | PR24: 0 | PS24: 0 | PT24: 0 | PU24: 0 | PV24: 0 | PW24: 0 | PX24: 0 | PY24: 0 | PZ24: 0 | QA24: 0 | QB24: 0 | QC24: 0 | QD24: 0 | QE24: 0 | QF24: 0 | QG24: 0 | QH24: 0 | QI24: 0 | QJ24: 0 | QK24: 0 | QL24: 0 | QM24: 1 | QN24: 0 | QO24: 1 | QP24: 1 | QQ24: 0 | QR24: 0 | QS24: 0 | QT24: 0 | QU24: 0 | QV24: 0 | QW24: 0 | QX24: 0 | QY24: 0 | QZ24: 0 | RA24: 0 | RB24: 0 | RC24: 1 | RD24: 0 | RE24: 1 | RF24: 2 | RG24: 0 | RH24: 1 | RI24: 1 | RJ24: 0 | RK24: 2 | RL24: 0 | RM24: 0 | RN24: 0 | RO24: 1 | RP24: 0 | RQ24: 5 | RR24: 1 | RS24: 2 | RT24: 2 | RU24: 2 | RV24: 2 | RW24: 1 | RX24: 0 | RY24: 1 | RZ24: 1 | SA24: 1 | SB24: 0 | SC24: 3 | SD24: 0 | SE24: 2 | SF24: 3 | SG24: 2 | SH24: 0 | SI24: 0 | SJ24: 0 | SK24: 1 | SL24: 0 | SM24: 0 | SN24: 0 | SO24: 0 | SP24: 0 | SQ24: 0 | SR24: 0 | SS24: 1 | ST24: 0 | SU24: 0 | SV24: 0 | SW24: 0 | SX24: 0 | SY24: 0 | SZ24: 0 | TA24: 0 | TB24: 0 | TC24: 0 | TD24: 0 | TE24: 0 | TF24: 0 | TG24: 0 | TH24: 0 | TI24: 0 | TJ24: 0 | TK24: 0 | TL24: 0 | TM24: 0 | TN24: 0 | TO24: 0 | TP24: 0 | TQ24: 0 | TR24: 0 | TS24: 0 | TT24: 0 | TU24: 0 | TV24: 1 | TW24: 0 | TX24: 0 | TY24: 0 | TZ24: 0 | UA24: 0 | UB24: 1 | UC24: 0 | UD24: 0 | UE24: 0 | UF24: 0 | UG24: 69 | UH24: 30 | UI24: 99 | UK24: 0 | UL24: 1 | UM24: 0 | UN24: 0 | UO24: 0 | UP24: 0 | UQ24: 0 | UR24: 0 | US24: 0 | UT24: 0 | UU24: 1 | UV24: 0 | UW24: 0 | UX24: 0 | UY24: 0 | UZ24: 0 | VA24: 0 | VB24: 0 | VC24: 0 | VD24: 0 | VE24: 0 | VF24: 0 | VG24: 0 | VH24: 0 | VI24: 0 | VJ24: 0 | VK24: 0 | VL24: 0 | VM24: 0 | VN24: 0 | VO24: 5 | VP24: 3 | VQ24: 2 | VR24: 0 | VS24: 8 | VT24: 10 | VU24: 0 | VV24: 1 | VW24: 0 | VX24: 0 | VY24: 13 | VZ24: 1 | WA24: 0 | WB24: 0 | WC24: 1 | WD24: 0 | WE24: 0 | WF24: 0 | WG24: 0 | WH24: 0 | WI24: 0 | WJ24: 0 | WK24: 0 | WL24: 0 | WM24: 0 | WN24: 0 | WO24: 0 | WP24: 0 | WQ24: 0 | WR24: 0 | WS24: 0 | WT24: 0 | WU24: 0 | WV24: 0 | WW24: 0 | WX24: 0 | WY24: 0 | WZ24: 0 | XA24: 0 | XB24: 0 | XC24: 0 | XD24: 1 | XE24: 0 | XF24: 0 | XG24: 0 | XH24: 0 | XI24: 0 | XJ24: 0 | XK24: 0 | XL24: 0 | XM24: 1 | XN24: 2 | XO24: 0 | XP24: 0 | XQ24: 0 | XR24: 0 | XS24: 0 | XT24: 0 | XU24: 0 | XV24: 0 | XW24: 0 | XX24: 0 | XY24: 0 | XZ24: 0 | YA24: 0 | YB24: 0 | YC24: 0 | YD24: 0 | YE24: 0 | YF24: 0 | YG24: 2 | YH24: 0 | YI24: 0 | YJ24: 0 | YK24: 0 | YL24: 0 | YM24: 0 | YN24: 0 | YO24: 0 | YP24: 0 | YQ24: 0 | YR24: 0 | YS24: 0 | YT24: 0 | YU24: 0 | YV24: 0 | YW24: 0 | YX24: 0 | YY24: 0 | YZ24: 0 | ZA24: 3 | ZB24: 0 | ZC24: 0 | ZD24: 0 | ZE24: 0 | ZF24: 0 | ZG24: 0 | ZH24: 0 | ZI24: 0 | ZJ24: 0 | ZK24: 0 | ZL24: 0 | ZM24: 0 | ZN24: 0 | ZO24: 0 | ZP24: 0 | ZQ24: 0 | ZR24: 0 | ZS24: 0 | ZT24: 1 | ZU24: 1 | ZV24: 4 | ZW24: 2 | ZX24: 0 | ZY24: 0 | ZZ24: 0 | AAA24: 0 | AAB24: 0 | AAC24: 1 | AAD24: 2 | AAE24: 3 | AAF24: 1 | AAG24: 2 | AAH24: 4 | AAI24: 0 | AAJ24: 0 | AAK24: 0 | AAL24: 0 | AAM24: 0 | AAN24: 0 | AAO24: 0 | AAP24: 0 | AAQ24: 0 | AAR24: 0 | AAS24: 0 | AAT24: 0 | AAU24: 0 | AAV24: 0 | AAW24: 0 | AAX24: 0 | AAY24: 0 | AAZ24: 0 | ABA24: 0 | ABB24: 0 | ABC24: 0 | ABD24: 0 | ABE24: 0 | ABF24: 0 | ABG24: 0 | ABH24: 0 | ABI24: 2 | ABJ24: 0 | ABK24: 0 | ABL24: 0 | ABM24: 0 | ABN24: 0 | ABO24: 0 | ABP24: 0 | ABQ24: 0 | ABR24: 0 | ABS24: 47 | ABT24: 31 | ABU24: 78 | ABW24: 0 | ABX24: 0 | ABY24: 0 | ABZ24: 0 | ACA24: 0 | ACB24: 0 | ACC24: 0 | ACD24: 0 | ACE24: 0 | ACF24: 0 | ACG24: 0 | ACH24: 0 | ACI24: 0 | ACJ24: 0 | ACK24: 0 | ACL24: 0 | ACM24: 0 | ACN24: 0 | ACO24: 0 | ACP24: 0 | ACQ24: 0 | ACR24: 0 | ACS24: 0 | ACT24: 0 | ACU24: 0 | ACV24: 0 | ACW24: 0 | ACX24: 0 | ACY24: 0 | ACZ24: 0 | ADA24: 0 | ADB24: 0 | ADC24: 0 | ADD24: 0 | ADE24: 0 | ADF24: 0 | ADG24: 0 | ADH24: 0 | ADI24: 0 | ADJ24: 0 | ADK24: 0 | ADL24: 0 | ADM24: 0 | ADN24: 0 | ADO24: 0 | ADP24: 0 | ADQ24: 0 | ADR24: 0 | ADS24: 0 | ADT24: 0 | ADU24: 0 | ADV24: 0 | ADW24: 0 | ADX24: 0 | ADY24: 0 | ADZ24: 0 | AEA24: 0 | AEB24: 0 | AEC24: 0 | AED24: 0 | AEE24: 0 | AEF24: 0 | AEG24: 0 | AEH24: 0 | AEI24: 0 | AEJ24: 0 | AEK24: 0 | AEL24: 0 | AEM24: 0 | AEN24: 0 | AEO24: 0 | AEP24: 0 | AEQ24: 0 | AER24: 0 | AES24: 0 | AET24: 0 | AEU24: 0 | AEV24: 0 | AEW24: 0 | AEX24: 0 | AEY24: 0 | AEZ24: 0 | AFA24: 0 | AFB24: 0 | AFC24: 0 | AFD24: 0 | AFE24: 0 | AFF24: 0 | AFG24: 0 | AFH24: 0 | AFI24: 0 | AFJ24: 0 | AFK24: 0 | AFL24: 0 | AFM24: 0 | AFN24: 0 | AFO24: 0 | AFP24: 0 | AFQ24: 0 | AFR24: 0 | AFS24: 0 | AFT24: 0 | AFU24: 0 | AFV24: 0 | AFW24: 0 | AFX24: 0 | AFY24: 0 | AFZ24: 0 | AGA24: 0 | AGB24: 0 | AGC24: 0 | AGD24: 0 | AGE24: 0 | AGF24: 0 | AGG24: 0 | AGH24: 0 | AGI24: 0 | AGJ24: 0 | AGK24: 0 | AGL24: 0 | AGM24: 0 | AGN24: 0 | AGO24: 0 | AGP24: 0 | AGQ24: 0 | AGR24: 0 | AGS24: 0 | AGT24: 0 | AGU24: 0 | AGV24: 0 | AGW24: 0 | AGX24: 0 | AGY24: 0 | AGZ24: 0 | AHA24: 0 | AHB24: 0 | AHC24: 0 | AHD24: 0 | AHE24: 0 | AHF24: 0 | AHG24: 0 | AHH24: 0 | AHI24: 0 | AHJ24: 0 | AHK24: 0 | AHL24: 0 | AHM24: 0 | AHN24: 0 | AHO24: 0 | AHP24: 0 | AHQ24: 0 | AHR24: 0 | AHS24: 0 | AHT24: 0 | AHU24: 0 | AHW24: 0 | AHX24: 0 | AHY24: 0 | AHZ24: 0 | AIA24: 0 | AIB24: 0 | AIC24: 0 | AID24: 0 | AIE24: 0 | AIF24: 0 | AIG24: 0 | AIH24: 0 | AII24: 0 | AIJ24: 0 | AIK24: 0 | AIL24: 0 | AIM24: 0 | AIN24: 0 | AIO24: 0 | AIP24: 0 | AIQ24: 0 | AIR24: 0 | AIS24: 0 | AIT24: 0 | AIU24: 0 | AIV24: 0 | AIW24: 0 | AIX24: 0 | AIY24: 0 | AIZ24: 0 | AJA24: 0 | AJB24: 0 | AJC24: 0 | AJD24: 0 | AJE24: 0 | AJF24: 0 | AJG24: 0 | AJH24: 0 | AJI24: 0 | AJJ24: 0 | AJK24: 0 | AJL24: 0 | AJM24: 0 | AJN24: 0 | AJO24: 0 | AJP24: 0 | AJQ24: 0 | AJR24: 0 | AJS24: 0 | AJT24: 0 | AJU24: 0 | AJV24: 0 | AJW24: 0 | AJX24: 0 | AJY24: 0 | AJZ24: 0 | AKA24: 0 | AKB24: 0 | AKC24: 0 | AKD24: 0 | AKE24: 0 | AKF24: 0 | AKG24: 0 | AKH24: 0 | AKI24: 0 | AKJ24: 0 | AKK24: 0 | AKL24: 0 | AKM24: 0 | AKN24: 0 | AKO24: 0 | AKP24: 0 | AKQ24: 0 | AKR24: 0 | AKS24: 0 | AKT24: 0 | AKU24: 0 | AKV24: 0 | AKW24: 0 | AKX24: 0 | AKY24: 0 | AKZ24: 0 | ALA24: 0 | ALB24: 0 | ALC24: 0 | ALD24: 0 | ALE24: 0 | ALF24: 0 | ALG24: 0 | ALH24: 0 | ALI24: 0 | ALJ24: 0 | ALK24: 0 | ALL24: 0 | ALM24: 0 | ALN24: 0 | ALO24: 0 | ALP24: 0 | ALQ24: 0 | ALR24: 0 | ALS24: 0 | ALT24: 0 | ALU24: 0 | ALV24: 0 | ALW24: 0 | ALX24: 0 | ALY24: 0 | ALZ24: 0 | AMA24: 0 | AMB24: 0 | AMC24: 0 | AMD24: 0 | AME24: 0 | AMF24: 0 | AMG24: 0 | AMH24: 0 | AMI24: 0 | AMJ24: 0 | AMK24: 0 | AML24: 0 | AMM24: 0 | AMN24: 0 | AMO24: 0 | AMP24: 0 | AMQ24: 0 | AMR24: 0 | AMS24: 0 | AMT24: 0 | AMU24: 0 | AMV24: 0 | AMW24: 0 | AMX24: 0 | AMY24: 0 | AMZ24: 0 | ANA24: 0 | ANB24: 0 | ANC24: 0 | AND24: 0 | ANE24: 0 | ANF24: 0 | ANG24: 0 | ANH24: 0 | ANI24: 0 | ANJ24: 0 | ANK24: 0 | ANL24: 0 | ANM24: 0 | ANN24: 0 | ANO24: 0 | ANP24: 0 | ANQ24: 0 | ANR24: 0 | ANS24: 0 | ANT24: 0 | ANU24: 0 | AQU24: 0 | AQV24: 0 | AQW24: 0 | AQX24: 0 | AQY24: 0 | AQZ24: 0 | ARA24: 0
A25: 44724 | B25: Region XI | C25: Mati City | D25: Mati Central | E25: 304325 | F25: Mati National Comprehensive High School | G25: Mangga | I25: DAVAO ORIENTAL | J25: CITY OF MATI (Capital) | K25: 2nd District | L25: SAINZ | M25: Public | N25: DepED Managed | O25: No | P25: JHS with SHS | JW25: 0 | JX25: 0 | JY25: 0 | UG25: 0 | UH25: 0 | UI25: 0 | ABS25: 0 | ABT25: 0 | ABU25: 0 | ABW25: 0 | ABX25: 0 | ABY25: 0 | ABZ25: 0 | ACA25: 0 | ACB25: 0 | ACC25: 1 | ACD25: 0 | ACE25: 2 | ACF25: 2 | ACG25: 2 | ACH25: 0 | ACI25: 1 | ACJ25: 3 | ACK25: 0 | ACL25: 0 | ACM25: 0 | ACN25: 0 | ACO25: 0 | ACP25: 1 | ACQ25: 2 | ACR25: 0 | ACS25: 0 | ACT25: 0 | ACU25: 1 | ACV25: 1 | ACW25: 2 | ACX25: 0 | ACY25: 3 | ACZ25: 0 | ADA25: 0 | ADB25: 0 | ADC25: 0 | ADD25: 0 | ADE25: 0 | ADF25: 0 | ADG25: 0 | ADH25: 0 | ADI25: 0 | ADJ25: 0 | ADK25: 0 | ADL25: 0 | ADM25: 1 | ADN25: 0 | ADO25: 0 | ADP25: 0 | ADQ25: 0 | ADR25: 0 | ADS25: 1 | ADT25: 0 | ADU25: 0 | ADV25: 0 | ADW25: 0 | ADX25: 0 | ADY25: 0 | ADZ25: 0 | AEA25: 0 | AEB25: 0 | AEC25: 0 | AED25: 0 | AEE25: 0 | AEF25: 0 | AEG25: 0 | AEH25: 0 | AEI25: 0 | AEJ25: 0 | AEK25: 0 | AEL25: 0 | AEM25: 0 | AEN25: 0 | AEO25: 0 | AEP25: 0 | AEQ25: 0 | AER25: 0 | AES25: 2 | AET25: 1 | AEU25: 0 | AEV25: 1 | AEW25: 0 | AEX25: 1 | AEY25: 0 | AEZ25: 0 | AFA25: 0 | AFB25: 0 | AFC25: 0 | AFD25: 0 | AFE25: 0 | AFF25: 0 | AFG25: 1 | AFH25: 1 | AFI25: 1 | AFJ25: 0 | AFK25: 0 | AFL25: 2 | AFM25: 0 | AFN25: 1 | AFO25: 1 | AFP25: 0 | AFQ25: 0 | AFR25: 0 | AFS25: 0 | AFT25: 0 | AFU25: 0 | AFV25: 0 | AFW25: 10 | AFX25: 4 | AFY25: 8 | AFZ25: 5 | AGA25: 0 | AGB25: 1 | AGC25: 1 | AGD25: 1 | AGE25: 9 | AGF25: 4 | AGG25: 6 | AGH25: 0 | AGI25: 2 | AGJ25: 0 | AGK25: 0 | AGL25: 1 | AGM25: 0 | AGN25: 1 | AGO25: 1 | AGP25: 0 | AGQ25: 0 | AGR25: 0 | AGS25: 0 | AGT25: 0 | AGU25: 1 | AGV25: 0 | AGW25: 0 | AGX25: 0 | AGY25: 0 | AGZ25: 1 | AHA25: 0 | AHB25: 1 | AHC25: 0 | AHD25: 0 | AHE25: 0 | AHF25: 0 | AHG25: 0 | AHH25: 0 | AHI25: 0 | AHJ25: 0 | AHK25: 0 | AHL25: 1 | AHM25: 0 | AHN25: 0 | AHO25: 0 | AHP25: 0 | AHQ25: 0 | AHR25: 1 | AHS25: 59 | AHT25: 35 | AHU25: 94 | ANS25: 0 | ANT25: 0 | ANU25: 0 | ANW25: 0 | ANX25: 0 | ANY25: 0 | ANZ25: 0 | AOA25: 0 | AOB25: 0 | AOC25: 0 | AOD25: 0 | AOE25: 0 | AOF25: 0 | AOG25: 0 | AOH25: 0 | AOI25: 0 | AOJ25: 0 | AOK25: 0 | AOL25: 0 | AOM25: 0 | AON25: 0 | AOO25: 0 | AOP25: 0 | AOQ25: 0 | AOR25: 0 | AOS25: 0 | AOT25: 0 | AOU25: 0 | AOV25: 0 | AOW25: 1 | AOX25: 0 | AOY25: 0 | AOZ25: 0 | APA25: 0 | APB25: 0 | APC25: 0 | APD25: 0 | APE25: 0 | APF25: 0 | APG25: 0 | APH25: 0 | API25: 0 | APJ25: 0 | APK25: 0 | APL25: 0 | APM25: 0 | APN25: 0 | APO25: 0 | APP25: 0 | APQ25: 0 | APR25: 0 | APS25: 0 | APT25: 0 | APU25: 0 | APV25: 0 | APW25: 0 | APX25: 0 | APY25: 0 | APZ25: 0 | AQA25: 0 | AQB25: 0 | AQC25: 0 | AQD25: 0 | AQE25: 0 | AQF25: 0 | AQG25: 0 | AQH25: 0 | AQI25: 0 | AQJ25: 0 | AQK25: 0 | AQL25: 0 | AQM25: 0 | AQN25: 0 | AQO25: 0 | AQP25: 0 | AQQ25: 0 | AQR25: 0 | AQS25: 0 | AQT25: 0 | AQU25: 0 | AQV25: 0 | AQW25: 1 | AQX25: 0 | AQY25: 1 | AQZ25: 0 | ARA25: 1
A26: 44725 | B26: Region XI | C26: Mati City | D26: Mati Central | E26: 304326 | F26: MATI SCHOOL OF ARTS & TRADES | G26: Garcia Avenue | I26: DAVAO ORIENTAL | J26: CITY OF MATI (Capital) | K26: 2nd District | L26: SAINZ | M26: Public | N26: DepED Managed | O26: Yes | P26: JHS with SHS | JW26: 0 | JX26: 0 | JY26: 0 | UG26: 0 | UH26: 0 | UI26: 0 | ABS26: 0 | ABT26: 0 | ABU26: 0 | ABW26: 0 | ABX26: 0 | ABY26: 0 | ABZ26: 0 | ACA26: 0 | ACB26: 0 | ACC26: 0 | ACD26: 0 | ACE26: 0 | ACF26: 0 | ACG26: 0 | ACH26: 0 | ACI26: 0 | ACJ26: 0 | ACK26: 0 | ACL26: 0 | ACM26: 1 | ACN26: 1 | ACO26: 0 | ACP26: 0 | ACQ26: 0 | ACR26: 0 | ACS26: 0 | ACT26: 0 | ACU26: 0 | ACV26: 0 | ACW26: 0 | ACX26: 0 | ACY26: 0 | ACZ26: 0 | ADA26: 0 | ADB26: 0 | ADC26: 0 | ADD26: 0 | ADE26: 1 | ADF26: 0 | ADG26: 0 | ADH26: 0 | ADI26: 0 | ADJ26: 0 | ADK26: 0 | ADL26: 0 | ADM26: 0 | ADN26: 0 | ADO26: 0 | ADP26: 0 | ADQ26: 0 | ADR26: 0 | ADS26: 0 | ADT26: 0 | ADU26: 0 | ADV26: 0 | ADW26: 0 | ADX26: 0 | ADY26: 0 | ADZ26: 0 | AEA26: 0 | AEB26: 0 | AEC26: 0 | AED26: 0 | AEE26: 0 | AEF26: 0 | AEG26: 0 | AEH26: 0 | AEI26: 0 | AEJ26: 0 | AEK26: 0 | AEL26: 0 | AEM26: 0 | AEN26: 0 | AEO26: 0 | AEP26: 0 | AEQ26: 0 | AER26: 0 | AES26: 0 | AET26: 0 | AEU26: 0 | AEV26: 0 | AEW26: 0 | AEX26: 0 | AEY26: 0 | AEZ26: 0 | AFA26: 0 | AFB26: 0 | AFC26: 0 | AFD26: 0 | AFE26: 0 | AFF26: 0 | AFG26: 0 | AFH26: 0 | AFI26: 1 | AFJ26: 0 | AFK26: 0 | AFL26: 0 | AFM26: 0 | AFN26: 0 | AFO26: 0 | AFP26: 0 | AFQ26: 1 | AFR26: 0 | AFS26: 0 | AFT26: 0 | AFU26: 0 | AFV26: 0 | AFW26: 1 | AFX26: 2 | AFY26: 1 | AFZ26: 1 | AGA26: 0 | AGB26: 0 | AGC26: 0 | AGD26: 0 | AGE26: 9 | AGF26: 2 | AGG26: 5 | AGH26: 0 | AGI26: 0 | AGJ26: 0 | AGK26: 0 | AGL26: 0 | AGM26: 0 | AGN26: 0 | AGO26: 0 | AGP26: 0 | AGQ26: 0 | AGR26: 0 | AGS26: 0 | AGT26: 0 | AGU26: 0 | AGV26: 0 | AGW26: 0 | AGX26: 0 | AGY26: 0 | AGZ26: 0 | AHA26: 0 | AHB26: 0 | AHC26: 0 | AHD26: 0 | AHE26: 0 | AHF26: 0 | AHG26: 0 | AHH26: 0 | AHI26: 0 | AHJ26: 0 | AHK26: 0 | AHL26: 0 | AHM26: 0 | AHN26: 0 | AHO26: 0 | AHP26: 0 | AHQ26: 0 | AHR26: 0 | AHS26: 20 | AHT26: 6 | AHU26: 26 | ANS26: 0 | ANT26: 0 | ANU26: 0 | ANW26: 0 | ANX26: 0 | ANY26: 0 | ANZ26: 0 | AOA26: 0 | AOB26: 0 | AOC26: 0 | AOD26: 0 | AOE26: 0 | AOF26: 0 | AOG26: 0 | AOH26: 0 | AOI26: 0 | AOJ26: 0 | AOK26: 0 | AOL26: 0 | AOM26: 0 | AON26: 0 | AOO26: 0 | AOP26: 0 | AOQ26: 0 | AOR26: 0 | AOS26: 0 | AOT26: 0 | AOU26: 0 | AOV26: 0 | AOW26: 0 | AOX26: 0 | AOY26: 0 | AOZ26: 0 | APA26: 0 | APB26: 0 | APC26: 0 | APD26: 0 | APE26: 0 | APF26: 0 | APG26: 0 | APH26: 0 | API26: 0 | APJ26: 0 | APK26: 0 | APL26: 0 | APM26: 0 | APN26: 0 | APO26: 0 | APP26: 0 | APQ26: 0 | APR26: 0 | APS26: 0 | APT26: 0 | APU26: 0 | APV26: 0 | APW26: 0 | APX26: 0 | APY26: 0 | APZ26: 0 | AQA26: 0 | AQB26: 0 | AQC26: 0 | AQD26: 0 | AQE26: 0 | AQF26: 0 | AQG26: 0 | AQH26: 0 | AQI26: 0 | AQJ26: 0 | AQK26: 0 | AQL26: 0 | AQM26: 0 | AQN26: 0 | AQO26: 0 | AQP26: 0 | AQQ26: 0 | AQR26: 0 | AQS26: 0 | AQT26: 0 | AQU26: 0 | AQV26: 0 | AQW26: 0 | AQX26: 0 | AQY26: 0 | AQZ26: 0 | ARA26: 0
A27: 44726 | B27: Region XI | C27: Mati City | D27: Mati Central | E27: 325104 | F27: Badas NHS | G27: Camansi | I27: DAVAO ORIENTAL | J27: CITY OF MATI (Capital) | K27: 2nd District | L27: BADAS | M27: Public | N27: DepED Managed | O27: No | P27: JHS with SHS | JW27: 0 | JX27: 0 | JY27: 0 | UG27: 0 | UH27: 0 | UI27: 0 | ABS27: 0 | ABT27: 0 | ABU27: 0 | ABW27: 0 | ABX27: 0 | ABY27: 0 | ABZ27: 0 | ACA27: 0 | ACB27: 0 | ACC27: 0 | ACD27: 1 | ACE27: 0 | ACF27: 0 | ACG27: 0 | ACH27: 0 | ACI27: 0 | ACJ27: 0 | ACK27: 0 | ACL27: 0 | ACM27: 0 | ACN27: 0 | ACO27: 0 | ACP27: 0 | ACQ27: 0 | ACR27: 0 | ACS27: 0 | ACT27: 0 | ACU27: 0 | ACV27: 0 | ACW27: 0 | ACX27: 0 | ACY27: 0 | ACZ27: 0 | ADA27: 0 | ADB27: 0 | ADC27: 0 | ADD27: 0 | ADE27: 0 | ADF27: 0 | ADG27: 0 | ADH27: 0 | ADI27: 0 | ADJ27: 0 | ADK27: 0 | ADL27: 0 | ADM27: 0 | ADN27: 0 | ADO27: 0 | ADP27: 0 | ADQ27: 0 | ADR27: 0 | ADS27: 0 | ADT27: 0 | ADU27: 0 | ADV27: 0 | ADW27: 0 | ADX27: 0 | ADY27: 0 | ADZ27: 0 | AEA27: 0 | AEB27: 0 | AEC27: 0 | AED27: 0 | AEE27: 1 | AEF27: 0 | AEG27: 0 | AEH27: 0 | AEI27: 0 | AEJ27: 0 | AEK27: 0 | AEL27: 0 | AEM27: 0 | AEN27: 0 | AEO27: 0 | AEP27: 0 | AEQ27: 0 | AER27: 0 | AES27: 0 | AET27: 0 | AEU27: 0 | AEV27: 0 | AEW27: 0 | AEX27: 0 | AEY27: 0 | AEZ27: 0 | AFA27: 0 | AFB27: 0 | AFC27: 0 | AFD27: 0 | AFE27: 0 | AFF27: 0 | AFG27: 0 | AFH27: 0 | AFI27: 0 | AFJ27: 0 | AFK27: 1 | AFL27: 0 | AFM27: 2 | AFN27: 1 | AFO27: 0 | AFP27: 0 | AFQ27: 0 | AFR27: 0 | AFS27: 0 | AFT27: 0 | AFU27: 0 | AFV27: 0 | AFW27: 0 | AFX27: 2 | AFY27: 0 | AFZ27: 1 | AGA27: 0 | AGB27: 1 | AGC27: 1 | AGD27: 1 | AGE27: 0 | AGF27: 0 | AGG27: 1 | AGH27: 0 | AGI27: 1 | AGJ27: 1 | AGK27: 10 | AGL27: 13 | AGM27: 0 | AGN27: 0 | AGO27: 0 | AGP27: 0 | AGQ27: 0 | AGR27: 1 | AGS27: 0 | AGT27: 0 | AGU27: 0 | AGV27: 0 | AGW27: 0 | AGX27: 0 | AGY27: 0 | AGZ27: 0 | AHA27: 1 | AHB27: 0 | AHC27: 0 | AHD27: 0 | AHE27: 0 | AHF27: 0 | AHG27: 0 | AHH27: 0 | AHI27: 0 | AHJ27: 0 | AHK27: 0 | AHL27: 0 | AHM27: 0 | AHN27: 0 | AHO27: 2 | AHP27: 0 | AHQ27: 1 | AHR27: 0 | AHS27: 21 | AHT27: 22 | AHU27: 43 | ANS27: 0 | ANT27: 0 | ANU27: 0 | ANW27: 0 | ANX27: 0 | ANY27: 0 | ANZ27: 0 | AOA27: 0 | AOB27: 0 | AOC27: 0 | AOD27: 0 | AOE27: 0 | AOF27: 0 | AOG27: 0 | AOH27: 0 | AOI27: 0 | AOJ27: 0 | AOK27: 0 | AOL27: 0 | AOM27: 0 | AON27: 0 | AOO27: 0 | AOP27: 0 | AOQ27: 0 | AOR27: 0 | AOS27: 0 | AOT27: 0 | AOU27: 0 | AOV27: 0 | AOW27: 0 | AOX27: 0 | AOY27: 0 | AOZ27: 0 | APA27: 0 | APB27: 0 | APC27: 0 | APD27: 0 | APE27: 0 | APF27: 0 | APG27: 0 | APH27: 0 | API27: 0 | APJ27: 0 | APK27: 0 | APL27: 0 | APM27: 0 | APN27: 0 | APO27: 0 | APP27: 0 | APQ27: 0 | APR27: 0 | APS27: 0 | APT27: 0 | APU27: 0 | APV27: 0 | APW27: 8 | APX27: 5 | APY27: 0 | APZ27: 0 | AQA27: 1 | AQB27: 1 | AQC27: 0 | AQD27: 0 | AQE27: 0 | AQF27: 0 | AQG27: 0 | AQH27: 0 | AQI27: 0 | AQJ27: 0 | AQK27: 0 | AQL27: 0 | AQM27: 0 | AQN27: 0 | AQO27: 0 | AQP27: 0 | AQQ27: 0 | AQR27: 0 | AQS27: 0 | AQT27: 0 | AQU27: 9 | AQV27: 6 | AQW27: 0 | AQX27: 0 | AQY27: 9 | AQZ27: 6 | ARA27: 15
A28: 44735 | B28: Region XI | C28: Mati City | D28: Mati Central | E28: 500454 | F28: Licop Integrated School | G28: Sitio Licop | I28: DAVAO ORIENTAL | J28: CITY OF MATI (Capital) | K28: 2nd District | L28: SAINZ | M28: Public | N28: DepED Managed | O28: No | P28: All Offering (K to 12) | Q28: 0 | R28: 0 | S28: 0 | T28: 0 | U28: 0 | V28: 0 | W28: 0 | X28: 0 | Y28: 0 | Z28: 0 | AA28: 0 | AB28: 0 | AC28: 0 | AD28: 0 | AE28: 0 | AF28: 0 | AG28: 0 | AH28: 0 | AI28: 0 | AJ28: 0 | AK28: 0 | AL28: 0 | AM28: 0 | AN28: 0 | AO28: 0 | AP28: 0 | AQ28: 0 | AR28: 0 | AS28: 0 | AT28: 0 | AU28: 0 | AV28: 0 | AW28: 0 | AX28: 0 | AY28: 0 | AZ28: 0 | BA28: 0 | BB28: 0 | BC28: 0 | BD28: 0 | BE28: 0 | BF28: 0 | BG28: 0 | BH28: 0 | BI28: 0 | BJ28: 0 | BK28: 0 | BL28: 0 | BM28: 0 | BN28: 1 | BO28: 0 | BP28: 0 | BQ28: 0 | BR28: 0 | BS28: 0 | BT28: 0 | BU28: 0 | BV28: 0 | BW28: 0 | BX28: 0 | BY28: 0 | BZ28: 0 | CA28: 0 | CB28: 0 | CC28: 0 | CD28: 0 | CE28: 0 | CF28: 0 | CG28: 0 | CH28: 0 | CI28: 0 | CJ28: 0 | CK28: 0 | CL28: 0 | CM28: 0 | CN28: 0 | CO28: 0 | CP28: 0 | CQ28: 0 | CR28: 0 | CS28: 1 | CT28: 0 | CU28: 0 | CV28: 0 | CW28: 0 | CX28: 0 | CY28: 0 | CZ28: 0 | DA28: 0 | DB28: 0 | DC28: 0 | DD28: 0 | DE28: 0 | DF28: 0 | DG28: 0 | DH28: 0 | DI28: 0 | DJ28: 0 | DK28: 0 | DL28: 0 | DM28: 0 | DN28: 0 | DO28: 0 | DP28: 0 | DQ28: 0 | DR28: 0 | DS28: 0 | DT28: 0 | DU28: 0 | DV28: 0 | DW28: 0 | DX28: 0 | DY28: 0 | DZ28: 0 | EA28: 0 | EB28: 0 | EC28: 0 | ED28: 0 | EE28: 0 | EF28: 0 | EG28: 0 | EH28: 0 | EI28: 0 | EJ28: 0 | EK28: 0 | EL28: 0 | EM28: 0 | EN28: 0 | EO28: 0 | EP28: 0 | EQ28: 0 | ER28: 0 | ES28: 0 | ET28: 0 | EU28: 0 | EV28: 0 | EW28: 0 | EX28: 0 | EY28: 0 | EZ28: 0 | FA28: 0 | FB28: 0 | FC28: 0 | FD28: 0 | FE28: 0 | FF28: 0 | FG28: 0 | FH28: 0 | FI28: 0 | FJ28: 0 | FK28: 0 | FL28: 0 | FM28: 0 | FN28: 0 | FO28: 0 | FP28: 0 | FQ28: 0 | FR28: 0 | FS28: 0 | FT28: 0 | FU28: 0 | FV28: 0 | FW28: 0 | FX28: 0 | FY28: 0 | FZ28: 0 | GA28: 0 | GB28: 0 | GC28: 0 | GD28: 0 | GE28: 0 | GF28: 0 | GG28: 0 | GH28: 0 | GI28: 0 | GJ28: 0 | GK28: 0 | GL28: 0 | GM28: 0 | GN28: 0 | GO28: 0 | GP28: 0 | GQ28: 0 | GR28: 0 | GS28: 0 | GT28: 0 | GU28: 0 | GV28: 0 | GW28: 0 | GX28: 0 | GY28: 0 | GZ28: 0 | HA28: 0 | HB28: 0 | HC28: 1 | HD28: 0 | HE28: 3 | HF28: 3 | HG28: 3 | HH28: 3 | HI28: 2 | HJ28: 0 | HK28: 1 | HL28: 0 | HM28: 9 | HN28: 1 | HO28: 2 | HP28: 0 | HQ28: 3 | HR28: 2 | HS28: 0 | HT28: 0 | HU28: 0 | HV28: 0 | HW28: 0 | HX28: 0 | HY28: 0 | HZ28: 0 | IA28: 1 | IB28: 0 | IC28: 0 | ID28: 0 | IE28: 0 | IF28: 0 | IG28: 0 | IH28: 0 | II28: 0 | IJ28: 0 | IK28: 0 | IL28: 0 | IM28: 0 | IN28: 0 | IO28: 0 | IP28: 0 | IQ28: 0 | IR28: 0 | IS28: 0 | IT28: 0 | IU28: 0 | IV28: 0 | IW28: 0 | IX28: 0 | IY28: 0 | IZ28: 0 | JA28: 0 | JB28: 0 | JC28: 0 | JD28: 0 | JE28: 0 | JF28: 0 | JG28: 0 | JH28: 0 | JI28: 0 | JJ28: 0 | JK28: 0 | JL28: 0 | JM28: 1 | JN28: 1 | JO28: 1 | JP28: 0 | JQ28: 0 | JR28: 0 | JS28: 0 | JT28: 0 | JU28: 0 | JV28: 0 | JW28: 28 | JX28: 11 | JY28: 39 | UG28: 0 | UH28: 0 | UI28: 0 | ABS28: 0 | ABT28: 0 | ABU28: 0 | ABW28: 0 | ABX28: 0 | ABY28: 0 | ABZ28: 0 | ACA28: 0 | ACB28: 0 | ACC28: 0 | ACD28: 0 | ACE28: 0 | ACF28: 0 | ACG28: 0 | ACH28: 0 | ACI28: 0 | ACJ28: 0 | ACK28: 0 | ACL28: 0 | ACM28: 0 | ACN28: 0 | ACO28: 0 | ACP28: 0 | ACQ28: 0 | ACR28: 0 | ACS28: 0 | ACT28: 0 | ACU28: 0 | ACV28: 0 | ACW28: 0 | ACX28: 0 | ACY28: 0 | ACZ28: 0 | ADA28: 0 | ADB28: 0 | ADC28: 0 | ADD28: 0 | ADE28: 0 | ADF28: 0 | ADG28: 0 | ADH28: 0 | ADI28: 0 | ADJ28: 0 | ADK28: 0 | ADL28: 0 | ADM28: 0 | ADN28: 0 | ADO28: 0 | ADP28: 0 | ADQ28: 0 | ADR28: 0 | ADS28: 0 | ADT28: 0 | ADU28: 0 | ADV28: 0 | ADW28: 0 | ADX28: 0 | ADY28: 0 | ADZ28: 0 | AEA28: 0 | AEB28: 0 | AEC28: 0 | AED28: 0 | AEE28: 0 | AEF28: 0 | AEG28: 0 | AEH28: 0 | AEI28: 0 | AEJ28: 0 | AEK28: 0 | AEL28: 0 | AEM28: 0 | AEN28: 0 | AEO28: 0 | AEP28: 0 | AEQ28: 0 | AER28: 0 | AES28: 0 | AET28: 0 | AEU28: 0 | AEV28: 0 | AEW28: 0 | AEX28: 0 | AEY28: 0 | AEZ28: 0 | AFA28: 0 | AFB28: 0 | AFC28: 0 | AFD28: 0 | AFE28: 0 | AFF28: 0 | AFG28: 0 | AFH28: 0 | AFI28: 0 | AFJ28: 0 | AFK28: 0 | AFL28: 0 | AFM28: 0 | AFN28: 0 | AFO28: 0 | AFP28: 0 | AFQ28: 0 | AFR28: 0 | AFS28: 0 | AFT28: 0 | AFU28: 0 | AFV28: 0 | AFW28: 0 | AFX28: 0 | AFY28: 0 | AFZ28: 0 | AGA28: 0 | AGB28: 0 | AGC28: 0 | AGD28: 0 | AGE28: 0 | AGF28: 0 | AGG28: 0 | AGH28: 0 | AGI28: 0 | AGJ28: 0 | AGK28: 0 | AGL28: 0 | AGM28: 0 | AGN28: 0 | AGO28: 0 | AGP28: 0 | AGQ28: 0 | AGR28: 0 | AGS28: 0 | AGT28: 0 | AGU28: 0 | AGV28: 0 | AGW28: 0 | AGX28: 0 | AGY28: 0 | AGZ28: 0 | AHA28: 0 | AHB28: 0 | AHC28: 0 | AHD28: 0 | AHE28: 0 | AHF28: 0 | AHG28: 0 | AHH28: 0 | AHI28: 0 | AHJ28: 0 | AHK28: 0 | AHL28: 0 | AHM28: 0 | AHN28: 0 | AHO28: 0 | AHP28: 0 | AHQ28: 0 | AHR28: 0 | AHS28: 0 | AHT28: 0 | AHU28: 0 | ANS28: 0 | ANT28: 0 | ANU28: 0 | ANW28: 0 | ANX28: 0 | ANY28: 0 | ANZ28: 0 | AOA28: 0 | AOB28: 0 | AOC28: 0 | AOD28: 0 | AOE28: 0 | AOF28: 0 | AOG28: 0 | AOH28: 0 | AOI28: 0 | AOJ28: 0 | AOK28: 0 | AOL28: 0 | AOM28: 0 | AON28: 0 | AOO28: 0 | AOP28: 0 | AOQ28: 0 | AOR28: 0 | AOS28: 0 | AOT28: 0 | AOU28: 0 | AOV28: 0 | AOW28: 0 | AOX28: 0 | AOY28: 0 | AOZ28: 0 | APA28: 0 | APB28: 0 | APC28: 0 | APD28: 0 | APE28: 0 | APF28: 0 | APG28: 0 | APH28: 0 | API28: 0 | APJ28: 0 | APK28: 0 | APL28: 0 | APM28: 0 | APN28: 0 | APO28: 0 | APP28: 0 | APQ28: 0 | APR28: 0 | APS28: 0 | APT28: 0 | APU28: 0 | APV28: 0 | APW28: 0 | APX28: 0 | APY28: 0 | APZ28: 0 | AQA28: 0 | AQB28: 0 | AQC28: 0 | AQD28: 0 | AQE28: 0 | AQF28: 0 | AQG28: 0 | AQH28: 0 | AQI28: 0 | AQJ28: 0 | AQK28: 0 | AQL28: 0 | AQM28: 0 | AQN28: 0 | AQO28: 0 | AQP28: 0 | AQQ28: 0 | AQR28: 0 | AQS28: 0 | AQT28: 0 | AQU28: 0 | AQV28: 0 | AQW28: 0 | AQX28: 0 | AQY28: 0 | AQZ28: 0 | ARA28: 0
A29: 44736 | B29: Region XI | C29: Mati City | D29: Mati Central | E29: 501424 | F29: Culian Integrated School | G29: Brgy. Culian, Mati City | I29: DAVAO ORIENTAL | J29: CITY OF MATI (Capital) | K29: 2nd District | L29: CULIAN | M29: Public | N29: DepED Managed | O29: No | P29: All Offering (K to 12) | Q29: 0 | R29: 0 | S29: 0 | T29: 0 | U29: 0 | V29: 0 | W29: 0 | X29: 0 | Y29: 0 | Z29: 0 | AA29: 0 | AB29: 0 | AC29: 0 | AD29: 0 | AE29: 0 | AF29: 0 | AG29: 0 | AH29: 0 | AI29: 0 | AJ29: 0 | AK29: 0 | AL29: 0 | AM29: 0 | AN29: 0 | AO29: 0 | AP29: 0 | AQ29: 0 | AR29: 0 | AS29: 0 | AT29: 0 | AU29: 0 | AV29: 0 | AW29: 0 | AX29: 0 | AY29: 0 | AZ29: 0 | BA29: 0 | BB29: 0 | BC29: 0 | BD29: 0 | BE29: 0 | BF29: 0 | BG29: 0 | BH29: 0 | BI29: 0 | BJ29: 0 | BK29: 0 | BL29: 0 | BM29: 0 | BN29: 0 | BO29: 0 | BP29: 0 | BQ29: 0 | BR29: 0 | BS29: 0 | BT29: 0 | BU29: 0 | BV29: 0 | BW29: 0 | BX29: 0 | BY29: 0 | BZ29: 0 | CA29: 0 | CB29: 0 | CC29: 0 | CD29: 0 | CE29: 0 | CF29: 0 | CG29: 0 | CH29: 0 | CI29: 0 | CJ29: 0 | CK29: 0 | CL29: 0 | CM29: 0 | CN29: 0 | CO29: 0 | CP29: 0 | CQ29: 0 | CR29: 0 | CS29: 0 | CT29: 0 | CU29: 0 | CV29: 0 | CW29: 0 | CX29: 0 | CY29: 0 | CZ29: 0 | DA29: 0 | DB29: 0 | DC29: 0 | DD29: 0 | DE29: 0 | DF29: 0 | DG29: 0 | DH29: 0 | DI29: 0 | DJ29: 0 | DK29: 0 | DL29: 0 | DM29: 0 | DN29: 0 | DO29: 0 | DP29: 0 | DQ29: 0 | DR29: 0 | DS29: 0 | DT29: 0 | DU29: 0 | DV29: 0 | DW29: 0 | DX29: 0 | DY29: 0 | DZ29: 0 | EA29: 0 | EB29: 0 | EC29: 0 | ED29: 0 | EE29: 0 | EF29: 0 | EG29: 0 | EH29: 0 | EI29: 0 | EJ29: 0 | EK29: 0 | EL29: 0 | EM29: 0 | EN29: 0 | EO29: 0 | EP29: 0 | EQ29: 0 | ER29: 0 | ES29: 0 | ET29: 0 | EU29: 0 | EV29: 0 | EW29: 0 | EX29: 0 | EY29: 0 | EZ29: 0 | FA29: 0 | FB29: 0 | FC29: 0 | FD29: 0 | FE29: 0 | FF29: 0 | FG29: 0 | FH29: 0 | FI29: 0 | FJ29: 0 | FK29: 0 | FL29: 0 | FM29: 0 | FN29: 0 | FO29: 0 | FP29: 0 | FQ29: 0 | FR29: 0 | FS29: 0 | FT29: 0 | FU29: 0 | FV29: 0 | FW29: 0 | FX29: 0 | FY29: 0 | FZ29: 0 | GA29: 0 | GB29: 0 | GC29: 0 | GD29: 0 | GE29: 0 | GF29: 0 | GG29: 0 | GH29: 0 | GI29: 0 | GJ29: 0 | GK29: 0 | GL29: 0 | GM29: 0 | GN29: 0 | GO29: 0 | GP29: 0 | GQ29: 0 | GR29: 0 | GS29: 0 | GT29: 0 | GU29: 0 | GV29: 0 | GW29: 0 | GX29: 0 | GY29: 0 | GZ29: 0 | HA29: 0 | HB29: 0 | HC29: 0 | HD29: 0 | HE29: 0 | HF29: 0 | HG29: 2 | HH29: 1 | HI29: 1 | HJ29: 0 | HK29: 0 | HL29: 0 | HM29: 0 | HN29: 0 | HO29: 0 | HP29: 0 | HQ29: 0 | HR29: 0 | HS29: 0 | HT29: 0 | HU29: 0 | HV29: 0 | HW29: 0 | HX29: 0 | HY29: 0 | HZ29: 0 | IA29: 0 | IB29: 0 | IC29: 0 | ID29: 0 | IE29: 0 | IF29: 0 | IG29: 0 | IH29: 0 | II29: 0 | IJ29: 0 | IK29: 0 | IL29: 0 | IM29: 1 | IN29: 0 | IO29: 0 | IP29: 0 | IQ29: 0 | IR29: 0 | IS29: 0 | IT29: 0 | IU29: 0 | IV29: 0 | IW29: 0 | IX29: 0 | IY29: 0 | IZ29: 0 | JA29: 0 | JB29: 0 | JC29: 0 | JD29: 0 | JE29: 0 | JF29: 0 | JG29: 0 | JH29: 0 | JI29: 0 | JJ29: 0 | JK29: 0 | JL29: 0 | JM29: 0 | JN29: 0 | JO29: 0 | JP29: 0 | JQ29: 0 | JR29: 0 | JS29: 0 | JT29: 0 | JU29: 0 | JV29: 0 | JW29: 4 | JX29: 1 | JY29: 5 | UG29: 0 | UH29: 0 | UI29: 0 | ABS29: 0 | ABT29: 0 | ABU29: 0 | ABW29: 0 | ABX29: 0 | ABY29: 0 | ABZ29: 0 | ACA29: 0 | ACB29: 0 | ACC29: 0 | ACD29: 0 | ACE29: 0 | ACF29: 0 | ACG29: 0 | ACH29: 0 | ACI29: 0 | ACJ29: 0 | ACK29: 0 | ACL29: 0 | ACM29: 0 | ACN29: 0 | ACO29: 0 | ACP29: 0 | ACQ29: 0 | ACR29: 0 | ACS29: 0 | ACT29: 0 | ACU29: 0 | ACV29: 0 | ACW29: 0 | ACX29: 0 | ACY29: 0 | ACZ29: 0 | ADA29: 0 | ADB29: 0 | ADC29: 0 | ADD29: 0 | ADE29: 0 | ADF29: 0 | ADG29: 0 | ADH29: 0 | ADI29: 0 | ADJ29: 0 | ADK29: 0 | ADL29: 0 | ADM29: 0 | ADN29: 0 | ADO29: 0 | ADP29: 0 | ADQ29: 0 | ADR29: 0 | ADS29: 0 | ADT29: 0 | ADU29: 0 | ADV29: 0 | ADW29: 0 | ADX29: 0 | ADY29: 0 | ADZ29: 0 | AEA29: 0 | AEB29: 0 | AEC29: 0 | AED29: 0 | AEE29: 0 | AEF29: 0 | AEG29: 0 | AEH29: 0 | AEI29: 0 | AEJ29: 0 | AEK29: 0 | AEL29: 0 | AEM29: 0 | AEN29: 0 | AEO29: 0 | AEP29: 0 | AEQ29: 0 | AER29: 0 | AES29: 0 | AET29: 0 | AEU29: 0 | AEV29: 0 | AEW29: 0 | AEX29: 0 | AEY29: 0 | AEZ29: 0 | AFA29: 0 | AFB29: 0 | AFC29: 0 | AFD29: 0 | AFE29: 0 | AFF29: 0 | AFG29: 0 | AFH29: 0 | AFI29: 0 | AFJ29: 0 | AFK29: 0 | AFL29: 0 | AFM29: 0 | AFN29: 0 | AFO29: 0 | AFP29: 0 | AFQ29: 0 | AFR29: 0 | AFS29: 0 | AFT29: 0 | AFU29: 0 | AFV29: 0 | AFW29: 0 | AFX29: 0 | AFY29: 0 | AFZ29: 0 | AGA29: 0 | AGB29: 0 | AGC29: 0 | AGD29: 0 | AGE29: 0 | AGF29: 0 | AGG29: 0 | AGH29: 0 | AGI29: 0 | AGJ29: 0 | AGK29: 0 | AGL29: 0 | AGM29: 0 | AGN29: 0 | AGO29: 0 | AGP29: 0 | AGQ29: 0 | AGR29: 0 | AGS29: 0 | AGT29: 0 | AGU29: 0 | AGV29: 0 | AGW29: 0 | AGX29: 0 | AGY29: 0 | AGZ29: 0 | AHA29: 0 | AHB29: 0 | AHC29: 0 | AHD29: 0 | AHE29: 0 | AHF29: 0 | AHG29: 0 | AHH29: 0 | AHI29: 0 | AHJ29: 0 | AHK29: 0 | AHL29: 0 | AHM29: 0 | AHN29: 0 | AHO29: 0 | AHP29: 0 | AHQ29: 0 | AHR29: 0 | AHS29: 0 | AHT29: 0 | AHU29: 0 | ANS29: 0 | ANT29: 0 | ANU29: 0 | ANW29: 0 | ANX29: 0 | ANY29: 0 | ANZ29: 0 | AOA29: 0 | AOB29: 0 | AOC29: 0 | AOD29: 0 | AOE29: 0 | AOF29: 0 | AOG29: 0 | AOH29: 0 | AOI29: 0 | AOJ29: 0 | AOK29: 0 | AOL29: 0 | AOM29: 0 | AON29: 0 | AOO29: 0 | AOP29: 0 | AOQ29: 0 | AOR29: 0 | AOS29: 0 | AOT29: 0 | AOU29: 0 | AOV29: 0 | AOW29: 0 | AOX29: 0 | AOY29: 0 | AOZ29: 0 | APA29: 0 | APB29: 0 | APC29: 0 | APD29: 0 | APE29: 0 | APF29: 0 | APG29: 0 | APH29: 0 | API29: 0 | APJ29: 0 | APK29: 0 | APL29: 0 | APM29: 0 | APN29: 0 | APO29: 0 | APP29: 0 | APQ29: 0 | APR29: 0 | APS29: 0 | APT29: 0 | APU29: 0 | APV29: 0 | APW29: 0 | APX29: 0 | APY29: 0 | APZ29: 0 | AQA29: 0 | AQB29: 0 | AQC29: 0 | AQD29: 0 | AQE29: 0 | AQF29: 0 | AQG29: 0 | AQH29: 0 | AQI29: 0 | AQJ29: 0 | AQK29: 0 | AQL29: 0 | AQM29: 0 | AQN29: 0 | AQO29: 0 | AQP29: 0 | AQQ29: 0 | AQR29: 0 | AQS29: 0 | AQT29: 0 | AQU29: 0 | AQV29: 0 | AQW29: 0 | AQX29: 0 | AQY29: 0 | AQZ29: 0 | ARA29: 0
A30: 44737 | B30: Region XI | C30: Mati City | D30: Mati North | E30: 129387 | F30: Alberto V. Ravelo ES | G30: Lower Cogon | I30: DAVAO ORIENTAL | J30: CITY OF MATI (Capital) | K30: 2nd District | L30: BOBON | M30: Public | N30: DepED Managed | O30: No | P30: Purely ES | Q30: 0 | R30: 0 | S30: 0 | T30: 0 | U30: 0 | V30: 0 | W30: 0 | X30: 0 | Y30: 0 | Z30: 0 | AA30: 0 | AB30: 0 | AC30: 0 | AD30: 0 | AE30: 0 | AF30: 0 | AG30: 0 | AH30: 0 | AI30: 0 | AJ30: 0 | AK30: 0 | AL30: 0 | AM30: 0 | AN30: 0 | AO30: 0 | AP30: 0 | AQ30: 0 | AR30: 0 | AS30: 0 | AT30: 0 | AU30: 0 | AV30: 0 | AW30: 0 | AX30: 0 | AY30: 0 | AZ30: 0 | BA30: 0 | BB30: 0 | BC30: 0 | BD30: 0 | BE30: 0 | BF30: 0 | BG30: 0 | BH30: 0 | BI30: 0 | BJ30: 0 | BK30: 0 | BL30: 0 | BM30: 0 | BN30: 0 | BO30: 1 | BP30: 0 | BQ30: 0 | BR30: 0 | BS30: 0 | BT30: 0 | BU30: 0 | BV30: 0 | BW30: 0 | BX30: 0 | BY30: 0 | BZ30: 0 | CA30: 0 | CB30: 0 | CC30: 0 | CD30: 0 | CE30: 0 | CF30: 0 | CG30: 0 | CH30: 0 | CI30: 0 | CJ30: 0 | CK30: 0 | CL30: 0 | CM30: 0 | CN30: 0 | CO30: 0 | CP30: 0 | CQ30: 0 | CR30: 0 | CS30: 0 | CT30: 0 | CU30: 0 | CV30: 0 | CW30: 0 | CX30: 0 | CY30: 0 | CZ30: 0 | DA30: 0 | DB30: 0 | DC30: 0 | DD30: 0 | DE30: 0 | DF30: 0 | DG30: 0 | DH30: 0 | DI30: 0 | DJ30: 0 | DK30: 0 | DL30: 0 | DM30: 0 | DN30: 0 | DO30: 0 | DP30: 0 | DQ30: 0 | DR30: 0 | DS30: 0 | DT30: 0 | DU30: 0 | DV30: 0 | DW30: 0 | DX30: 0 | DY30: 0 | DZ30: 0 | EA30: 0 | EB30: 0 | EC30: 0 | ED30: 0 | EE30: 0 | EF30: 0 | EG30: 0 | EH30: 0 | EI30: 0 | EJ30: 0 | EK30: 0 | EL30: 0 | EM30: 0 | EN30: 0 | EO30: 0 | EP30: 0 | EQ30: 0 | ER30: 1 | ES30: 0 | ET30: 1 | EU30: 0 | EV30: 0 | EW30: 0 | EX30: 0 | EY30: 0 | EZ30: 0 | FA30: 0 | FB30: 0 | FC30: 0 | FD30: 0 | FE30: 0 | FF30: 0 | FG30: 0 | FH30: 0 | FI30: 0 | FJ30: 0 | FK30: 0 | FL30: 0 | FM30: 0 | FN30: 0 | FO30: 0 | FP30: 0 | FQ30: 0 | FR30: 0 | FS30: 0 | FT30: 0 | FU30: 0 | FV30: 0 | FW30: 0 | FX30: 0 | FY30: 0 | FZ30: 0 | GA30: 0 | GB30: 0 | GC30: 0 | GD30: 0 | GE30: 0 | GF30: 0 | GG30: 0 | GH30: 0 | GI30: 0 | GJ30: 0 | GK30: 0 | GL30: 0 | GM30: 0 | GN30: 0 | GO30: 0 | GP30: 0 | GQ30: 0 | GR30: 0 | GS30: 0 | GT30: 0 | GU30: 0 | GV30: 0 | GW30: 7 | GX30: 0 | GY30: 0 | GZ30: 0 | HA30: 0 | HB30: 0 | HC30: 1 | HD30: 0 | HE30: 1 | HF30: 0 | HG30: 5 | HH30: 1 | HI30: 5 | HJ30: 1 | HK30: 3 | HL30: 0 | HM30: 5 | HN30: 6 | HO30: 6 | HP30: 5 | HQ30: 4 | HR30: 0 | HS30: 0 | HT30: 0 | HU30: 1 | HV30: 0 | HW30: 0 | HX30: 0 | HY30: 0 | HZ30: 0 | IA30: 0 | IB30: 0 | IC30: 0 | ID30: 0 | IE30: 0 | IF30: 0 | IG30: 0 | IH30: 0 | II30: 0 | IJ30: 0 | IK30: 0 | IL30: 0 | IM30: 0 | IN30: 0 | IO30: 0 | IP30: 0 | IQ30: 0 | IR30: 0 | IS30: 0 | IT30: 2 | IU30: 0 | IV30: 0 | IW30: 0 | IX30: 0 | IY30: 0 | IZ30: 0 | JA30: 0 | JB30: 0 | JC30: 0 | JD30: 0 | JE30: 0 | JF30: 0 | JG30: 0 | JH30: 0 | JI30: 0 | JJ30: 0 | JK30: 0 | JL30: 0 | JM30: 0 | JN30: 0 | JO30: 0 | JP30: 0 | JQ30: 0 | JR30: 0 | JS30: 1 | JT30: 0 | JU30: 0 | JV30: 0 | JW30: 40 | JX30: 17 | JY30: 57 | UG30: 0 | UH30: 0 | UI30: 0 | ABS30: 0 | ABT30: 0 | ABU30: 0 | ABW30: 0 | ABX30: 0 | ABY30: 0 | ABZ30: 0 | ACA30: 0 | ACB30: 0 | ACC30: 0 | ACD30: 0 | ACE30: 0 | ACF30: 0 | ACG30: 0 | ACH30: 0 | ACI30: 0 | ACJ30: 0 | ACK30: 0 | ACL30: 0 | ACM30: 0 | ACN30: 0 | ACO30: 0 | ACP30: 0 | ACQ30: 0 | ACR30: 0 | ACS30: 0 | ACT30: 0 | ACU30: 0 | ACV30: 0 | ACW30: 0 | ACX30: 0 | ACY30: 0 | ACZ30: 0 | ADA30: 0 | ADB30: 0 | ADC30: 0 | ADD30: 0 | ADE30: 0 | ADF30: 0 | ADG30: 0 | ADH30: 0 | ADI30: 0 | ADJ30: 0 | ADK30: 0 | ADL30: 0 | ADM30: 0 | ADN30: 0 | ADO30: 0 | ADP30: 0 | ADQ30: 0 | ADR30: 0 | ADS30: 0 | ADT30: 0 | ADU30: 0 | ADV30: 0 | ADW30: 0 | ADX30: 0 | ADY30: 0 | ADZ30: 0 | AEA30: 0 | AEB30: 0 | AEC30: 0 | AED30: 0 | AEE30: 0 | AEF30: 0 | AEG30: 0 | AEH30: 0 | AEI30: 0 | AEJ30: 0 | AEK30: 0 | AEL30: 0 | AEM30: 0 | AEN30: 0 | AEO30: 0 | AEP30: 0 | AEQ30: 0 | AER30: 0 | AES30: 0 | AET30: 0 | AEU30: 0 | AEV30: 0 | AEW30: 0 | AEX30: 0 | AEY30: 0 | AEZ30: 0 | AFA30: 0 | AFB30: 0 | AFC30: 0 | AFD30: 0 | AFE30: 0 | AFF30: 0 | AFG30: 0 | AFH30: 0 | AFI30: 0 | AFJ30: 0 | AFK30: 0 | AFL30: 0 | AFM30: 0 | AFN30: 0 | AFO30: 0 | AFP30: 0 | AFQ30: 0 | AFR30: 0 | AFS30: 0 | AFT30: 0 | AFU30: 0 | AFV30: 0 | AFW30: 0 | AFX30: 0 | AFY30: 0 | AFZ30: 0 | AGA30: 0 | AGB30: 0 | AGC30: 0 | AGD30: 0 | AGE30: 0 | AGF30: 0 | AGG30: 0 | AGH30: 0 | AGI30: 0 | AGJ30: 0 | AGK30: 0 | AGL30: 0 | AGM30: 0 | AGN30: 0 | AGO30: 0 | AGP30: 0 | AGQ30: 0 | AGR30: 0 | AGS30: 0 | AGT30: 0 | AGU30: 0 | AGV30: 0 | AGW30: 0 | AGX30: 0 | AGY30: 0 | AGZ30: 0 | AHA30: 0 | AHB30: 0 | AHC30: 0 | AHD30: 0 | AHE30: 0 | AHF30: 0 | AHG30: 0 | AHH30: 0 | AHI30: 0 | AHJ30: 0 | AHK30: 0 | AHL30: 0 | AHM30: 0 | AHN30: 0 | AHO30: 0 | AHP30: 0 | AHQ30: 0 | AHR30: 0 | AHS30: 0 | AHT30: 0 | AHU30: 0 | ANS30: 0 | ANT30: 0 | ANU30: 0 | AQU30: 0 | AQV30: 0 | AQW30: 0 | AQX30: 0 | AQY30: 0 | AQZ30: 0 | ARA30: 0
A31: 44738 | B31: Region XI | C31: Mati City | D31: Mati North | E31: 129388 | F31: Antonino Vicentino ES | G31: Purok Dama de Noche | I31: DAVAO ORIENTAL | J31: CITY OF MATI (Capital) | K31: 2nd District | L31: LAWIGAN | M31: Public | N31: DepED Managed | O31: No | P31: Purely ES | Q31: 0 | R31: 0 | S31: 0 | T31: 0 | U31: 0 | V31: 0 | W31: 0 | X31: 0 | Y31: 0 | Z31: 0 | AA31: 0 | AB31: 0 | AC31: 0 | AD31: 0 | AE31: 0 | AF31: 0 | AG31: 0 | AH31: 0 | AI31: 0 | AJ31: 0 | AK31: 0 | AL31: 0 | AM31: 0 | AN31: 0 | AO31: 0 | AP31: 0 | AQ31: 0 | AR31: 0 | AS31: 0 | AT31: 0 | AU31: 0 | AV31: 0 | AW31: 0 | AX31: 0 | AY31: 0 | AZ31: 0 | BA31: 0 | BB31: 0 | BC31: 0 | BD31: 0 | BE31: 0 | BF31: 0 | BG31: 0 | BH31: 0 | BI31: 0 | BJ31: 0 | BK31: 0 | BL31: 0 | BM31: 0 | BN31: 0 | BO31: 0 | BP31: 0 | BQ31: 0 | BR31: 0 | BS31: 0 | BT31: 0 | BU31: 0 | BV31: 0 | BW31: 0 | BX31: 0 | BY31: 0 | BZ31: 0 | CA31: 0 | CB31: 0 | CC31: 0 | CD31: 0 | CE31: 0 | CF31: 0 | CG31: 0 | CH31: 0 | CI31: 0 | CJ31: 0 | CK31: 0 | CL31: 0 | CM31: 0 | CN31: 0 | CO31: 0 | CP31: 0 | CQ31: 0 | CR31: 0 | CS31: 0 | CT31: 0 | CU31: 0 | CV31: 0 | CW31: 0 | CX31: 0 | CY31: 0 | CZ31: 0 | DA31: 0 | DB31: 0 | DC31: 0 | DD31: 0 | DE31: 0 | DF31: 0 | DG31: 0 | DH31: 0 | DI31: 0 | DJ31: 0 | DK31: 0 | DL31: 0 | DM31: 0 | DN31: 0 | DO31: 0 | DP31: 0 | DQ31: 0 | DR31: 0 | DS31: 0 | DT31: 0 | DU31: 0 | DV31: 0 | DW31: 0 | DX31: 0 | DY31: 0 | DZ31: 0 | EA31: 0 | EB31: 0 | EC31: 0 | ED31: 0 | EE31: 0 | EF31: 0 | EG31: 0 | EH31: 0 | EI31: 0 | EJ31: 0 | EK31: 0 | EL31: 0 | EM31: 0 | EN31: 0 | EO31: 0 | EP31: 0 | EQ31: 0 | ER31: 0 | ES31: 0 | ET31: 0 | EU31: 0 | EV31: 0 | EW31: 0 | EX31: 0 | EY31: 0 | EZ31: 0 | FA31: 0 | FB31: 0 | FC31: 0 | FD31: 0 | FE31: 0 | FF31: 0 | FG31: 0 | FH31: 0 | FI31: 0 | FJ31: 0 | FK31: 0 | FL31: 0 | FM31: 0 | FN31: 0 | FO31: 0 | FP31: 0 | FQ31: 0 | FR31: 0 | FS31: 0 | FT31: 0 | FU31: 0 | FV31: 0 | FW31: 0 | FX31: 0 | FY31: 0 | FZ31: 0 | GA31: 0 | GB31: 0 | GC31: 0 | GD31: 0 | GE31: 0 | GF31: 0 | GG31: 0 | GH31: 0 | GI31: 0 | GJ31: 0 | GK31: 0 | GL31: 0 | GM31: 0 | GN31: 0 | GO31: 0 | GP31: 0 | GQ31: 0 | GR31: 0 | GS31: 0 | GT31: 0 | GU31: 2 | GV31: 0 | GW31: 2 | GX31: 0 | GY31: 6 | GZ31: 3 | HA31: 2 | HB31: 3 | HC31: 1 | HD31: 1 | HE31: 1 | HF31: 0 | HG31: 1 | HH31: 0 | HI31: 6 | HJ31: 2 | HK31: 6 | HL31: 3 | HM31: 3 | HN31: 0 | HO31: 8 | HP31: 2 | HQ31: 2 | HR31: 2 | HS31: 0 | HT31: 0 | HU31: 0 | HV31: 0 | HW31: 0 | HX31: 0 | HY31: 0 | HZ31: 0 | IA31: 0 | IB31: 0 | IC31: 0 | ID31: 0 | IE31: 0 | IF31: 0 | IG31: 0 | IH31: 0 | II31: 0 | IJ31: 0 | IK31: 0 | IL31: 0 | IM31: 0 | IN31: 0 | IO31: 0 | IP31: 0 | IQ31: 0 | IR31: 0 | IS31: 0 | IT31: 0 | IU31: 0 | IV31: 0 | IW31: 0 | IX31: 0 | IY31: 0 | IZ31: 0 | JA31: 0 | JB31: 0 | JC31: 0 | JD31: 0 | JE31: 0 | JF31: 0 | JG31: 0 | JH31: 0 | JI31: 0 | JJ31: 0 | JK31: 0 | JL31: 0 | JM31: 0 | JN31: 0 | JO31: 0 | JP31: 0 | JQ31: 0 | JR31: 0 | JS31: 0 | JT31: 0 | JU31: 0 | JV31: 0 | JW31: 40 | JX31: 16 | JY31: 56 | UG31: 0 | UH31: 0 | UI31: 0 | ABS31: 0 | ABT31: 0 | ABU31: 0 | ABW31: 0 | ABX31: 0 | ABY31: 0 | ABZ31: 0 | ACA31: 0 | ACB31: 0 | ACC31: 0 | ACD31: 0 | ACE31: 0 | ACF31: 0 | ACG31: 0 | ACH31: 0 | ACI31: 0 | ACJ31: 0 | ACK31: 0 | ACL31: 0 | ACM31: 0 | ACN31: 0 | ACO31: 0 | ACP31: 0 | ACQ31: 0 | ACR31: 0 | ACS31: 0 | ACT31: 0 | ACU31: 0 | ACV31: 0 | ACW31: 0 | ACX31: 0 | ACY31: 0 | ACZ31: 0 | ADA31: 0 | ADB31: 0 | ADC31: 0 | ADD31: 0 | ADE31: 0 | ADF31: 0 | ADG31: 0 | ADH31: 0 | ADI31: 0 | ADJ31: 0 | ADK31: 0 | ADL31: 0 | ADM31: 0 | ADN31: 0 | ADO31: 0 | ADP31: 0 | ADQ31: 0 | ADR31: 0 | ADS31: 0 | ADT31: 0 | ADU31: 0 | ADV31: 0 | ADW31: 0 | ADX31: 0 | ADY31: 0 | ADZ31: 0 | AEA31: 0 | AEB31: 0 | AEC31: 0 | AED31: 0 | AEE31: 0 | AEF31: 0 | AEG31: 0 | AEH31: 0 | AEI31: 0 | AEJ31: 0 | AEK31: 0 | AEL31: 0 | AEM31: 0 | AEN31: 0 | AEO31: 0 | AEP31: 0 | AEQ31: 0 | AER31: 0 | AES31: 0 | AET31: 0 | AEU31: 0 | AEV31: 0 | AEW31: 0 | AEX31: 0 | AEY31: 0 | AEZ31: 0 | AFA31: 0 | AFB31: 0 | AFC31: 0 | AFD31: 0 | AFE31: 0 | AFF31: 0 | AFG31: 0 | AFH31: 0 | AFI31: 0 | AFJ31: 0 | AFK31: 0 | AFL31: 0 | AFM31: 0 | AFN31: 0 | AFO31: 0 | AFP31: 0 | AFQ31: 0 | AFR31: 0 | AFS31: 0 | AFT31: 0 | AFU31: 0 | AFV31: 0 | AFW31: 0 | AFX31: 0 | AFY31: 0 | AFZ31: 0 | AGA31: 0 | AGB31: 0 | AGC31: 0 | AGD31: 0 | AGE31: 0 | AGF31: 0 | AGG31: 0 | AGH31: 0 | AGI31: 0 | AGJ31: 0 | AGK31: 0 | AGL31: 0 | AGM31: 0 | AGN31: 0 | AGO31: 0 | AGP31: 0 | AGQ31: 0 | AGR31: 0 | AGS31: 0 | AGT31: 0 | AGU31: 0 | AGV31: 0 | AGW31: 0 | AGX31: 0 | AGY31: 0 | AGZ31: 0 | AHA31: 0 | AHB31: 0 | AHC31: 0 | AHD31: 0 | AHE31: 0 | AHF31: 0 | AHG31: 0 | AHH31: 0 | AHI31: 0 | AHJ31: 0 | AHK31: 0 | AHL31: 0 | AHM31: 0 | AHN31: 0 | AHO31: 0 | AHP31: 0 | AHQ31: 0 | AHR31: 0 | AHS31: 0 | AHT31: 0 | AHU31: 0 | ANS31: 0 | ANT31: 0 | ANU31: 0 | AQU31: 0 | AQV31: 0 | AQW31: 0 | AQX31: 0 | AQY31: 0 | AQZ31: 0 | ARA31: 0
