Workbook

Sheet COD-ES
A1: END OF SCHOOL YEAR - CAUSES OF DROPOUT IN ELEMENTARY LEVEL
A2: SY 2023-2024
A3: Based on official cut-off date of EOSY as of August 16, 2024 | K3: Had to Take Care Siblings | AD3: Early Marriage/Pregnancy | AW3: Parents Attitude Toward Schooling | BP3: Family problems/Feuds | CI3: Illness | DB3: Overage | DU3: Drug Abuse | EN3: Poor Academic Performance | FG3: Lack of interest/Distractions | FZ3: Hunger/Malnutrition | GS3: Teacher Factors | HL3: Physical Conditions of Classrooms | IE3: Peer Influences | IX3: Distance between Home and School | JQ3: Armed Conflict | KJ3: Calamities/Disasters | LC3: Child Labor, Work | LV3: Others | MO3: GRAND TOTAL | NI3: Death
K4: Kindergarten | M4: Grade 1 | O4: Grade 2 | Q4: Grade 3 | S4: Grade 4 | U4: Grade 5 | W4: Grade 6 | Y4: Non-Graded (SNED) | AA4: Total | AD4: Kindergarten | AF4: Grade 1 | AH4: Grade 2 | AJ4: Grade 3 | AL4: Grade 4 | AN4: Grade 5 | AP4: Grade 6 | AR4: Non-Graded (SNED) | AT4: Total | AW4: Kindergarten | AY4: Grade 1 | BA4: Grade 2 | BC4: Grade 3 | BE4: Grade 4 | BG4: Grade 5 | BI4: Grade 6 | BK4: Non-Graded (SNED) | BM4: Total | BP4: Kindergarten | BR4: Grade 1 | BT4: Grade 2 | BV4: Grade 3 | BX4: Grade 4 | BZ4: Grade 5 | CB4: Grade 6 | CD4: Non-Graded (SNED) | CF4: Total | CI4: Kindergarten | CK4: Grade 1 | CM4: Grade 2 | CO4: Grade 3 | CQ4: Grade 4 | CS4: Grade 5 | CU4: Grade 6 | CW4: Non-Graded (SNED) | CY4: Total | DB4: Kindergarten | DD4: Grade 1 | DF4: Grade 2 | DH4: Grade 3 | DJ4: Grade 4 | DL4: Grade 5 | DN4: Grade 6 | DP4: Non-Graded (SNED) | DR4: Total | DU4: Kindergarten | DW4: Grade 1 | DY4: Grade 2 | EA4: Grade 3 | EC4: Grade 4 | EE4: Grade 5 | EG4: Grade 6 | EI4: Non-Graded (SNED) | EK4: Total | EN4: Kindergarten | EP4: Grade 1 | ER4: Grade 2 | ET4: Grade 3 | EV4: Grade 4 | EX4: Grade 5 | EZ4: Grade 6 | FB4: Non-Graded (SNED) | FD4: Total | FG4: Kindergarten | FI4: Grade 1 | FK4: Grade 2 | FM4: Grade 3 | FO4: Grade 4 | FQ4: Grade 5 | FS4: Grade 6 | FU4: Non-Graded (SNED) | FW4: Total | FZ4: Kindergarten | GB4: Grade 1 | GD4: Grade 2 | GF4: Grade 3 | GH4: Grade 4 | GJ4: Grade 5 | GL4: Grade 6 | GN4: Non-Graded (SNED) | GP4: Total | GS4: Kindergarten | GU4: Grade 1 | GW4: Grade 2 | GY4: Grade 3 | HA4: Grade 4 | HC4: Grade 5 | HE4: Grade 6 | HG4: Non-Graded (SNED) | HI4: Total | HL4: Kindergarten | HN4: Grade 1 | HP4: Grade 2 | HR4: Grade 3 | HT4: Grade 4 | HV4: Grade 5 | HX4: Grade 6 | HZ4: Non-Graded (SNED) | IB4: Total | IE4: Kindergarten | IG4: Grade 1 | II4: Grade 2 | IK4: Grade 3 | IM4: Grade 4 | IO4: Grade 5 | IQ4: Grade 6 | IS4: Non-Graded (SNED) | IU4: Total | IX4: Kindergarten | IZ4: Grade 1 | JB4: Grade 2 | JD4: Grade 3 | JF4: Grade 4 | JH4: Grade 5 | JJ4: Grade 6 | JL4: Non-Graded (SNED) | JN4: Total | JQ4: Kindergarten | JS4: Grade 1 | JU4: Grade 2 | JW4: Grade 3 | JY4: Grade 4 | KA4: Grade 5 | KC4: Grade 6 | KE4: Non-Graded (SNED) | KG4: Total | KJ4: Kindergarten | KL4: Grade 1 | KN4: Grade 2 | KP4: Grade 3 | KR4: Grade 4 | KT4: Grade 5 | KV4: Grade 6 | KX4: Non-Graded (SNED) | KZ4: Total | LC4: Kindergarten | LE4: Grade 1 | LG4: Grade 2 | LI4: Grade 3 | LK4: Grade 4 | LM4: Grade 5 | LO4: Grade 6 | LQ4: Non-Graded (SNED) | LS4: Total | LV4: Kindergarten | LX4: Grade 1 | LZ4: Grade 2 | MB4: Grade 3 | MD4: Grade 4 | MF4: Grade 5 | MH4: Grade 6 | MJ4: Non-Graded (SNED) | ML4: Total | MO4: Kindergarten | MQ4: Grade 1 | MS4: Grade 2 | MU4: Grade 3 | MW4: Grade 4 | MY4: Grade 5 | NA4: Grade 6 | NC4: Non-Graded (SNED) | NE4: Total | NI4: Kindergarten | NK4: Grade 1 | NM4: Grade 2 | NO4: Grade 3 | NQ4: Grade 4 | NS4: Grade 5 | NU4: Grade 6 | NW4: Non-Graded (SNED) | NY4: Total
K5: Male | L5: Female | M5: Male | N5: Female | O5: Male | P5: Female | Q5: Male | R5: Female | S5: Male | T5: Female | U5: Male | V5: Female | W5: Male | X5: Female | Y5: Male | Z5: Female | AA5: Male | AB5: Female | AC5: Total | AD5: Male | AE5: Female | AF5: Male | AG5: Female | AH5: Male | AI5: Female | AJ5: Male | AK5: Female | AL5: Male | AM5: Female | AN5: Male | AO5: Female | AP5: Male | AQ5: Female | AR5: Male | AS5: Female | AT5: Male | AU5: Female | AV5: Total | AW5: Male | AX5: Female | AY5: Male | AZ5: Female | BA5: Male | BB5: Female | BC5: Male | BD5: Female | BE5: Male | BF5: Female | BG5: Male | BH5: Female | BI5: Male | BJ5: Female | BK5: Male | BL5: Female | BM5: Male | BN5: Female | BO5: Total | BP5: Male | BQ5: Female | BR5: Male | BS5: Female | BT5: Male | BU5: Female | BV5: Male | BW5: Female | BX5: Male | BY5: Female | BZ5: Male | CA5: Female | CB5: Male | CC5: Female | CD5: Male | CE5: Female | CF5: Male | CG5: Female | CH5: Total | CI5: Male | CJ5: Female | CK5: Male | CL5: Female | CM5: Male | CN5: Female | CO5: Male | CP5: Female | CQ5: Male | CR5: Female | CS5: Male | CT5: Female | CU5: Male | CV5: Female | CW5: Male | CX5: Female | CY5: Male | CZ5: Female | DA5: Total | DB5: Male | DC5: Female | DD5: Male | DE5: Female | DF5: Male | DG5: Female | DH5: Male | DI5: Female | DJ5: Male | DK5: Female | DL5: Male | DM5: Female | DN5: Male | DO5: Female | DP5: Male | DQ5: Female | DR5: Male | DS5: Female | DT5: Total | DU5: Male | DV5: Female | DW5: Male | DX5: Female | DY5: Male | DZ5: Female | EA5: Male | EB5: Female | EC5: Male | ED5: Female | EE5: Male | EF5: Female | EG5: Male | EH5: Female | EI5: Male | EJ5: Female | EK5: Male | EL5: Female | EM5: Total | EN5: Male | EO5: Female | EP5: Male | EQ5: Female | ER5: Male | ES5: Female | ET5: Male | EU5: Female | EV5: Male | EW5: Female | EX5: Male | EY5: Female | EZ5: Male | FA5: Female | FB5: Male | FC5: Female | FD5: Male | FE5: Female | FF5: Total | FG5: Male | FH5: Female | FI5: Male | FJ5: Female | FK5: Male | FL5: Female | FM5: Male | FN5: Female | FO5: Male | FP5: Female | FQ5: Male | FR5: Female | FS5: Male | FT5: Female | FU5: Male | FV5: Female | FW5: Male | FX5: Female | FY5: Total | FZ5: Male | GA5: Female | GB5: Male | GC5: Female | GD5: Male | GE5: Female | GF5: Male | GG5: Female | GH5: Male | GI5: Female | GJ5: Male | GK5: Female | GL5: Male | GM5: Female | GN5: Male | GO5: Female | GP5: Male | GQ5: Female | GR5: Total | GS5: Male | GT5: Female | GU5: Male | GV5: Female | GW5: Male | GX5: Female | GY5: Male | GZ5: Female | HA5: Male | HB5: Female | HC5: Male | HD5: Female | HE5: Male | HF5: Female | HG5: Male | HH5: Female | HI5: Male | HJ5: Female | HK5: Total | HL5: Male | HM5: Female | HN5: Male | HO5: Female | HP5: Male | HQ5: Female | HR5: Male | HS5: Female | HT5: Male | HU5: Female | HV5: Male | HW5: Female | HX5: Male | HY5: Female | HZ5: Male | IA5: Female | IB5: Male | IC5: Female | ID5: Total | IE5: Male | IF5: Female | IG5: Male | IH5: Female | II5: Male | IJ5: Female | IK5: Male | IL5: Female | IM5: Male | IN5: Female | IO5: Male | IP5: Female | IQ5: Male | IR5: Female | IS5: Male | IT5: Female | IU5: Male | IV5: Female | IW5: Total | IX5: Male | IY5: Female | IZ5: Male | JA5: Female | JB5: Male | JC5: Female | JD5: Male | JE5: Female | JF5: Male | JG5: Female | JH5: Male | JI5: Female | JJ5: Male | JK5: Female | JL5: Male | JM5: Female | JN5: Male | JO5: Female | JP5: Total | JQ5: Male | JR5: Female | JS5: Male | JT5: Female | JU5: Male | JV5: Female | JW5: Male | JX5: Female | JY5: Male | JZ5: Female | KA5: Male | KB5: Female | KC5: Male | KD5: Female | KE5: Male | KF5: Female | KG5: Male | KH5: Female | KI5: Total | KJ5: Male | KK5: Female | KL5: Male | KM5: Female | KN5: Male | KO5: Female | KP5: Male | KQ5: Female | KR5: Male | KS5: Female | KT5: Male | KU5: Female | KV5: Male | KW5: Female | KX5: Male | KY5: Female | KZ5: Male | LA5: Female | LB5: Total | LC5: Male | LD5: Female | LE5: Male | LF5: Female | LG5: Male | LH5: Female | LI5: Male | LJ5: Female | LK5: Male | LL5: Female | LM5: Male | LN5: Female | LO5: Male | LP5: Female | LQ5: Male | LR5: Female | LS5: Male | LT5: Female | LU5: Total | LV5: Male | LW5: Female | LX5: Male | LY5: Female | LZ5: Male | MA5: Female | MB5: Male | MC5: Female | MD5: Male | ME5: Female | MF5: Male | MG5: Female | MH5: Male | MI5: Female | MJ5: Male | MK5: Female | ML5: Male | MM5: Female | MN5: Total | MO5: Male | MP5: Female | MQ5: Male | MR5: Female | MS5: Male | MT5: Female | MU5: Male | MV5: Female | MW5: Male | MX5: Female | MY5: Male | MZ5: Female | NA5: Male | NB5: Female | NC5: Male | ND5: Female | NE5: Male | NF5: Female | NG5: Total | NI5: Male | NJ5: Female | NK5: Male | NL5: Female | NM5: Male | NN5: Female | NO5: Male | NP5: Female | NQ5: Male | NR5: Female | NS5: Male | NT5: Female | NU5: Male | NV5: Female | NW5: Male | NX5: Female | NY5: Male | NZ5: Female | OA5: Total
K6: =SUM(K8:K91) -> 0 | L6: =SUM(L8:L91) -> 0 | M6: =SUM(M8:M91) -> 0 | N6: =SUM(N8:N91) -> 0 | O6: =SUM(O8:O91) -> 0 | P6: =SUM(P8:P91) -> 0 | Q6: =SUM(Q8:Q91) -> 0 | R6: =SUM(R8:R91) -> 0 | ... NG6: =SUM(NG8:NG91) -> 273 | NI6: =SUM(NI8:NI91) -> 2 | NJ6: =SUM(NJ8:NJ91) -> 1 | NK6: =SUM(NK8:NK91) -> 1 | NL6: =SUM(NL8:NL91) -> 0 | NM6: =SUM(NM8:NM91) -> 0 | NN6: =SUM(NN8:NN91) -> 1 | NO6: =SUM(NO8:NO91) -> 0 | NP6: =SUM(NP8:NP91) -> 0 | ... OA6: =SUM(OA8:OA91) -> 6
A7: Region | B7: Division | C7: Province | D7: Municipality | E7: BEIS School ID | F7: School Name | G7: School Subclassification | H7: Sector | I7: Curricular Offering Classification | J7: School Type | K7: take_care_siblings_k_male | L7: take_care_siblings_k_female | M7: take_care_siblings_g1_male | N7: take_care_siblings_g1_female | O7: take_care_siblings_g2_male | P7: take_care_siblings_g2_female | Q7: take_care_siblings_g3_male | R7: take_care_siblings_g3_female | S7: take_care_siblings_g4_male | T7: take_care_siblings_g4_female | U7: take_care_siblings_g5_male | V7: take_care_siblings_g5_female | W7: take_care_siblings_g6_male | X7: take_care_siblings_g6_female | Y7: take_care_siblings_ng_male | Z7: take_care_siblings_ng_female | AA7: Male | AB7: Female | AC7: Total | AD7: marr_preg_k_male | AE7: marr_preg_k_female | AF7: marr_preg_g1_male | AG7: marr_preg_g1_female | AH7: marr_preg_g2_male | AI7: marr_preg_g2_female | AJ7: marr_preg_g3_male | AK7: marr_preg_g3_female | AL7: marr_preg_g4_male | AM7: marr_preg_g4_female | AN7: marr_preg_g5_male | AO7: marr_preg_g5_female | AP7: marr_preg_g6_male | AQ7: marr_preg_g6_female | AR7: marr_preg_ng_male | AS7: marr_preg_ng_female | AT7: Male | AU7: Female | AV7: Total | AW7: parents_toward_school_k_male | AX7: parents_toward_school_k_female | AY7: parents_toward_school_g1_male | AZ7: parents_toward_school_g1_female | BA7: parents_toward_school_g2_male | BB7: parents_toward_school_g2_female | BC7: parents_toward_school_g3_male | BD7: parents_toward_school_g3_female | BE7: parents_toward_school_g4_male | BF7: parents_toward_school_g4_female | BG7: parents_toward_school_g5_male | BH7: parents_toward_school_g5_female | BI7: parents_toward_school_g6_male | BJ7: parents_toward_school_g6_female | BK7: parents_toward_school_ng_male | BL7: parents_toward_school_ng_female | BM7: Male | BN7: Female | BO7: Total | BP7: fam_prob_feuds_k_male | BQ7: fam_prob_feuds_k_female | BR7: fam_prob_feuds_g1_male | BS7: fam_prob_feuds_g1_female | BT7: fam_prob_feuds_g2_male | BU7: fam_prob_feuds_g2_female | BV7: fam_prob_feuds_g3_male | BW7: fam_prob_feuds_g3_female | BX7: fam_prob_feuds_g4_male | BY7: fam_prob_feuds_g4_female | BZ7: fam_prob_feuds_g5_male | CA7: fam_prob_feuds_g5_female | CB7: fam_prob_feuds_g6_male | CC7: fam_prob_feuds_g6_female | CD7: fam_prob_feuds_ng_male | CE7: fam_prob_feuds_ng_female | CF7: Male | CG7: Female | CH7: Total | CI7: illness_k_male | CJ7: illness_k_female | CK7: illness_g1_male | CL7: illness_g1_female | CM7: illness_g2_male | CN7: illness_g2_female | CO7: illness_g3_male | CP7: illness_g3_female | CQ7: illness_g4_male | CR7: illness_g4_female | CS7: illness_g5_male | CT7: illness_g5_female | CU7: illness_g6_male | CV7: illness_g6_female | CW7: illness_ng_male | CX7: illness_ng_female | CY7: Male | CZ7: Female | DA7: Total | DB7: overage_k_male | DC7: overage_k_female | DD7: overage_g1_male | DE7: overage_g1_female | DF7: overage_g2_male | DG7: overage_g2_female | DH7: overage_g3_male | DI7: overage_g3_female | DJ7: overage_g4_male | DK7: overage_g4_female | DL7: overage_g5_male | DM7: overage_g5_female | DN7: overage_g6_male | DO7: overage_g6_female | DP7: overage_ng_male | DQ7: overage_ng_female | DR7: Male | DS7: Female | DT7: Total | DU7: drug_abuse_k_male | DV7: drug_abuse_k_female | DW7: drug_abuse_g1_male | DX7: drug_abuse_g1_female | DY7: drug_abuse_g2_male | DZ7: drug_abuse_g2_female | EA7: drug_abuse_g3_male | EB7: drug_abuse_g3_female | EC7: drug_abuse_g4_male | ED7: drug_abuse_g4_female | EE7: drug_abuse_g5_male | EF7: drug_abuse_g5_female | EG7: drug_abuse_g6_male | EH7: drug_abuse_g6_female | EI7: drug_abuse_ng_male | EJ7: drug_abuse_ng_female | EK7: Male | EL7: Female | EM7: Total | EN7: poor_acad_perf_k_male | EO7: poor_acad_perf_k_female | EP7: poor_acad_perf_g1_male | EQ7: poor_acad_perf_g1_female | ER7: poor_acad_perf_g2_male | ES7: poor_acad_perf_g2_female | ET7: poor_acad_perf_g3_male | EU7: poor_acad_perf_g3_female | EV7: poor_acad_perf_g4_male | EW7: poor_acad_perf_g4_female | EX7: poor_acad_perf_g5_male | EY7: poor_acad_perf_g5_female | EZ7: poor_acad_perf_g6_male | FA7: poor_acad_perf_g6_female | FB7: poor_acad_perf_ng_male | FC7: poor_acad_perf_ng_female | FD7: Male | FE7: Female | FF7: Total | FG7: lack_of_interest_k_male | FH7: lack_of_interest_k_female | FI7: lack_of_interest_g1_male | FJ7: lack_of_interest_g1_female | FK7: lack_of_interest_g2_male | FL7: lack_of_interest_g2_female | FM7: lack_of_interest_g3_male | FN7: lack_of_interest_g3_female | FO7: lack_of_interest_g4_male | FP7: lack_of_interest_g4_female | FQ7: lack_of_interest_g5_male | FR7: lack_of_interest_g5_female | FS7: lack_of_interest_g6_male | FT7: lack_of_interest_g6_female | FU7: lack_of_interest_ng_male | FV7: lack_of_interest_ng_female | FW7: Male | FX7: Female | FY7: Total | FZ7: hunger_malnu_k_male | GA7: hunger_malnu_k_female | GB7: hunger_malnu_g1_male | GC7: hunger_malnu_g1_female | GD7: hunger_malnu_g2_male | GE7: hunger_malnu_g2_female | GF7: hunger_malnu_g3_male | GG7: hunger_malnu_g3_female | GH7: hunger_malnu_g4_male | GI7: hunger_malnu_g4_female | GJ7: hunger_malnu_g5_male | GK7: hunger_malnu_g5_female | GL7: hunger_malnu_g6_male | GM7: hunger_malnu_g6_female | GN7: hunger_malnu_ng_male | GO7: hunger_malnu_ng_female | GP7: Male | GQ7: Female | GR7: Total | GS7: teacher_factor_k_male | GT7: teacher_factor_k_female | GU7: teacher_factor_g1_male | GV7: teacher_factor_g1_female | GW7: teacher_factor_g2_male | GX7: teacher_factor_g2_female | GY7: teacher_factor_g3_male | GZ7: teacher_factor_g3_female | HA7: teacher_factor_g4_male | HB7: teacher_factor_g4_female | HC7: teacher_factor_g5_male | HD7: teacher_factor_g5_female | HE7: teacher_factor_g6_male | HF7: teacher_factor_g6_female | HG7: teacher_factor_ng_male | HH7: teacher_factor_ng_female | HI7: Male | HJ7: Female | HK7: Total | HL7: physical_cond_classroom_k_male | HM7: physical_cond_classroom_k_female | HN7: physical_cond_classroom_g1_male | HO7: physical_cond_classroom_g1_female | HP7: physical_cond_classroom_g2_male | HQ7: physical_cond_classroom_g2_female | HR7: physical_cond_classroom_g3_male | HS7: physical_cond_classroom_g3_female | HT7: physical_cond_classroom_g4_male | HU7: physical_cond_classroom_g4_female | HV7: physical_cond_classroom_g5_male | HW7: physical_cond_classroom_g5_female | HX7: physical_cond_classroom_g6_male | HY7: physical_cond_classroom_g6_female | HZ7: physical_cond_classroom_ng_male | IA7: physical_cond_classroom_ng_female | IB7: Male | IC7: Female | ID7: Total | IE7: peer_influ_k_male | IF7: peer_influ_k_female | IG7: peer_influ_g1_male | IH7: peer_influ_g1_female | II7: peer_influ_g2_male | IJ7: peer_influ_g2_female | IK7: peer_influ_g3_male | IL7: peer_influ_g3_female | IM7: peer_influ_g4_male | IN7: peer_influ_g4_female | IO7: peer_influ_g5_male | IP7: peer_influ_g5_female | IQ7: peer_influ_g6_male | IR7: peer_influ_g6_female | IS7: peer_influ_ng_male | IT7: peer_influ_ng_female | IU7: Male | IV7: Female | IW7: Total | IX7: distance_home_school_k_male | IY7: distance_home_school_k_female | IZ7: distance_home_school_g1_male | JA7: distance_home_school_g1_female | JB7: distance_home_school_g2_male | JC7: distance_home_school_g2_female | JD7: distance_home_school_g3_male | JE7: distance_home_school_g3_female | JF7: distance_home_school_g4_male | JG7: distance_home_school_g4_female | JH7: distance_home_school_g5_male | JI7: distance_home_school_g5_female | JJ7: distance_home_school_g6_male | JK7: distance_home_school_g6_female | JL7: distance_home_school_ng_male | JM7: distance_home_school_ng_female | JN7: Male | JO7: Female | JP7: Total | JQ7: armed_conflict_k_male | JR7: armed_conflict_k_female | JS7: armed_conflict_g1_male | JT7: armed_conflict_g1_female | JU7: armed_conflict_g2_male | JV7: armed_conflict_g2_female | JW7: armed_conflict_g3_male | JX7: armed_conflict_g3_female | JY7: armed_conflict_g4_male | JZ7: armed_conflict_g4_female | KA7: armed_conflict_g5_male | KB7: armed_conflict_g5_female | KC7: armed_conflict_g6_male | KD7: armed_conflict_g6_female | KE7: armed_conflict_ng_male | KF7: armed_conflict_ng_female | KG7: Male | KH7: Female | KI7: Total | KJ7: calamities_k_male | KK7: calamities_k_female | KL7: calamities_g1_male | KM7: calamities_g1_female | KN7: calamities_g2_male | KO7: calamities_g2_female | KP7: calamities_g3_male | KQ7: calamities_g3_female | KR7: calamities_g4_male | KS7: calamities_g4_female | KT7: calamities_g5_male | KU7: calamities_g5_female | KV7: calamities_g6_male | KW7: calamities_g6_female | KX7: calamities_ng_male | KY7: calamities_ng_female | KZ7: Male | LA7: Female | LB7: Total | LC7: child_labor_k_male | LD7: child_labor_k_female | LE7: child_labor_g1_male | LF7: child_labor_g1_female | LG7: child_labor_g2_male | LH7: child_labor_g2_female | LI7: child_labor_g3_male | LJ7: child_labor_g3_female | LK7: child_labor_g4_male | LL7: child_labor_g4_female | LM7: child_labor_g5_male | LN7: child_labor_g5_female | LO7: child_labor_g6_male | LP7: child_labor_g6_female | LQ7: child_labor_ng_male | LR7: child_labor_ng_female | LS7: Male | LT7: Female | LU7: Total | LV7: others_k_male | LW7: others_k_female | LX7: others_g1_male | LY7: others_g1_female | LZ7: others_g2_male | MA7: others_g2_female | MB7: others_g3_male | MC7: others_g3_female | MD7: others_g4_male | ME7: others_g4_female | MF7: others_g5_male | MG7: others_g5_female | MH7: others_g6_male | MI7: others_g6_female | MJ7: others_ng_male | MK7: others_ng_female | ML7: Male | MM7: Female | MN7: Total | MO7: Male | MP7: Female | MQ7: Male | MR7: Female | MS7: Male | MT7: Female | MU7: Male | MV7: Female | MW7: Male | MX7: Female | MY7: Male | MZ7: Female | NA7: Male | NB7: Female | NC7: Male | ND7: Female | NE7: Male | NF7: Female | NG7: Total | NI7: death_k_male | NJ7: death_k_female | NK7: death_g1_male | NL7: death_g1_female | NM7: death_g2_male | NN7: death_g2_female | NO7: death_g3_male | NP7: death_g3_female | NQ7: death_g4_male | NR7: death_g4_female | NS7: death_g5_male | NT7: death_g5_female | NU7: death_g6_male | NV7: death_g6_female | NW7: death_ng_male | NX7: death_ng_female | NY7: Male | NZ7: Female | OA7: Total
A8: Region XI | B8: Mati City | C8: DAVAO ORIENTAL | D8: CITY OF MATI (Capital) | E8: 129374 | F8: Badas ES | G8: DepED Managed | H8: Public | I8: Kinder & Grade 1-6 | J8: School with no Annexes | K8: 0 | L8: 0 | M8: 0 | N8: 0 | O8: 0 | P8: 0 | Q8: 0 | R8: 0 | S8: 0 | T8: 0 | U8: 0 | V8: 0 | W8: 0 | X8: 0 | Y8: 0 | Z8: 0 | AA8: =K8+M8+O8+Q8+S8+U8+W8+Y8 -> 0 | AB8: =L8+N8+P8+R8+T8+V8+X8+Z8 -> 0 | AC8: =SUM(AA8:AB8) -> 0 | AD8: 0 | AE8: 0 | AF8: 0 | AG8: 0 | AH8: 0 | AI8: 0 | AJ8: 0 | AK8: 0 | AL8: 0 | AM8: 0 | AN8: 0 | AO8: 0 | AP8: 0 | AQ8: 0 | AR8: 0 | AS8: 0 | AT8: =AD8+AF8+AH8+AJ8+AL8+AN8+AP8+AR8 -> 0 | AU8: =AE8+AG8+AI8+AK8+AM8+AO8+AQ8+AS8 -> 0 | AV8: =SUM(AT8:AU8) -> 0 | AW8: 3 | AX8: 0 | AY8: 0 | AZ8: 0 | BA8: 0 | BB8: 0 | BC8: 0 | BD8: 0 | BE8: 0 | BF8: 0 | BG8: 0 | BH8: 0 | BI8: 0 | BJ8: 0 | BK8: 0 | BL8: 0 | BM8: =AW8+AY8+BA8+BC8+BE8+BG8+BI8+BK8 -> 3 | BN8: =AX8+AZ8+BB8+BD8+BF8+BH8+BJ8+BL8 -> 0 | BO8: =SUM(BM8:BN8) -> 3 | BP8: 0 | BQ8: 0 | BR8: 0 | BS8: 0 | BT8: 0 | BU8: 0 | BV8: 0 | BW8: 0 | BX8: 0 | BY8: 0 | BZ8: 0 | CA8: 0 | CB8: 0 | CC8: 0 | CD8: 0 | CE8: 0 | CF8: =BP8+BR8+BT8+BV8+BX8+BZ8+CB8+CD8 -> 0 | CG8: =BQ8+BS8+BU8+BW8+BY8+CA8+CC8+CE8 -> 0 | CH8: =SUM(CF8:CG8) -> 0 | CI8: 0 | CJ8: 0 | CK8: 0 | CL8: 0 | CM8: 0 | CN8: 0 | CO8: 0 | CP8: 0 | CQ8: 0 | CR8: 0 | CS8: 0 | CT8: 0 | CU8: 0 | CV8: 0 | CW8: 0 | CX8: 0 | CY8: =CI8+CK8+CM8+CO8+CQ8+CS8+CU8+CW8 -> 0 | CZ8: =CJ8+CL8+CN8+CP8+CR8+CT8+CV8+CX8 -> 0 | DA8: =SUM(CY8:CZ8) -> 0 | DB8: 0 | DC8: 0 | DD8: 0 | DE8: 0 | DF8: 0 | DG8: 0 | DH8: 0 | DI8: 0 | DJ8: 0 | DK8: 0 | DL8: 0 | DM8: 0 | DN8: 0 | DO8: 0 | DP8: 0 | DQ8: 0 | DR8: =DB8+DD8+DF8+DH8+DJ8+DL8+DN8+DP8 -> 0 | DS8: =DC8+DE8+DG8+DI8+DK8+DM8+DO8+DQ8 -> 0 | DT8: =SUM(DR8:DS8) -> 0 | DU8: 0 | DV8: 0 | DW8: 0 | DX8: 0 | DY8: 0 | DZ8: 0 | EA8: 0 | EB8: 0 | EC8: 0 | ED8: 0 | EE8: 0 | EF8: 0 | EG8: 0 | EH8: 0 | EI8: 0 | EJ8: 0 | EK8: =DU8+DW8+DY8+EA8+EC8+EE8+EG8+EI8 -> 0 | EL8: =DV8+DX8+DZ8+EB8+ED8+EF8+EH8+EJ8 -> 0 | EM8: =SUM(EK8:EL8) -> 0 | EN8: 0 | EO8: 0 | EP8: 0 | EQ8: 0 | ER8: 0 | ES8: 0 | ET8: 0 | EU8: 0 | EV8: 0 | EW8: 0 | EX8: 0 | EY8: 0 | EZ8: 0 | FA8: 0 | FB8: 0 | FC8: 0 | FD8: =EN8+EP8+ER8+ET8+EV8+EX8+EZ8+FB8 -> 0 | FE8: =EO8+EQ8+ES8+EU8+EW8+EY8+FA8+FC8 -> 0 | FF8: =SUM(FD8:FE8) -> 0 | FG8: 1 | FH8: 0 | FI8: 0 | FJ8: 0 | FK8: 0 | FL8: 0 | FM8: 0 | FN8: 0 | FO8: 0 | FP8: 0 | FQ8: 0 | FR8: 0 | FS8: 0 | FT8: 0 | FU8: 0 | FV8: 0 | FW8: =FG8+FI8+FK8+FM8+FO8+FQ8+FS8+FU8 -> 1 | FX8: =FH8+FJ8+FL8+FN8+FP8+FR8+FT8+FV8 -> 0 | FY8: =SUM(FW8:FX8) -> 1 | FZ8: 0 | GA8: 0 | GB8: 0 | GC8: 0 | GD8: 0 | GE8: 0 | GF8: 0 | GG8: 0 | GH8: 0 | GI8: 0 | GJ8: 0 | GK8: 0 | GL8: 0 | GM8: 0 | GN8: 0 | GO8: 0 | GP8: =FZ8+GB8+GD8+GF8+GH8+GJ8+GL8+GN8 -> 0 | GQ8: =GA8+GC8+GE8+GG8+GI8+GK8+GM8+GO8 -> 0 | GR8: =SUM(GP8:GQ8) -> 0 | GS8: 0 | GT8: 0 | GU8: 0 | GV8: 0 | GW8: 0 | GX8: 0 | GY8: 0 | GZ8: 0 | HA8: 0 | HB8: 0 | HC8: 0 | HD8: 0 | HE8: 0 | HF8: 0 | HG8: 0 | HH8: 0 | HI8: =GS8+GU8+GW8+GY8+HA8+HC8+HE8+HG8 -> 0 | HJ8: =GT8+GV8+GX8+GZ8+HB8+HD8+HF8+HH8 -> 0 | HK8: =SUM(HI8:HJ8) -> 0 | HL8: 0 | HM8: 0 | HN8: 0 | HO8: 0 | HP8: 0 | HQ8: 0 | HR8: 0 | HS8: 0 | HT8: 0 | HU8: 0 | HV8: 0 | HW8: 0 | HX8: 0 | HY8: 0 | HZ8: 0 | IA8: 0 | IB8: =HL8+HN8+HP8+HR8+HT8+HV8+HX8+HZ8 -> 0 | IC8: =HM8+HO8+HQ8+HS8+HU8+HW8+HY8+IA8 -> 0 | ID8: =SUM(IB8:IC8) -> 0 | IE8: 0 | IF8: 0 | IG8: 0 | IH8: 0 | II8: 0 | IJ8: 0 | IK8: 0 | IL8: 0 | IM8: 0 | IN8: 0 | IO8: 0 | IP8: 0 | IQ8: 0 | IR8: 0 | IS8: 0 | IT8: 0 | IU8: =IE8+IG8+II8+IK8+IM8+IO8+IQ8+IS8 -> 0 | IV8: =IF8+IH8+IJ8+IL8+IN8+IP8+IR8+IT8 -> 0 | IW8: =SUM(IU8:IV8) -> 0 | IX8: 0 | IY8: 0 | IZ8: 0 | JA8: 0 | JB8: 0 | JC8: 0 | JD8: 0 | JE8: 0 | JF8: 0 | JG8: 0 | JH8: 0 | JI8: 0 | JJ8: 0 | JK8: 0 | JL8: 0 | JM8: 0 | JN8: =IX8+IZ8+JB8+JD8+JF8+JH8+JJ8+JL8 -> 0 | JO8: =IY8+JA8+JC8+JE8+JG8+JI8+JK8+JM8 -> 0 | JP8: =SUM(JN8:JO8) -> 0 | JQ8: 0 | JR8: 0 | JS8: 0 | JT8: 0 | JU8: 0 | JV8: 0 | JW8: 0 | JX8: 0 | JY8: 0 | JZ8: 0 | KA8: 0 | KB8: 0 | KC8: 0 | KD8: 0 | KE8: 0 | KF8: 0 | KG8: =JQ8+JS8+JU8+JW8+JY8+KA8+KC8+KE8 -> 0 | KH8: =JR8+JT8+JV8+JX8+JZ8+KB8+KD8+KF8 -> 0 | KI8: =SUM(KG8:KH8) -> 0 | KJ8: 0 | KK8: 0 | KL8: 0 | KM8: 0 | KN8: 0 | KO8: 0 | KP8: 0 | KQ8: 0 | KR8: 0 | KS8: 0 | KT8: 0 | KU8: 0 | KV8: 0 | KW8: 0 | KX8: 0 | KY8: 0 | KZ8: =KJ8+KL8+KN8+KP8+KR8+KT8+KV8+KX8 -> 0 | LA8: =KK8+KM8+KO8+KQ8+KS8+KU8+KW8+KY8 -> 0 | LB8: =SUM(KZ8:LA8) -> 0 | LC8: 0 | LD8: 0 | LE8: 0 | LF8: 0 | LG8: 0 | LH8: 0 | LI8: 0 | LJ8: 0 | LK8: 0 | LL8: 0 | LM8: 0 | LN8: 0 | LO8: 0 | LP8: 0 | LQ8: 0 | LR8: 0 | LS8: =LC8+LE8+LG8+LI8+LK8+LM8+LO8+LQ8 -> 0 | LT8: =LD8+LF8+LH8+LJ8+LL8+LN8+LP8+LR8 -> 0 | LU8: =SUM(LS8:LT8) -> 0 | LV8: 0 | LW8: 0 | LX8: 0 | LY8: 0 | LZ8: 0 | MA8: 0 | MB8: 0 | MC8: 0 | MD8: 0 | ME8: 0 | MF8: 0 | MG8: 0 | MH8: 0 | MI8: 0 | MJ8: 0 | MK8: 0 | ML8: =LV8+LX8+LZ8+MB8+MD8+MF8+MH8+MJ8 -> 0 | MM8: =LW8+LY8+MA8+MC8+ME8+MG8+MI8+MK8 -> 0 | MN8: =SUM(ML8:MM8) -> 0 | MO8: =K8+AD8+AW8+BP8+CI8+DB8+DU8+EN8+FG8+FZ8+GS8+HL8+IE8+IX8+JQ8+KJ8+LC8+LV8 -> 4 | MP8: =L8+AE8+AX8+BQ8+CJ8+DC8+DV8+EO8+FH8+GA8+GT8+HM8+IF8+IY8+JR8+KK8+LD8+LW8 -> 0 | MQ8: =M8+AF8+AY8+BR8+CK8+DD8+DW8+EP8+FI8+GB8+GU8+HN8+IG8+IZ8+JS8+KL8+LE8+LX8 -> 0 | MR8: =N8+AG8+AZ8+BS8+CL8+DE8+DX8+EQ8+FJ8+GC8+GV8+HO8+IH8+JA8+JT8+KM8+LF8+LY8 -> 0 | MS8: =O8+AH8+BA8+BT8+CM8+DF8+DY8+ER8+FK8+GD8+GW8+HP8+II8+JB8+JU8+KN8+LG8+LZ8 -> 0 | MT8: =P8+AI8+BB8+BU8+CN8+DG8+DZ8+ES8+FL8+GE8+GX8+HQ8+IJ8+JC8+JV8+KO8+LH8+MA8 -> 0 | MU8: =Q8+AJ8+BC8+BV8+CO8+DH8+EA8+ET8+FM8+GF8+GY8+HR8+IK8+JD8+JW8+KP8+LI8+MB8 -> 0 | MV8: =R8+AK8+BD8+BW8+CP8+DI8+EB8+EU8+FN8+GG8+GZ8+HS8+IL8+JE8+JX8+KQ8+LJ8+MC8 -> 0 | ... NG8: =AC8+AV8+BO8+CH8+DA8+DT8+EM8+FF8+FY8+GR8+HK8+ID8+IW8+JP8+KI8+LB8+LU8+MN8 -> 4 | NI8: 0 | NJ8: 0 | NK8: 0 | NL8: 0 | NM8: 0 | NN8: 0 | NO8: 0 | NP8: 0 | NQ8: 0 | NR8: 0 | NS8: 0 | NT8: 0 | NU8: 0 | NV8: 0 | NW8: 0 | NX8: 0 | NY8: =NI8+NK8+NM8+NO8+NQ8+NS8+NU8+NW8 -> 0 | NZ8: =NJ8+NL8+NN8+NP8+NR8+NT8+NV8+NX8 -> 0 | OA8: =SUM(NY8:NZ8) -> 0
A9: Region XI | B9: Mati City | C9: DAVAO ORIENTAL | D9: CITY OF MATI (Capital) | E9: 129375 | F9: Baso ES | G9: DepED Managed | H9: Public | I9: Kinder & Grade 1-6 | J9: School with no Annexes | AA9: =K9+M9+O9+Q9+S9+U9+W9+Y9 -> 0 | AB9: =L9+N9+P9+R9+T9+V9+X9+Z9 -> 0 | AC9: =SUM(AA9:AB9) -> 0 | AT9: =AD9+AF9+AH9+AJ9+AL9+AN9+AP9+AR9 -> 0 | AU9: =AE9+AG9+AI9+AK9+AM9+AO9+AQ9+AS9 -> 0 | AV9: =SUM(AT9:AU9) -> 0 | BM9: =AW9+AY9+BA9+BC9+BE9+BG9+BI9+BK9 -> 0 | BN9: =AX9+AZ9+BB9+BD9+BF9+BH9+BJ9+BL9 -> 0 | BO9: =SUM(BM9:BN9) -> 0 | CF9: =BP9+BR9+BT9+BV9+BX9+BZ9+CB9+CD9 -> 0 | CG9: =BQ9+BS9+BU9+BW9+BY9+CA9+CC9+CE9 -> 0 | CH9: =SUM(CF9:CG9) -> 0 | CY9: =CI9+CK9+CM9+CO9+CQ9+CS9+CU9+CW9 -> 0 | CZ9: =CJ9+CL9+CN9+CP9+CR9+CT9+CV9+CX9 -> 0 | DA9: =SUM(CY9:CZ9) -> 0 | DR9: =DB9+DD9+DF9+DH9+DJ9+DL9+DN9+DP9 -> 0 | DS9: =DC9+DE9+DG9+DI9+DK9+DM9+DO9+DQ9 -> 0 | DT9: =SUM(DR9:DS9) -> 0 | EK9: =DU9+DW9+DY9+EA9+EC9+EE9+EG9+EI9 -> 0 | EL9: =DV9+DX9+DZ9+EB9+ED9+EF9+EH9+EJ9 -> 0 | EM9: =SUM(EK9:EL9) -> 0 | FD9: =EN9+EP9+ER9+ET9+EV9+EX9+EZ9+FB9 -> 0 | FE9: =EO9+EQ9+ES9+EU9+EW9+EY9+FA9+FC9 -> 0 | FF9: =SUM(FD9:FE9) -> 0 | FW9: =FG9+FI9+FK9+FM9+FO9+FQ9+FS9+FU9 -> 0 | FX9: =FH9+FJ9+FL9+FN9+FP9+FR9+FT9+FV9 -> 0 | FY9: =SUM(FW9:FX9) -> 0 | GP9: =FZ9+GB9+GD9+GF9+GH9+GJ9+GL9+GN9 -> 0 | GQ9: =GA9+GC9+GE9+GG9+GI9+GK9+GM9+GO9 -> 0 | GR9: =SUM(GP9:GQ9) -> 0 | HI9: =GS9+GU9+GW9+GY9+HA9+HC9+HE9+HG9 -> 0 | HJ9: =GT9+GV9+GX9+GZ9+HB9+HD9+HF9+HH9 -> 0 | HK9: =SUM(HI9:HJ9) -> 0 | IB9: =HL9+HN9+HP9+HR9+HT9+HV9+HX9+HZ9 -> 0 | IC9: =HM9+HO9+HQ9+HS9+HU9+HW9+HY9+IA9 -> 0 | ID9: =SUM(IB9:IC9) -> 0 | IU9: =IE9+IG9+II9+IK9+IM9+IO9+IQ9+IS9 -> 0 | IV9: =IF9+IH9+IJ9+IL9+IN9+IP9+IR9+IT9 -> 0 | IW9: =SUM(IU9:IV9) -> 0 | JN9: =IX9+IZ9+JB9+JD9+JF9+JH9+JJ9+JL9 -> 0 | JO9: =IY9+JA9+JC9+JE9+JG9+JI9+JK9+JM9 -> 0 | JP9: =SUM(JN9:JO9) -> 0 | KG9: =JQ9+JS9+JU9+JW9+JY9+KA9+KC9+KE9 -> 0 | KH9: =JR9+JT9+JV9+JX9+JZ9+KB9+KD9+KF9 -> 0 | KI9: =SUM(KG9:KH9) -> 0 | KZ9: =KJ9+KL9+KN9+KP9+KR9+KT9+KV9+KX9 -> 0 | LA9: =KK9+KM9+KO9+KQ9+KS9+KU9+KW9+KY9 -> 0 | LB9: =SUM(KZ9:LA9) -> 0 | LS9: =LC9+LE9+LG9+LI9+LK9+LM9+LO9+LQ9 -> 0 | LT9: =LD9+LF9+LH9+LJ9+LL9+LN9+LP9+LR9 -> 0 | LU9: =SUM(LS9:LT9) -> 0 | ML9: =LV9+LX9+LZ9+MB9+MD9+MF9+MH9+MJ9 -> 0 | MM9: =LW9+LY9+MA9+MC9+ME9+MG9+MI9+MK9 -> 0 | MN9: =SUM(ML9:MM9) -> 0 | MO9: =K9+AD9+AW9+BP9+CI9+DB9+DU9+EN9+FG9+FZ9+GS9+HL9+IE9+IX9+JQ9+KJ9+LC9+LV9 -> 0 | MP9: =L9+AE9+AX9+BQ9+CJ9+DC9+DV9+EO9+FH9+GA9+GT9+HM9+IF9+IY9+JR9+KK9+LD9+LW9 -> 0 | MQ9: =M9+AF9+AY9+BR9+CK9+DD9+DW9+EP9+FI9+GB9+GU9+HN9+IG9+IZ9+JS9+KL9+LE9+LX9 -> 0 | MR9: =N9+AG9+AZ9+BS9+CL9+DE9+DX9+EQ9+FJ9+GC9+GV9+HO9+IH9+JA9+JT9+KM9+LF9+LY9 -> 0 | MS9: =O9+AH9+BA9+BT9+CM9+DF9+DY9+ER9+FK9+GD9+GW9+HP9+II9+JB9+JU9+KN9+LG9+LZ9 -> 0 | MT9: =P9+AI9+BB9+BU9+CN9+DG9+DZ9+ES9+FL9+GE9+GX9+HQ9+IJ9+JC9+JV9+KO9+LH9+MA9 -> 0 | MU9: =Q9+AJ9+BC9+BV9+CO9+DH9+EA9+ET9+FM9+GF9+GY9+HR9+IK9+JD9+JW9+KP9+LI9+MB9 -> 0 | MV9: =R9+AK9+BD9+BW9+CP9+DI9+EB9+EU9+FN9+GG9+GZ9+HS9+IL9+JE9+JX9+KQ9+LJ9+MC9 -> 0 | ... NG9: =AC9+AV9+BO9+CH9+DA9+DT9+EM9+FF9+FY9+GR9+HK9+ID9+IW9+JP9+KI9+LB9+LU9+MN9 -> 0 | NY9: =NI9+NK9+NM9+NO9+NQ9+NS9+NU9+NW9 -> 0 | NZ9: =NJ9+NL9+NN9+NP9+NR9+NT9+NV9+NX9 -> 0 | OA9: =SUM(NY9:NZ9) -> 0
A10: Region XI | B10: Mati City | C10: DAVAO ORIENTAL | D10: CITY OF MATI (Capital) | E10: 129376 | F10: Belsonda ES | G10: DepED Managed | H10: Public | I10: Kinder & Grade 1-6 | J10: School with no Annexes | AA10: =K10+M10+O10+Q10+S10+U10+W10+Y10 -> 0 | AB10: =L10+N10+P10+R10+T10+V10+X10+Z10 -> 0 | AC10: =SUM(AA10:AB10) -> 0 | AT10: =AD10+AF10+AH10+AJ10+AL10+AN10+AP10+AR10 -> 0 | AU10: =AE10+AG10+AI10+AK10+AM10+AO10+AQ10+AS10 -> 0 | AV10: =SUM(AT10:AU10) -> 0 | BM10: =AW10+AY10+BA10+BC10+BE10+BG10+BI10+BK10 -> 0 | BN10: =AX10+AZ10+BB10+BD10+BF10+BH10+BJ10+BL10 -> 0 | BO10: =SUM(BM10:BN10) -> 0 | CF10: =BP10+BR10+BT10+BV10+BX10+BZ10+CB10+CD10 -> 0 | CG10: =BQ10+BS10+BU10+BW10+BY10+CA10+CC10+CE10 -> 0 | CH10: =SUM(CF10:CG10) -> 0 | CY10: =CI10+CK10+CM10+CO10+CQ10+CS10+CU10+CW10 -> 0 | CZ10: =CJ10+CL10+CN10+CP10+CR10+CT10+CV10+CX10 -> 0 | DA10: =SUM(CY10:CZ10) -> 0 | DR10: =DB10+DD10+DF10+DH10+DJ10+DL10+DN10+DP10 -> 0 | DS10: =DC10+DE10+DG10+DI10+DK10+DM10+DO10+DQ10 -> 0 | DT10: =SUM(DR10:DS10) -> 0 | EK10: =DU10+DW10+DY10+EA10+EC10+EE10+EG10+EI10 -> 0 | EL10: =DV10+DX10+DZ10+EB10+ED10+EF10+EH10+EJ10 -> 0 | EM10: =SUM(EK10:EL10) -> 0 | FD10: =EN10+EP10+ER10+ET10+EV10+EX10+EZ10+FB10 -> 0 | FE10: =EO10+EQ10+ES10+EU10+EW10+EY10+FA10+FC10 -> 0 | FF10: =SUM(FD10:FE10) -> 0 | FW10: =FG10+FI10+FK10+FM10+FO10+FQ10+FS10+FU10 -> 0 | FX10: =FH10+FJ10+FL10+FN10+FP10+FR10+FT10+FV10 -> 0 | FY10: =SUM(FW10:FX10) -> 0 | GP10: =FZ10+GB10+GD10+GF10+GH10+GJ10+GL10+GN10 -> 0 | GQ10: =GA10+GC10+GE10+GG10+GI10+GK10+GM10+GO10 -> 0 | GR10: =SUM(GP10:GQ10) -> 0 | HI10: =GS10+GU10+GW10+GY10+HA10+HC10+HE10+HG10 -> 0 | HJ10: =GT10+GV10+GX10+GZ10+HB10+HD10+HF10+HH10 -> 0 | HK10: =SUM(HI10:HJ10) -> 0 | IB10: =HL10+HN10+HP10+HR10+HT10+HV10+HX10+HZ10 -> 0 | IC10: =HM10+HO10+HQ10+HS10+HU10+HW10+HY10+IA10 -> 0 | ID10: =SUM(IB10:IC10) -> 0 | IU10: =IE10+IG10+II10+IK10+IM10+IO10+IQ10+IS10 -> 0 | IV10: =IF10+IH10+IJ10+IL10+IN10+IP10+IR10+IT10 -> 0 | IW10: =SUM(IU10:IV10) -> 0 | JN10: =IX10+IZ10+JB10+JD10+JF10+JH10+JJ10+JL10 -> 0 | JO10: =IY10+JA10+JC10+JE10+JG10+JI10+JK10+JM10 -> 0 | JP10: =SUM(JN10:JO10) -> 0 | KG10: =JQ10+JS10+JU10+JW10+JY10+KA10+KC10+KE10 -> 0 | KH10: =JR10+JT10+JV10+JX10+JZ10+KB10+KD10+KF10 -> 0 | KI10: =SUM(KG10:KH10) -> 0 | KZ10: =KJ10+KL10+KN10+KP10+KR10+KT10+KV10+KX10 -> 0 | LA10: =KK10+KM10+KO10+KQ10+KS10+KU10+KW10+KY10 -> 0 | LB10: =SUM(KZ10:LA10) -> 0 | LS10: =LC10+LE10+LG10+LI10+LK10+LM10+LO10+LQ10 -> 0 | LT10: =LD10+LF10+LH10+LJ10+LL10+LN10+LP10+LR10 -> 0 | LU10: =SUM(LS10:LT10) -> 0 | ML10: =LV10+LX10+LZ10+MB10+MD10+MF10+MH10+MJ10 -> 0 | MM10: =LW10+LY10+MA10+MC10+ME10+MG10+MI10+MK10 -> 0 | MN10: =SUM(ML10:MM10) -> 0 | MO10: =K10+AD10+AW10+BP10+CI10+DB10+DU10+EN10+FG10+FZ10+GS10+HL10+IE10+IX10+JQ10+KJ10+LC10+LV10 -> 0 | MP10: =L10+AE10+AX10+BQ10+CJ10+DC10+DV10+EO10+FH10+GA10+GT10+HM10+IF10+IY10+JR10+KK10+LD10+LW10 -> 0 | MQ10: =M10+AF10+AY10+BR10+CK10+DD10+DW10+EP10+FI10+GB10+GU10+HN10+IG10+IZ10+JS10+KL10+LE10+LX10 -> 0 | MR10: =N10+AG10+AZ10+BS10+CL10+DE10+DX10+EQ10+FJ10+GC10+GV10+HO10+IH10+JA10+JT10+KM10+LF10+LY10 -> 0 | MS10: =O10+AH10+BA10+BT10+CM10+DF10+DY10+ER10+FK10+GD10+GW10+HP10+II10+JB10+JU10+KN10+LG10+LZ10 -> 0 | MT10: =P10+AI10+BB10+BU10+CN10+DG10+DZ10+ES10+FL10+GE10+GX10+HQ10+IJ10+JC10+JV10+KO10+LH10+MA10 -> 0 | MU10: =Q10+AJ10+BC10+BV10+CO10+DH10+EA10+ET10+FM10+GF10+GY10+HR10+IK10+JD10+JW10+KP10+LI10+MB10 -> 0 | MV10: =R10+AK10+BD10+BW10+CP10+DI10+EB10+EU10+FN10+GG10+GZ10+HS10+IL10+JE10+JX10+KQ10+LJ10+MC10 -> 0 | ... NG10: =AC10+AV10+BO10+CH10+DA10+DT10+EM10+FF10+FY10+GR10+HK10+ID10+IW10+JP10+KI10+LB10+LU10+MN10 -> 0 | NY10: =NI10+NK10+NM10+NO10+NQ10+NS10+NU10+NW10 -> 0 | NZ10: =NJ10+NL10+NN10+NP10+NR10+NT10+NV10+NX10 -> 0 | OA10: =SUM(NY10:NZ10) -> 0
A11: Region XI | B11: Mati City | C11: DAVAO ORIENTAL | D11: CITY OF MATI (Capital) | E11: 129377 | F11: Bagong Lipunan Improvement Site and Services Elementary School | G11: DepED Managed | H11: Public | I11: Kinder & Grade 1-6 | J11: School with no Annexes | K11: 0 | L11: 0 | M11: 0 | N11: 0 | O11: 0 | P11: 0 | Q11: 0 | R11: 0 | S11: 0 | T11: 0 | U11: 0 | V11: 0 | W11: 0 | X11: 0 | Y11: 0 | Z11: 0 | AA11: =K11+M11+O11+Q11+S11+U11+W11+Y11 -> 0 | AB11: =L11+N11+P11+R11+T11+V11+X11+Z11 -> 0 | AC11: =SUM(AA11:AB11) -> 0 | AD11: 0 | AE11: 0 | AF11: 0 | AG11: 0 | AH11: 0 | AI11: 0 | AJ11: 0 | AK11: 0 | AL11: 0 | AM11: 0 | AN11: 0 | AO11: 0 | AP11: 0 | AQ11: 0 | AR11: 0 | AS11: 0 | AT11: =AD11+AF11+AH11+AJ11+AL11+AN11+AP11+AR11 -> 0 | AU11: =AE11+AG11+AI11+AK11+AM11+AO11+AQ11+AS11 -> 0 | AV11: =SUM(AT11:AU11) -> 0 | AW11: 0 | AX11: 0 | AY11: 0 | AZ11: 0 | BA11: 0 | BB11: 0 | BC11: 0 | BD11: 0 | BE11: 0 | BF11: 0 | BG11: 0 | BH11: 0 | BI11: 0 | BJ11: 0 | BK11: 0 | BL11: 0 | BM11: =AW11+AY11+BA11+BC11+BE11+BG11+BI11+BK11 -> 0 | BN11: =AX11+AZ11+BB11+BD11+BF11+BH11+BJ11+BL11 -> 0 | BO11: =SUM(BM11:BN11) -> 0 | BP11: 0 | BQ11: 0 | BR11: 0 | BS11: 0 | BT11: 0 | BU11: 0 | BV11: 0 | BW11: 0 | BX11: 0 | BY11: 0 | BZ11: 0 | CA11: 0 | CB11: 0 | CC11: 2 | CD11: 0 | CE11: 0 | CF11: =BP11+BR11+BT11+BV11+BX11+BZ11+CB11+CD11 -> 0 | CG11: =BQ11+BS11+BU11+BW11+BY11+CA11+CC11+CE11 -> 2 | CH11: =SUM(CF11:CG11) -> 2 | CI11: 0 | CJ11: 0 | CK11: 0 | CL11: 0 | CM11: 0 | CN11: 0 | CO11: 0 | CP11: 0 | CQ11: 0 | CR11: 0 | CS11: 0 | CT11: 0 | CU11: 0 | CV11: 0 | CW11: 0 | CX11: 0 | CY11: =CI11+CK11+CM11+CO11+CQ11+CS11+CU11+CW11 -> 0 | CZ11: =CJ11+CL11+CN11+CP11+CR11+CT11+CV11+CX11 -> 0 | DA11: =SUM(CY11:CZ11) -> 0 | DB11: 0 | DC11: 0 | DD11: 0 | DE11: 0 | DF11: 0 | DG11: 0 | DH11: 0 | DI11: 0 | DJ11: 0 | DK11: 0 | DL11: 0 | DM11: 0 | DN11: 0 | DO11: 0 | DP11: 0 | DQ11: 0 | DR11: =DB11+DD11+DF11+DH11+DJ11+DL11+DN11+DP11 -> 0 | DS11: =DC11+DE11+DG11+DI11+DK11+DM11+DO11+DQ11 -> 0 | DT11: =SUM(DR11:DS11) -> 0 | DU11: 0 | DV11: 0 | DW11: 0 | DX11: 0 | DY11: 0 | DZ11: 0 | EA11: 0 | EB11: 0 | EC11: 0 | ED11: 0 | EE11: 0 | EF11: 0 | EG11: 0 | EH11: 0 | EI11: 0 | EJ11: 0 | EK11: =DU11+DW11+DY11+EA11+EC11+EE11+EG11+EI11 -> 0 | EL11: =DV11+DX11+DZ11+EB11+ED11+EF11+EH11+EJ11 -> 0 | EM11: =SUM(EK11:EL11) -> 0 | EN11: 0 | EO11: 0 | EP11: 0 | EQ11: 0 | ER11: 0 | ES11: 0 | ET11: 0 | EU11: 0 | EV11: 0 | EW11: 0 | EX11: 0 | EY11: 0 | EZ11: 0 | FA11: 0 | FB11: 0 | FC11: 0 | FD11: =EN11+EP11+ER11+ET11+EV11+EX11+EZ11+FB11 -> 0 | FE11: =EO11+EQ11+ES11+EU11+EW11+EY11+FA11+FC11 -> 0 | FF11: =SUM(FD11:FE11) -> 0 | FG11: 2 | FH11: 0 | FI11: 0 | FJ11: 0 | FK11: 1 | FL11: 0 | FM11: 0 | FN11: 0 | FO11: 0 | FP11: 0 | FQ11: 0 | FR11: 0 | FS11: 0 | FT11: 0 | FU11: 0 | FV11: 0 | FW11: =FG11+FI11+FK11+FM11+FO11+FQ11+FS11+FU11 -> 3 | FX11: =FH11+FJ11+FL11+FN11+FP11+FR11+FT11+FV11 -> 0 | FY11: =SUM(FW11:FX11) -> 3 | FZ11: 0 | GA11: 0 | GB11: 0 | GC11: 0 | GD11: 0 | GE11: 0 | GF11: 0 | GG11: 0 | GH11: 0 | GI11: 0 | GJ11: 0 | GK11: 0 | GL11: 0 | GM11: 0 | GN11: 0 | GO11: 0 | GP11: =FZ11+GB11+GD11+GF11+GH11+GJ11+GL11+GN11 -> 0 | GQ11: =GA11+GC11+GE11+GG11+GI11+GK11+GM11+GO11 -> 0 | GR11: =SUM(GP11:GQ11) -> 0 | GS11: 0 | GT11: 0 | GU11: 0 | GV11: 0 | GW11: 0 | GX11: 0 | GY11: 0 | GZ11: 0 | HA11: 0 | HB11: 0 | HC11: 0 | HD11: 0 | HE11: 0 | HF11: 0 | HG11: 0 | HH11: 0 | HI11: =GS11+GU11+GW11+GY11+HA11+HC11+HE11+HG11 -> 0 | HJ11: =GT11+GV11+GX11+GZ11+HB11+HD11+HF11+HH11 -> 0 | HK11: =SUM(HI11:HJ11) -> 0 | HL11: 0 | HM11: 0 | HN11: 0 | HO11: 0 | HP11: 0 | HQ11: 0 | HR11: 0 | HS11: 0 | HT11: 0 | HU11: 0 | HV11: 0 | HW11: 0 | HX11: 0 | HY11: 0 | HZ11: 0 | IA11: 0 | IB11: =HL11+HN11+HP11+HR11+HT11+HV11+HX11+HZ11 -> 0 | IC11: =HM11+HO11+HQ11+HS11+HU11+HW11+HY11+IA11 -> 0 | ID11: =SUM(IB11:IC11) -> 0 | IE11: 0 | IF11: 0 | IG11: 0 | IH11: 0 | II11: 0 | IJ11: 0 | IK11: 0 | IL11: 0 | IM11: 0 | IN11: 0 | IO11: 0 | IP11: 0 | IQ11: 0 | IR11: 0 | IS11: 0 | IT11: 0 | IU11: =IE11+IG11+II11+IK11+IM11+IO11+IQ11+IS11 -> 0 | IV11: =IF11+IH11+IJ11+IL11+IN11+IP11+IR11+IT11 -> 0 | IW11: =SUM(IU11:IV11) -> 0 | IX11: 0 | IY11: 0 | IZ11: 0 | JA11: 0 | JB11: 0 | JC11: 0 | JD11: 0 | JE11: 0 | JF11: 0 | JG11: 0 | JH11: 0 | JI11: 0 | JJ11: 0 | JK11: 0 | JL11: 0 | JM11: 0 | JN11: =IX11+IZ11+JB11+JD11+JF11+JH11+JJ11+JL11 -> 0 | JO11: =IY11+JA11+JC11+JE11+JG11+JI11+JK11+JM11 -> 0 | JP11: =SUM(JN11:JO11) -> 0 | JQ11: 0 | JR11: 0 | JS11: 0 | JT11: 0 | JU11: 0 | JV11: 0 | JW11: 0 | JX11: 0 | JY11: 0 | JZ11: 0 | KA11: 0 | KB11: 0 | KC11: 0 | KD11: 0 | KE11: 0 | KF11: 0 | KG11: =JQ11+JS11+JU11+JW11+JY11+KA11+KC11+KE11 -> 0 | KH11: =JR11+JT11+JV11+JX11+JZ11+KB11+KD11+KF11 -> 0 | KI11: =SUM(KG11:KH11) -> 0 | KJ11: 0 | KK11: 0 | KL11: 0 | KM11: 0 | KN11: 0 | KO11: 0 | KP11: 0 | KQ11: 0 | KR11: 0 | KS11: 0 | KT11: 0 | KU11: 0 | KV11: 0 | KW11: 0 | KX11: 0 | KY11: 0 | KZ11: =KJ11+KL11+KN11+KP11+KR11+KT11+KV11+KX11 -> 0 | LA11: =KK11+KM11+KO11+KQ11+KS11+KU11+KW11+KY11 -> 0 | LB11: =SUM(KZ11:LA11) -> 0 | LC11: 0 | LD11: 0 | LE11: 0 | LF11: 0 | LG11: 0 | LH11: 0 | LI11: 0 | LJ11: 0 | LK11: 0 | LL11: 0 | LM11: 0 | LN11: 0 | LO11: 0 | LP11: 0 | LQ11: 0 | LR11: 0 | LS11: =LC11+LE11+LG11+LI11+LK11+LM11+LO11+LQ11 -> 0 | LT11: =LD11+LF11+LH11+LJ11+LL11+LN11+LP11+LR11 -> 0 | LU11: =SUM(LS11:LT11) -> 0 | LV11: 0 | LW11: 0 | LX11: 0 | LY11: 0 | LZ11: 0 | MA11: 0 | MB11: 0 | MC11: 0 | MD11: 0 | ME11: 0 | MF11: 0 | MG11: 0 | MH11: 0 | MI11: 0 | MJ11: 0 | MK11: 0 | ML11: =LV11+LX11+LZ11+MB11+MD11+MF11+MH11+MJ11 -> 0 | MM11: =LW11+LY11+MA11+MC11+ME11+MG11+MI11+MK11 -> 0 | MN11: =SUM(ML11:MM11) -> 0 | MO11: =K11+AD11+AW11+BP11+CI11+DB11+DU11+EN11+FG11+FZ11+GS11+HL11+IE11+IX11+JQ11+KJ11+LC11+LV11 -> 2 | MP11: =L11+AE11+AX11+BQ11+CJ11+DC11+DV11+EO11+FH11+GA11+GT11+HM11+IF11+IY11+JR11+KK11+LD11+LW11 -> 0 | MQ11: =M11+AF11+AY11+BR11+CK11+DD11+DW11+EP11+FI11+GB11+GU11+HN11+IG11+IZ11+JS11+KL11+LE11+LX11 -> 0 | MR11: =N11+AG11+AZ11+BS11+CL11+DE11+DX11+EQ11+FJ11+GC11+GV11+HO11+IH11+JA11+JT11+KM11+LF11+LY11 -> 0 | MS11: =O11+AH11+BA11+BT11+CM11+DF11+DY11+ER11+FK11+GD11+GW11+HP11+II11+JB11+JU11+KN11+LG11+LZ11 -> 1 | MT11: =P11+AI11+BB11+BU11+CN11+DG11+DZ11+ES11+FL11+GE11+GX11+HQ11+IJ11+JC11+JV11+KO11+LH11+MA11 -> 0 | MU11: =Q11+AJ11+BC11+BV11+CO11+DH11+EA11+ET11+FM11+GF11+GY11+HR11+IK11+JD11+JW11+KP11+LI11+MB11 -> 0 | MV11: =R11+AK11+BD11+BW11+CP11+DI11+EB11+EU11+FN11+GG11+GZ11+HS11+IL11+JE11+JX11+KQ11+LJ11+MC11 -> 0 | ... NG11: =AC11+AV11+BO11+CH11+DA11+DT11+EM11+FF11+FY11+GR11+HK11+ID11+IW11+JP11+KI11+LB11+LU11+MN11 -> 5 | NI11: 0 | NJ11: 0 | NK11: 0 | NL11: 0 | NM11: 0 | NN11: 0 | NO11: 0 | NP11: 0 | NQ11: 0 | NR11: 0 | NS11: 0 | NT11: 0 | NU11: 0 | NV11: 0 | NW11: 0 | NX11: 0 | NY11: =NI11+NK11+NM11+NO11+NQ11+NS11+NU11+NW11 -> 0 | NZ11: =NJ11+NL11+NN11+NP11+NR11+NT11+NV11+NX11 -> 0 | OA11: =SUM(NY11:NZ11) -> 0
A12: Region XI | B12: Mati City | C12: DAVAO ORIENTAL | D12: CITY OF MATI (Capital) | E12: 129380 | F12: Rabat-Rocamora Mati CES I | G12: DepED Managed | H12: Public | I12: Kinder & Grade 1-6 | J12: School with no Annexes | K12: 0 | L12: 0 | M12: 0 | N12: 0 | O12: 0 | P12: 0 | Q12: 0 | R12: 0 | S12: 0 | T12: 0 | U12: 0 | V12: 0 | W12: 0 | X12: 0 | Y12: 0 | Z12: 0 | AA12: =K12+M12+O12+Q12+S12+U12+W12+Y12 -> 0 | AB12: =L12+N12+P12+R12+T12+V12+X12+Z12 -> 0 | AC12: =SUM(AA12:AB12) -> 0 | AD12: 0 | AE12: 0 | AF12: 0 | AG12: 0 | AH12: 0 | AI12: 0 | AJ12: 0 | AK12: 0 | AL12: 0 | AM12: 0 | AN12: 0 | AO12: 0 | AP12: 0 | AQ12: 0 | AR12: 0 | AS12: 0 | AT12: =AD12+AF12+AH12+AJ12+AL12+AN12+AP12+AR12 -> 0 | AU12: =AE12+AG12+AI12+AK12+AM12+AO12+AQ12+AS12 -> 0 | AV12: =SUM(AT12:AU12) -> 0 | AW12: 1 | AX12: 1 | AY12: 1 | AZ12: 0 | BA12: 0 | BB12: 0 | BC12: 0 | BD12: 0 | BE12: 0 | BF12: 0 | BG12: 0 | BH12: 0 | BI12: 0 | BJ12: 0 | BK12: 0 | BL12: 0 | BM12: =AW12+AY12+BA12+BC12+BE12+BG12+BI12+BK12 -> 2 | BN12: =AX12+AZ12+BB12+BD12+BF12+BH12+BJ12+BL12 -> 1 | BO12: =SUM(BM12:BN12) -> 3 | BP12: 2 | BQ12: 1 | BR12: 2 | BS12: 1 | BT12: 0 | BU12: 0 | BV12: 0 | BW12: 0 | BX12: 1 | BY12: 0 | BZ12: 1 | CA12: 0 | CB12: 1 | CC12: 2 | CD12: 0 | CE12: 0 | CF12: =BP12+BR12+BT12+BV12+BX12+BZ12+CB12+CD12 -> 7 | CG12: =BQ12+BS12+BU12+BW12+BY12+CA12+CC12+CE12 -> 4 | CH12: =SUM(CF12:CG12) -> 11 | CI12: 0 | CJ12: 0 | CK12: 0 | CL12: 0 | CM12: 0 | CN12: 0 | CO12: 0 | CP12: 0 | CQ12: 0 | CR12: 0 | CS12: 0 | CT12: 0 | CU12: 0 | CV12: 0 | CW12: 0 | CX12: 0 | CY12: =CI12+CK12+CM12+CO12+CQ12+CS12+CU12+CW12 -> 0 | CZ12: =CJ12+CL12+CN12+CP12+CR12+CT12+CV12+CX12 -> 0 | DA12: =SUM(CY12:CZ12) -> 0 | DB12: 0 | DC12: 0 | DD12: 0 | DE12: 0 | DF12: 0 | DG12: 0 | DH12: 0 | DI12: 0 | DJ12: 0 | DK12: 0 | DL12: 0 | DM12: 0 | DN12: 0 | DO12: 0 | DP12: 0 | DQ12: 0 | DR12: =DB12+DD12+DF12+DH12+DJ12+DL12+DN12+DP12 -> 0 | DS12: =DC12+DE12+DG12+DI12+DK12+DM12+DO12+DQ12 -> 0 | DT12: =SUM(DR12:DS12) -> 0 | DU12: 0 | DV12: 0 | DW12: 0 | DX12: 0 | DY12: 0 | DZ12: 0 | EA12: 0 | EB12: 0 | EC12: 0 | ED12: 0 | EE12: 0 | EF12: 0 | EG12: 0 | EH12: 0 | EI12: 0 | EJ12: 0 | EK12: =DU12+DW12+DY12+EA12+EC12+EE12+EG12+EI12 -> 0 | EL12: =DV12+DX12+DZ12+EB12+ED12+EF12+EH12+EJ12 -> 0 | EM12: =SUM(EK12:EL12) -> 0 | EN12: 1 | EO12: 0 | EP12: 0 | EQ12: 0 | ER12: 0 | ES12: 0 | ET12: 0 | EU12: 0 | EV12: 0 | EW12: 0 | EX12: 1 | EY12: 0 | EZ12: 0 | FA12: 0 | FB12: 0 | FC12: 0 | FD12: =EN12+EP12+ER12+ET12+EV12+EX12+EZ12+FB12 -> 2 | FE12: =EO12+EQ12+ES12+EU12+EW12+EY12+FA12+FC12 -> 0 | FF12: =SUM(FD12:FE12) -> 2 | FG12: 1 | FH12: 1 | FI12: 2 | FJ12: 2 | FK12: 0 | FL12: 0 | FM12: 0 | FN12: 2 | FO12: 0 | FP12: 0 | FQ12: 0 | FR12: 0 | FS12: 2 | FT12: 1 | FU12: 0 | FV12: 0 | FW12: =FG12+FI12+FK12+FM12+FO12+FQ12+FS12+FU12 -> 5 | FX12: =FH12+FJ12+FL12+FN12+FP12+FR12+FT12+FV12 -> 6 | FY12: =SUM(FW12:FX12) -> 11 | FZ12: 0 | GA12: 0 | GB12: 0 | GC12: 0 | GD12: 0 | GE12: 0 | GF12: 0 | GG12: 0 | GH12: 0 | GI12: 0 | GJ12: 0 | GK12: 0 | GL12: 0 | GM12: 0 | GN12: 0 | GO12: 0 | GP12: =FZ12+GB12+GD12+GF12+GH12+GJ12+GL12+GN12 -> 0 | GQ12: =GA12+GC12+GE12+GG12+GI12+GK12+GM12+GO12 -> 0 | GR12: =SUM(GP12:GQ12) -> 0 | GS12: 0 | GT12: 0 | GU12: 0 | GV12: 0 | GW12: 0 | GX12: 0 | GY12: 0 | GZ12: 0 | HA12: 0 | HB12: 0 | HC12: 0 | HD12: 0 | HE12: 0 | HF12: 0 | HG12: 0 | HH12: 0 | HI12: =GS12+GU12+GW12+GY12+HA12+HC12+HE12+HG12 -> 0 | HJ12: =GT12+GV12+GX12+GZ12+HB12+HD12+HF12+HH12 -> 0 | HK12: =SUM(HI12:HJ12) -> 0 | HL12: 0 | HM12: 0 | HN12: 0 | HO12: 0 | HP12: 0 | HQ12: 0 | HR12: 0 | HS12: 0 | HT12: 0 | HU12: 0 | HV12: 0 | HW12: 0 | HX12: 0 | HY12: 0 | HZ12: 0 | IA12: 0 | IB12: =HL12+HN12+HP12+HR12+HT12+HV12+HX12+HZ12 -> 0 | IC12: =HM12+HO12+HQ12+HS12+HU12+HW12+HY12+IA12 -> 0 | ID12: =SUM(IB12:IC12) -> 0 | IE12: 0 | IF12: 0 | IG12: 0 | IH12: 0 | II12: 0 | IJ12: 0 | IK12: 0 | IL12: 0 | IM12: 0 | IN12: 0 | IO12: 0 | IP12: 0 | IQ12: 0 | IR12: 0 | IS12: 0 | IT12: 0 | IU12: =IE12+IG12+II12+IK12+IM12+IO12+IQ12+IS12 -> 0 | IV12: =IF12+IH12+IJ12+IL12+IN12+IP12+IR12+IT12 -> 0 | IW12: =SUM(IU12:IV12) -> 0 | IX12: 0 | IY12: 0 | IZ12: 0 | JA12: 0 | JB12: 0 | JC12: 0 | JD12: 0 | JE12: 0 | JF12: 0 | JG12: 0 | JH12: 0 | JI12: 0 | JJ12: 0 | JK12: 0 | JL12: 0 | JM12: 0 | JN12: =IX12+IZ12+JB12+JD12+JF12+JH12+JJ12+JL12 -> 0 | JO12: =IY12+JA12+JC12+JE12+JG12+JI12+JK12+JM12 -> 0 | JP12: =SUM(JN12:JO12) -> 0 | JQ12: 0 | JR12: 0 | JS12: 0 | JT12: 0 | JU12: 0 | JV12: 0 | JW12: 0 | JX12: 0 | JY12: 0 | JZ12: 0 | KA12: 0 | KB12: 0 | KC12: 0 | KD12: 0 | KE12: 0 | KF12: 0 | KG12: =JQ12+JS12+JU12+JW12+JY12+KA12+KC12+KE12 -> 0 | KH12: =JR12+JT12+JV12+JX12+JZ12+KB12+KD12+KF12 -> 0 | KI12: =SUM(KG12:KH12) -> 0 | KJ12: 0 | KK12: 0 | KL12: 0 | KM12: 0 | KN12: 0 | KO12: 0 | KP12: 0 | KQ12: 0 | KR12: 0 | KS12: 0 | KT12: 0 | KU12: 0 | KV12: 0 | KW12: 0 | KX12: 0 | KY12: 0 | KZ12: =KJ12+KL12+KN12+KP12+KR12+KT12+KV12+KX12 -> 0 | LA12: =KK12+KM12+KO12+KQ12+KS12+KU12+KW12+KY12 -> 0 | LB12: =SUM(KZ12:LA12) -> 0 | LC12: 0 | LD12: 0 | LE12: 0 | LF12: 0 | LG12: 0 | LH12: 0 | LI12: 0 | LJ12: 0 | LK12: 0 | LL12: 0 | LM12: 0 | LN12: 0 | LO12: 0 | LP12: 0 | LQ12: 0 | LR12: 0 | LS12: =LC12+LE12+LG12+LI12+LK12+LM12+LO12+LQ12 -> 0 | LT12: =LD12+LF12+LH12+LJ12+LL12+LN12+LP12+LR12 -> 0 | LU12: =SUM(LS12:LT12) -> 0 | LV12: 0 | LW12: 0 | LX12: 0 | LY12: 0 | LZ12: 0 | MA12: 0 | MB12: 0 | MC12: 0 | MD12: 0 | ME12: 0 | MF12: 0 | MG12: 0 | MH12: 0 | MI12: 0 | MJ12: 0 | MK12: 0 | ML12: =LV12+LX12+LZ12+MB12+MD12+MF12+MH12+MJ12 -> 0 | MM12: =LW12+LY12+MA12+MC12+ME12+MG12+MI12+MK12 -> 0 | MN12: =SUM(ML12:MM12) -> 0 | MO12: =K12+AD12+AW12+BP12+CI12+DB12+DU12+EN12+FG12+FZ12+GS12+HL12+IE12+IX12+JQ12+KJ12+LC12+LV12 -> 5 | MP12: =L12+AE12+AX12+BQ12+CJ12+DC12+DV12+EO12+FH12+GA12+GT12+HM12+IF12+IY12+JR12+KK12+LD12+LW12 -> 3 | MQ12: =M12+AF12+AY12+BR12+CK12+DD12+DW12+EP12+FI12+GB12+GU12+HN12+IG12+IZ12+JS12+KL12+LE12+LX12 -> 5 | MR12: =N12+AG12+AZ12+BS12+CL12+DE12+DX12+EQ12+FJ12+GC12+GV12+HO12+IH12+JA12+JT12+KM12+LF12+LY12 -> 3 | MS12: =O12+AH12+BA12+BT12+CM12+DF12+DY12+ER12+FK12+GD12+GW12+HP12+II12+JB12+JU12+KN12+LG12+LZ12 -> 0 | MT12: =P12+AI12+BB12+BU12+CN12+DG12+DZ12+ES12+FL12+GE12+GX12+HQ12+IJ12+JC12+JV12+KO12+LH12+MA12 -> 0 | MU12: =Q12+AJ12+BC12+BV12+CO12+DH12+EA12+ET12+FM12+GF12+GY12+HR12+IK12+JD12+JW12+KP12+LI12+MB12 -> 0 | MV12: =R12+AK12+BD12+BW12+CP12+DI12+EB12+EU12+FN12+GG12+GZ12+HS12+IL12+JE12+JX12+KQ12+LJ12+MC12 -> 2 | ... NG12: =AC12+AV12+BO12+CH12+DA12+DT12+EM12+FF12+FY12+GR12+HK12+ID12+IW12+JP12+KI12+LB12+LU12+MN12 -> 27 | NI12: 0 | NJ12: 0 | NK12: 0 | NL12: 0 | NM12: 0 | NN12: 0 | NO12: 0 | NP12: 0 | NQ12: 0 | NR12: 0 | NS12: 0 | NT12: 0 | NU12: 0 | NV12: 0 | NW12: 0 | NX12: 0 | NY12: =NI12+NK12+NM12+NO12+NQ12+NS12+NU12+NW12 -> 0 | NZ12: =NJ12+NL12+NN12+NP12+NR12+NT12+NV12+NX12 -> 0 | OA12: =SUM(NY12:NZ12) -> 0
A13: Region XI | B13: Mati City | C13: DAVAO ORIENTAL | D13: CITY OF MATI (Capital) | E13: 129381 | F13: Rabat-Rocamora Mati CES II | G13: DepED Managed | H13: Public | I13: Kinder & Grade 1-6 | J13: School with no Annexes | K13: 0 | L13: 0 | M13: 0 | N13: 0 | O13: 0 | P13: 0 | Q13: 0 | R13: 0 | S13: 0 | T13: 0 | U13: 0 | V13: 0 | W13: 0 | X13: 0 | Y13: 0 | Z13: 0 | AA13: =K13+M13+O13+Q13+S13+U13+W13+Y13 -> 0 | AB13: =L13+N13+P13+R13+T13+V13+X13+Z13 -> 0 | AC13: =SUM(AA13:AB13) -> 0 | AD13: 0 | AE13: 0 | AF13: 0 | AG13: 0 | AH13: 0 | AI13: 0 | AJ13: 0 | AK13: 0 | AL13: 0 | AM13: 0 | AN13: 0 | AO13: 0 | AP13: 0 | AQ13: 0 | AR13: 0 | AS13: 0 | AT13: =AD13+AF13+AH13+AJ13+AL13+AN13+AP13+AR13 -> 0 | AU13: =AE13+AG13+AI13+AK13+AM13+AO13+AQ13+AS13 -> 0 | AV13: =SUM(AT13:AU13) -> 0 | AW13: 0 | AX13: 0 | AY13: 0 | AZ13: 0 | BA13: 0 | BB13: 0 | BC13: 0 | BD13: 0 | BE13: 0 | BF13: 0 | BG13: 0 | BH13: 0 | BI13: 0 | BJ13: 0 | BK13: 0 | BL13: 0 | BM13: =AW13+AY13+BA13+BC13+BE13+BG13+BI13+BK13 -> 0 | BN13: =AX13+AZ13+BB13+BD13+BF13+BH13+BJ13+BL13 -> 0 | BO13: =SUM(BM13:BN13) -> 0 | BP13: 3 | BQ13: 3 | BR13: 0 | BS13: 0 | BT13: 0 | BU13: 0 | BV13: 0 | BW13: 0 | BX13: 0 | BY13: 0 | BZ13: 0 | CA13: 0 | CB13: 0 | CC13: 0 | CD13: 0 | CE13: 0 | CF13: =BP13+BR13+BT13+BV13+BX13+BZ13+CB13+CD13 -> 3 | CG13: =BQ13+BS13+BU13+BW13+BY13+CA13+CC13+CE13 -> 3 | CH13: =SUM(CF13:CG13) -> 6 | CI13: 0 | CJ13: 0 | CK13: 0 | CL13: 0 | CM13: 0 | CN13: 0 | CO13: 0 | CP13: 0 | CQ13: 0 | CR13: 0 | CS13: 0 | CT13: 0 | CU13: 0 | CV13: 0 | CW13: 0 | CX13: 0 | CY13: =CI13+CK13+CM13+CO13+CQ13+CS13+CU13+CW13 -> 0 | CZ13: =CJ13+CL13+CN13+CP13+CR13+CT13+CV13+CX13 -> 0 | DA13: =SUM(CY13:CZ13) -> 0 | DB13: 0 | DC13: 0 | DD13: 0 | DE13: 0 | DF13: 0 | DG13: 0 | DH13: 0 | DI13: 0 | DJ13: 0 | DK13: 0 | DL13: 0 | DM13: 0 | DN13: 0 | DO13: 0 | DP13: 0 | DQ13: 0 | DR13: =DB13+DD13+DF13+DH13+DJ13+DL13+DN13+DP13 -> 0 | DS13: =DC13+DE13+DG13+DI13+DK13+DM13+DO13+DQ13 -> 0 | DT13: =SUM(DR13:DS13) -> 0 | DU13: 0 | DV13: 0 | DW13: 0 | DX13: 0 | DY13: 0 | DZ13: 0 | EA13: 0 | EB13: 0 | EC13: 0 | ED13: 0 | EE13: 0 | EF13: 0 | EG13: 0 | EH13: 0 | EI13: 0 | EJ13: 0 | EK13: =DU13+DW13+DY13+EA13+EC13+EE13+EG13+EI13 -> 0 | EL13: =DV13+DX13+DZ13+EB13+ED13+EF13+EH13+EJ13 -> 0 | EM13: =SUM(EK13:EL13) -> 0 | EN13: 0 | EO13: 0 | EP13: 0 | EQ13: 0 | ER13: 0 | ES13: 0 | ET13: 0 | EU13: 0 | EV13: 0 | EW13: 0 | EX13: 0 | EY13: 0 | EZ13: 0 | FA13: 0 | FB13: 0 | FC13: 0 | FD13: =EN13+EP13+ER13+ET13+EV13+EX13+EZ13+FB13 -> 0 | FE13: =EO13+EQ13+ES13+EU13+EW13+EY13+FA13+FC13 -> 0 | FF13: =SUM(FD13:FE13) -> 0 | FG13: 2 | FH13: 0 | FI13: 0 | FJ13: 0 | FK13: 0 | FL13: 0 | FM13: 0 | FN13: 0 | FO13: 0 | FP13: 0 | FQ13: 0 | FR13: 0 | FS13: 0 | FT13: 0 | FU13: 0 | FV13: 0 | FW13: =FG13+FI13+FK13+FM13+FO13+FQ13+FS13+FU13 -> 2 | FX13: =FH13+FJ13+FL13+FN13+FP13+FR13+FT13+FV13 -> 0 | FY13: =SUM(FW13:FX13) -> 2 | FZ13: 0 | GA13: 0 | GB13: 0 | GC13: 0 | GD13: 0 | GE13: 0 | GF13: 0 | GG13: 0 | GH13: 0 | GI13: 0 | GJ13: 0 | GK13: 0 | GL13: 0 | GM13: 0 | GN13: 0 | GO13: 0 | GP13: =FZ13+GB13+GD13+GF13+GH13+GJ13+GL13+GN13 -> 0 | GQ13: =GA13+GC13+GE13+GG13+GI13+GK13+GM13+GO13 -> 0 | GR13: =SUM(GP13:GQ13) -> 0 | GS13: 0 | GT13: 0 | GU13: 0 | GV13: 0 | GW13: 0 | GX13: 0 | GY13: 0 | GZ13: 0 | HA13: 0 | HB13: 0 | HC13: 0 | HD13: 0 | HE13: 0 | HF13: 0 | HG13: 0 | HH13: 0 | HI13: =GS13+GU13+GW13+GY13+HA13+HC13+HE13+HG13 -> 0 | HJ13: =GT13+GV13+GX13+GZ13+HB13+HD13+HF13+HH13 -> 0 | HK13: =SUM(HI13:HJ13) -> 0 | HL13: 0 | HM13: 0 | HN13: 0 | HO13: 0 | HP13: 0 | HQ13: 0 | HR13: 0 | HS13: 0 | HT13: 0 | HU13: 0 | HV13: 0 | HW13: 0 | HX13: 0 | HY13: 0 | HZ13: 0 | IA13: 0 | IB13: =HL13+HN13+HP13+HR13+HT13+HV13+HX13+HZ13 -> 0 | IC13: =HM13+HO13+HQ13+HS13+HU13+HW13+HY13+IA13 -> 0 | ID13: =SUM(IB13:IC13) -> 0 | IE13: 0 | IF13: 0 | IG13: 0 | IH13: 0 | II13: 0 | IJ13: 0 | IK13: 0 | IL13: 0 | IM13: 0 | IN13: 0 | IO13: 0 | IP13: 0 | IQ13: 0 | IR13: 0 | IS13: 0 | IT13: 0 | IU13: =IE13+IG13+II13+IK13+IM13+IO13+IQ13+IS13 -> 0 | IV13: =IF13+IH13+IJ13+IL13+IN13+IP13+IR13+IT13 -> 0 | IW13: =SUM(IU13:IV13) -> 0 | IX13: 0 | IY13: 0 | IZ13: 0 | JA13: 0 | JB13: 0 | JC13: 0 | JD13: 0 | JE13: 0 | JF13: 0 | JG13: 0 | JH13: 0 | JI13: 0 | JJ13: 0 | JK13: 0 | JL13: 0 | JM13: 0 | JN13: =IX13+IZ13+JB13+JD13+JF13+JH13+JJ13+JL13 -> 0 | JO13: =IY13+JA13+JC13+JE13+JG13+JI13+JK13+JM13 -> 0 | JP13: =SUM(JN13:JO13) -> 0 | JQ13: 0 | JR13: 0 | JS13: 0 | JT13: 0 | JU13: 0 | JV13: 0 | JW13: 0 | JX13: 0 | JY13: 0 | JZ13: 0 | KA13: 0 | KB13: 0 | KC13: 0 | KD13: 0 | KE13: 0 | KF13: 0 | KG13: =JQ13+JS13+JU13+JW13+JY13+KA13+KC13+KE13 -> 0 | KH13: =JR13+JT13+JV13+JX13+JZ13+KB13+KD13+KF13 -> 0 | KI13: =SUM(KG13:KH13) -> 0 | KJ13: 0 | KK13: 0 | KL13: 0 | KM13: 0 | KN13: 0 | KO13: 0 | KP13: 0 | KQ13: 0 | KR13: 0 | KS13: 0 | KT13: 0 | KU13: 0 | KV13: 0 | KW13: 0 | KX13: 0 | KY13: 0 | KZ13: =KJ13+KL13+KN13+KP13+KR13+KT13+KV13+KX13 -> 0 | LA13: =KK13+KM13+KO13+KQ13+KS13+KU13+KW13+KY13 -> 0 | LB13: =SUM(KZ13:LA13) -> 0 | LC13: 0 | LD13: 0 | LE13: 0 | LF13: 0 | LG13: 0 | LH13: 0 | LI13: 0 | LJ13: 0 | LK13: 0 | LL13: 0 | LM13: 0 | LN13: 0 | LO13: 0 | LP13: 0 | LQ13: 0 | LR13: 0 | LS13: =LC13+LE13+LG13+LI13+LK13+LM13+LO13+LQ13 -> 0 | LT13: =LD13+LF13+LH13+LJ13+LL13+LN13+LP13+LR13 -> 0 | LU13: =SUM(LS13:LT13) -> 0 | LV13: 0 | LW13: 0 | LX13: 0 | LY13: 0 | LZ13: 0 | MA13: 0 | MB13: 0 | MC13: 0 | MD13: 0 | ME13: 0 | MF13: 0 | MG13: 0 | MH13: 0 | MI13: 0 | MJ13: 0 | MK13: 0 | ML13: =LV13+LX13+LZ13+MB13+MD13+MF13+MH13+MJ13 -> 0 | MM13: =LW13+LY13+MA13+MC13+ME13+MG13+MI13+MK13 -> 0 | MN13: =SUM(ML13:MM13) -> 0 | MO13: =K13+AD13+AW13+BP13+CI13+DB13+DU13+EN13+FG13+FZ13+GS13+HL13+IE13+IX13+JQ13+KJ13+LC13+LV13 -> 5 | MP13: =L13+AE13+AX13+BQ13+CJ13+DC13+DV13+EO13+FH13+GA13+GT13+HM13+IF13+IY13+JR13+KK13+LD13+LW13 -> 3 | MQ13: =M13+AF13+AY13+BR13+CK13+DD13+DW13+EP13+FI13+GB13+GU13+HN13+IG13+IZ13+JS13+KL13+LE13+LX13 -> 0 | MR13: =N13+AG13+AZ13+BS13+CL13+DE13+DX13+EQ13+FJ13+GC13+GV13+HO13+IH13+JA13+JT13+KM13+LF13+LY13 -> 0 | MS13: =O13+AH13+BA13+BT13+CM13+DF13+DY13+ER13+FK13+GD13+GW13+HP13+II13+JB13+JU13+KN13+LG13+LZ13 -> 0 | MT13: =P13+AI13+BB13+BU13+CN13+DG13+DZ13+ES13+FL13+GE13+GX13+HQ13+IJ13+JC13+JV13+KO13+LH13+MA13 -> 0 | MU13: =Q13+AJ13+BC13+BV13+CO13+DH13+EA13+ET13+FM13+GF13+GY13+HR13+IK13+JD13+JW13+KP13+LI13+MB13 -> 0 | MV13: =R13+AK13+BD13+BW13+CP13+DI13+EB13+EU13+FN13+GG13+GZ13+HS13+IL13+JE13+JX13+KQ13+LJ13+MC13 -> 0 | ... NG13: =AC13+AV13+BO13+CH13+DA13+DT13+EM13+FF13+FY13+GR13+HK13+ID13+IW13+JP13+KI13+LB13+LU13+MN13 -> 8 | NI13: 1 | NJ13: 1 | NK13: 0 | NL13: 0 | NM13: 0 | NN13: 0 | NO13: 0 | NP13: 0 | NQ13: 0 | NR13: 0 | NS13: 0 | NT13: 0 | NU13: 0 | NV13: 0 | NW13: 0 | NX13: 0 | NY13: =NI13+NK13+NM13+NO13+NQ13+NS13+NU13+NW13 -> 1 | NZ13: =NJ13+NL13+NN13+NP13+NR13+NT13+NV13+NX13 -> 1 | OA13: =SUM(NY13:NZ13) -> 2
A14: Region XI | B14: Mati City | C14: DAVAO ORIENTAL | D14: CITY OF MATI (Capital) | E14: 129382 | F14: Mayor Luisito G. Rabat MS | G14: DepED Managed | H14: Public | I14: Kinder & Grade 1-6 | J14: School with no Annexes | K14: 0 | L14: 0 | M14: 0 | N14: 0 | O14: 0 | P14: 0 | Q14: 0 | R14: 0 | S14: 0 | T14: 0 | U14: 0 | V14: 0 | W14: 0 | X14: 0 | Y14: 0 | Z14: 0 | AA14: =K14+M14+O14+Q14+S14+U14+W14+Y14 -> 0 | AB14: =L14+N14+P14+R14+T14+V14+X14+Z14 -> 0 | AC14: =SUM(AA14:AB14) -> 0 | AD14: 0 | AE14: 0 | AF14: 0 | AG14: 0 | AH14: 0 | AI14: 0 | AJ14: 0 | AK14: 0 | AL14: 0 | AM14: 0 | AN14: 0 | AO14: 0 | AP14: 0 | AQ14: 0 | AR14: 0 | AS14: 0 | AT14: =AD14+AF14+AH14+AJ14+AL14+AN14+AP14+AR14 -> 0 | AU14: =AE14+AG14+AI14+AK14+AM14+AO14+AQ14+AS14 -> 0 | AV14: =SUM(AT14:AU14) -> 0 | AW14: 3 | AX14: 0 | AY14: 0 | AZ14: 0 | BA14: 0 | BB14: 1 | BC14: 0 | BD14: 0 | BE14: 0 | BF14: 0 | BG14: 0 | BH14: 0 | BI14: 0 | BJ14: 0 | BK14: 0 | BL14: 0 | BM14: =AW14+AY14+BA14+BC14+BE14+BG14+BI14+BK14 -> 3 | BN14: =AX14+AZ14+BB14+BD14+BF14+BH14+BJ14+BL14 -> 1 | BO14: =SUM(BM14:BN14) -> 4 | BP14: 0 | BQ14: 0 | BR14: 0 | BS14: 0 | BT14: 1 | BU14: 0 | BV14: 1 | BW14: 0 | BX14: 0 | BY14: 1 | BZ14: 0 | CA14: 0 | CB14: 0 | CC14: 0 | CD14: 0 | CE14: 0 | CF14: =BP14+BR14+BT14+BV14+BX14+BZ14+CB14+CD14 -> 2 | CG14: =BQ14+BS14+BU14+BW14+BY14+CA14+CC14+CE14 -> 1 | CH14: =SUM(CF14:CG14) -> 3 | CI14: 0 | CJ14: 1 | CK14: 0 | CL14: 0 | CM14: 0 | CN14: 0 | CO14: 0 | CP14: 0 | CQ14: 0 | CR14: 0 | CS14: 0 | CT14: 0 | CU14: 0 | CV14: 0 | CW14: 0 | CX14: 0 | CY14: =CI14+CK14+CM14+CO14+CQ14+CS14+CU14+CW14 -> 0 | CZ14: =CJ14+CL14+CN14+CP14+CR14+CT14+CV14+CX14 -> 1 | DA14: =SUM(CY14:CZ14) -> 1 | DB14: 0 | DC14: 0 | DD14: 0 | DE14: 0 | DF14: 1 | DG14: 0 | DH14: 0 | DI14: 0 | DJ14: 0 | DK14: 0 | DL14: 0 | DM14: 0 | DN14: 0 | DO14: 0 | DP14: 0 | DQ14: 0 | DR14: =DB14+DD14+DF14+DH14+DJ14+DL14+DN14+DP14 -> 1 | DS14: =DC14+DE14+DG14+DI14+DK14+DM14+DO14+DQ14 -> 0 | DT14: =SUM(DR14:DS14) -> 1 | DU14: 0 | DV14: 0 | DW14: 0 | DX14: 0 | DY14: 0 | DZ14: 0 | EA14: 0 | EB14: 0 | EC14: 0 | ED14: 0 | EE14: 0 | EF14: 0 | EG14: 0 | EH14: 0 | EI14: 0 | EJ14: 0 | EK14: =DU14+DW14+DY14+EA14+EC14+EE14+EG14+EI14 -> 0 | EL14: =DV14+DX14+DZ14+EB14+ED14+EF14+EH14+EJ14 -> 0 | EM14: =SUM(EK14:EL14) -> 0 | EN14: 0 | EO14: 0 | EP14: 0 | EQ14: 0 | ER14: 0 | ES14: 0 | ET14: 0 | EU14: 0 | EV14: 0 | EW14: 0 | EX14: 0 | EY14: 0 | EZ14: 0 | FA14: 0 | FB14: 0 | FC14: 0 | FD14: =EN14+EP14+ER14+ET14+EV14+EX14+EZ14+FB14 -> 0 | FE14: =EO14+EQ14+ES14+EU14+EW14+EY14+FA14+FC14 -> 0 | FF14: =SUM(FD14:FE14) -> 0 | FG14: 5 | FH14: 0 | FI14: 0 | FJ14: 0 | FK14: 1 | FL14: 1 | FM14: 1 | FN14: 0 | FO14: 0 | FP14: 0 | FQ14: 0 | FR14: 0 | FS14: 1 | FT14: 0 | FU14: 0 | FV14: 0 | FW14: =FG14+FI14+FK14+FM14+FO14+FQ14+FS14+FU14 -> 8 | FX14: =FH14+FJ14+FL14+FN14+FP14+FR14+FT14+FV14 -> 1 | FY14: =SUM(FW14:FX14) -> 9 | FZ14: 0 | GA14: 0 | GB14: 0 | GC14: 0 | GD14: 0 | GE14: 0 | GF14: 0 | GG14: 0 | GH14: 0 | GI14: 0 | GJ14: 0 | GK14: 0 | GL14: 0 | GM14: 0 | GN14: 0 | GO14: 0 | GP14: =FZ14+GB14+GD14+GF14+GH14+GJ14+GL14+GN14 -> 0 | GQ14: =GA14+GC14+GE14+GG14+GI14+GK14+GM14+GO14 -> 0 | GR14: =SUM(GP14:GQ14) -> 0 | GS14: 0 | GT14: 0 | GU14: 0 | GV14: 0 | GW14: 0 | GX14: 0 | GY14: 0 | GZ14: 0 | HA14: 0 | HB14: 0 | HC14: 0 | HD14: 0 | HE14: 0 | HF14: 0 | HG14: 0 | HH14: 0 | HI14: =GS14+GU14+GW14+GY14+HA14+HC14+HE14+HG14 -> 0 | HJ14: =GT14+GV14+GX14+GZ14+HB14+HD14+HF14+HH14 -> 0 | HK14: =SUM(HI14:HJ14) -> 0 | HL14: 0 | HM14: 0 | HN14: 0 | HO14: 0 | HP14: 0 | HQ14: 0 | HR14: 0 | HS14: 0 | HT14: 0 | HU14: 0 | HV14: 0 | HW14: 0 | HX14: 0 | HY14: 0 | HZ14: 0 | IA14: 0 | IB14: =HL14+HN14+HP14+HR14+HT14+HV14+HX14+HZ14 -> 0 | IC14: =HM14+HO14+HQ14+HS14+HU14+HW14+HY14+IA14 -> 0 | ID14: =SUM(IB14:IC14) -> 0 | IE14: 0 | IF14: 0 | IG14: 0 | IH14: 0 | II14: 0 | IJ14: 0 | IK14: 0 | IL14: 0 | IM14: 0 | IN14: 0 | IO14: 0 | IP14: 0 | IQ14: 0 | IR14: 0 | IS14: 0 | IT14: 0 | IU14: =IE14+IG14+II14+IK14+IM14+IO14+IQ14+IS14 -> 0 | IV14: =IF14+IH14+IJ14+IL14+IN14+IP14+IR14+IT14 -> 0 | IW14: =SUM(IU14:IV14) -> 0 | IX14: 2 | IY14: 0 | IZ14: 0 | JA14: 0 | JB14: 0 | JC14: 0 | JD14: 0 | JE14: 0 | JF14: 0 | JG14: 0 | JH14: 0 | JI14: 0 | JJ14: 0 | JK14: 0 | JL14: 0 | JM14: 0 | JN14: =IX14+IZ14+JB14+JD14+JF14+JH14+JJ14+JL14 -> 2 | JO14: =IY14+JA14+JC14+JE14+JG14+JI14+JK14+JM14 -> 0 | JP14: =SUM(JN14:JO14) -> 2 | JQ14: 0 | JR14: 0 | JS14: 0 | JT14: 0 | JU14: 0 | JV14: 0 | JW14: 0 | JX14: 0 | JY14: 0 | JZ14: 0 | KA14: 0 | KB14: 0 | KC14: 0 | KD14: 0 | KE14: 0 | KF14: 0 | KG14: =JQ14+JS14+JU14+JW14+JY14+KA14+KC14+KE14 -> 0 | KH14: =JR14+JT14+JV14+JX14+JZ14+KB14+KD14+KF14 -> 0 | KI14: =SUM(KG14:KH14) -> 0 | KJ14: 0 | KK14: 0 | KL14: 0 | KM14: 0 | KN14: 0 | KO14: 0 | KP14: 0 | KQ14: 0 | KR14: 0 | KS14: 0 | KT14: 0 | KU14: 0 | KV14: 0 | KW14: 0 | KX14: 0 | KY14: 0 | KZ14: =KJ14+KL14+KN14+KP14+KR14+KT14+KV14+KX14 -> 0 | LA14: =KK14+KM14+KO14+KQ14+KS14+KU14+KW14+KY14 -> 0 | LB14: =SUM(KZ14:LA14) -> 0 | LC14: 0 | LD14: 0 | LE14: 0 | LF14: 0 | LG14: 0 | LH14: 0 | LI14: 0 | LJ14: 0 | LK14: 0 | LL14: 0 | LM14: 0 | LN14: 0 | LO14: 0 | LP14: 0 | LQ14: 0 | LR14: 0 | LS14: =LC14+LE14+LG14+LI14+LK14+LM14+LO14+LQ14 -> 0 | LT14: =LD14+LF14+LH14+LJ14+LL14+LN14+LP14+LR14 -> 0 | LU14: =SUM(LS14:LT14) -> 0 | LV14: 0 | LW14: 0 | LX14: 0 | LY14: 0 | LZ14: 0 | MA14: 0 | MB14: 0 | MC14: 0 | MD14: 0 | ME14: 0 | MF14: 0 | MG14: 0 | MH14: 0 | MI14: 0 | MJ14: 0 | MK14: 0 | ML14: =LV14+LX14+LZ14+MB14+MD14+MF14+MH14+MJ14 -> 0 | MM14: =LW14+LY14+MA14+MC14+ME14+MG14+MI14+MK14 -> 0 | MN14: =SUM(ML14:MM14) -> 0 | MO14: =K14+AD14+AW14+BP14+CI14+DB14+DU14+EN14+FG14+FZ14+GS14+HL14+IE14+IX14+JQ14+KJ14+LC14+LV14 -> 10 | MP14: =L14+AE14+AX14+BQ14+CJ14+DC14+DV14+EO14+FH14+GA14+GT14+HM14+IF14+IY14+JR14+KK14+LD14+LW14 -> 1 | MQ14: =M14+AF14+AY14+BR14+CK14+DD14+DW14+EP14+FI14+GB14+GU14+HN14+IG14+IZ14+JS14+KL14+LE14+LX14 -> 0 | MR14: =N14+AG14+AZ14+BS14+CL14+DE14+DX14+EQ14+FJ14+GC14+GV14+HO14+IH14+JA14+JT14+KM14+LF14+LY14 -> 0 | MS14: =O14+AH14+BA14+BT14+CM14+DF14+DY14+ER14+FK14+GD14+GW14+HP14+II14+JB14+JU14+KN14+LG14+LZ14 -> 3 | MT14: =P14+AI14+BB14+BU14+CN14+DG14+DZ14+ES14+FL14+GE14+GX14+HQ14+IJ14+JC14+JV14+KO14+LH14+MA14 -> 2 | MU14: =Q14+AJ14+BC14+BV14+CO14+DH14+EA14+ET14+FM14+GF14+GY14+HR14+IK14+JD14+JW14+KP14+LI14+MB14 -> 2 | MV14: =R14+AK14+BD14+BW14+CP14+DI14+EB14+EU14+FN14+GG14+GZ14+HS14+IL14+JE14+JX14+KQ14+LJ14+MC14 -> 0 | ... NG14: =AC14+AV14+BO14+CH14+DA14+DT14+EM14+FF14+FY14+GR14+HK14+ID14+IW14+JP14+KI14+LB14+LU14+MN14 -> 20 | NI14: 0 | NJ14: 0 | NK14: 0 | NL14: 0 | NM14: 0 | NN14: 0 | NO14: 0 | NP14: 0 | NQ14: 0 | NR14: 0 | NS14: 0 | NT14: 0 | NU14: 0 | NV14: 0 | NW14: 0 | NX14: 0 | NY14: =NI14+NK14+NM14+NO14+NQ14+NS14+NU14+NW14 -> 0 | NZ14: =NJ14+NL14+NN14+NP14+NR14+NT14+NV14+NX14 -> 0 | OA14: =SUM(NY14:NZ14) -> 0
A15: Region XI | B15: Mati City | C15: DAVAO ORIENTAL | D15: CITY OF MATI (Capital) | E15: 129383 | F15: Mayor Santiago Garcia MS | G15: DepED Managed | H15: Public | I15: Kinder & Grade 1-6 | J15: School with no Annexes | K15: 0 | L15: 0 | M15: 0 | N15: 0 | O15: 0 | P15: 0 | Q15: 0 | R15: 0 | S15: 0 | T15: 0 | U15: 0 | V15: 0 | W15: 0 | X15: 0 | Y15: 0 | Z15: 0 | AA15: =K15+M15+O15+Q15+S15+U15+W15+Y15 -> 0 | AB15: =L15+N15+P15+R15+T15+V15+X15+Z15 -> 0 | AC15: =SUM(AA15:AB15) -> 0 | AD15: 0 | AE15: 0 | AF15: 0 | AG15: 0 | AH15: 0 | AI15: 0 | AJ15: 0 | AK15: 0 | AL15: 0 | AM15: 0 | AN15: 0 | AO15: 0 | AP15: 0 | AQ15: 0 | AR15: 0 | AS15: 0 | AT15: =AD15+AF15+AH15+AJ15+AL15+AN15+AP15+AR15 -> 0 | AU15: =AE15+AG15+AI15+AK15+AM15+AO15+AQ15+AS15 -> 0 | AV15: =SUM(AT15:AU15) -> 0 | AW15: 2 | AX15: 0 | AY15: 0 | AZ15: 0 | BA15: 0 | BB15: 0 | BC15: 0 | BD15: 0 | BE15: 0 | BF15: 0 | BG15: 0 | BH15: 0 | BI15: 0 | BJ15: 0 | BK15: 0 | BL15: 0 | BM15: =AW15+AY15+BA15+BC15+BE15+BG15+BI15+BK15 -> 2 | BN15: =AX15+AZ15+BB15+BD15+BF15+BH15+BJ15+BL15 -> 0 | BO15: =SUM(BM15:BN15) -> 2 | BP15: 0 | BQ15: 1 | BR15: 0 | BS15: 0 | BT15: 0 | BU15: 0 | BV15: 0 | BW15: 1 | BX15: 0 | BY15: 0 | BZ15: 0 | CA15: 0 | CB15: 1 | CC15: 1 | CD15: 0 | CE15: 0 | CF15: =BP15+BR15+BT15+BV15+BX15+BZ15+CB15+CD15 -> 1 | CG15: =BQ15+BS15+BU15+BW15+BY15+CA15+CC15+CE15 -> 3 | CH15: =SUM(CF15:CG15) -> 4 | CI15: 0 | CJ15: 1 | CK15: 0 | CL15: 0 | CM15: 0 | CN15: 0 | CO15: 0 | CP15: 0 | CQ15: 0 | CR15: 0 | CS15: 0 | CT15: 0 | CU15: 0 | CV15: 0 | CW15: 0 | CX15: 0 | CY15: =CI15+CK15+CM15+CO15+CQ15+CS15+CU15+CW15 -> 0 | CZ15: =CJ15+CL15+CN15+CP15+CR15+CT15+CV15+CX15 -> 1 | DA15: =SUM(CY15:CZ15) -> 1 | DB15: 0 | DC15: 0 | DD15: 0 | DE15: 0 | DF15: 0 | DG15: 0 | DH15: 0 | DI15: 0 | DJ15: 0 | DK15: 0 | DL15: 0 | DM15: 0 | DN15: 0 | DO15: 0 | DP15: 0 | DQ15: 0 | DR15: =DB15+DD15+DF15+DH15+DJ15+DL15+DN15+DP15 -> 0 | DS15: =DC15+DE15+DG15+DI15+DK15+DM15+DO15+DQ15 -> 0 | DT15: =SUM(DR15:DS15) -> 0 | DU15: 0 | DV15: 0 | DW15: 0 | DX15: 0 | DY15: 0 | DZ15: 0 | EA15: 0 | EB15: 0 | EC15: 0 | ED15: 0 | EE15: 0 | EF15: 0 | EG15: 0 | EH15: 0 | EI15: 0 | EJ15: 0 | EK15: =DU15+DW15+DY15+EA15+EC15+EE15+EG15+EI15 -> 0 | EL15: =DV15+DX15+DZ15+EB15+ED15+EF15+EH15+EJ15 -> 0 | EM15: =SUM(EK15:EL15) -> 0 | EN15: 0 | EO15: 0 | EP15: 0 | EQ15: 0 | ER15: 0 | ES15: 0 | ET15: 0 | EU15: 0 | EV15: 0 | EW15: 0 | EX15: 0 | EY15: 0 | EZ15: 0 | FA15: 0 | FB15: 0 | FC15: 0 | FD15: =EN15+EP15+ER15+ET15+EV15+EX15+EZ15+FB15 -> 0 | FE15: =EO15+EQ15+ES15+EU15+EW15+EY15+FA15+FC15 -> 0 | FF15: =SUM(FD15:FE15) -> 0 | FG15: 0 | FH15: 1 | FI15: 0 | FJ15: 0 | FK15: 1 | FL15: 1 | FM15: 1 | FN15: 0 | FO15: 0 | FP15: 1 | FQ15: 3 | FR15: 1 | FS15: 0 | FT15: 0 | FU15: 0 | FV15: 0 | FW15: =FG15+FI15+FK15+FM15+FO15+FQ15+FS15+FU15 -> 5 | FX15: =FH15+FJ15+FL15+FN15+FP15+FR15+FT15+FV15 -> 4 | FY15: =SUM(FW15:FX15) -> 9 | FZ15: 0 | GA15: 0 | GB15: 0 | GC15: 0 | GD15: 0 | GE15: 0 | GF15: 0 | GG15: 0 | GH15: 0 | GI15: 0 | GJ15: 0 | GK15: 0 | GL15: 0 | GM15: 0 | GN15: 0 | GO15: 0 | GP15: =FZ15+GB15+GD15+GF15+GH15+GJ15+GL15+GN15 -> 0 | GQ15: =GA15+GC15+GE15+GG15+GI15+GK15+GM15+GO15 -> 0 | GR15: =SUM(GP15:GQ15) -> 0 | GS15: 0 | GT15: 0 | GU15: 0 | GV15: 0 | GW15: 0 | GX15: 0 | GY15: 0 | GZ15: 0 | HA15: 0 | HB15: 0 | HC15: 0 | HD15: 0 | HE15: 0 | HF15: 0 | HG15: 0 | HH15: 0 | HI15: =GS15+GU15+GW15+GY15+HA15+HC15+HE15+HG15 -> 0 | HJ15: =GT15+GV15+GX15+GZ15+HB15+HD15+HF15+HH15 -> 0 | HK15: =SUM(HI15:HJ15) -> 0 | HL15: 0 | HM15: 0 | HN15: 0 | HO15: 0 | HP15: 0 | HQ15: 0 | HR15: 0 | HS15: 0 | HT15: 0 | HU15: 0 | HV15: 0 | HW15: 0 | HX15: 0 | HY15: 0 | HZ15: 0 | IA15: 0 | IB15: =HL15+HN15+HP15+HR15+HT15+HV15+HX15+HZ15 -> 0 | IC15: =HM15+HO15+HQ15+HS15+HU15+HW15+HY15+IA15 -> 0 | ID15: =SUM(IB15:IC15) -> 0 | IE15: 0 | IF15: 0 | IG15: 0 | IH15: 0 | II15: 0 | IJ15: 0 | IK15: 0 | IL15: 0 | IM15: 0 | IN15: 0 | IO15: 0 | IP15: 0 | IQ15: 0 | IR15: 0 | IS15: 0 | IT15: 0 | IU15: =IE15+IG15+II15+IK15+IM15+IO15+IQ15+IS15 -> 0 | IV15: =IF15+IH15+IJ15+IL15+IN15+IP15+IR15+IT15 -> 0 | IW15: =SUM(IU15:IV15) -> 0 | IX15: 0 | IY15: 0 | IZ15: 0 | JA15: 0 | JB15: 0 | JC15: 0 | JD15: 0 | JE15: 0 | JF15: 0 | JG15: 0 | JH15: 0 | JI15: 0 | JJ15: 0 | JK15: 0 | JL15: 0 | JM15: 0 | JN15: =IX15+IZ15+JB15+JD15+JF15+JH15+JJ15+JL15 -> 0 | JO15: =IY15+JA15+JC15+JE15+JG15+JI15+JK15+JM15 -> 0 | JP15: =SUM(JN15:JO15) -> 0 | JQ15: 0 | JR15: 0 | JS15: 0 | JT15: 0 | JU15: 0 | JV15: 0 | JW15: 0 | JX15: 0 | JY15: 0 | JZ15: 0 | KA15: 0 | KB15: 0 | KC15: 0 | KD15: 0 | KE15: 0 | KF15: 0 | KG15: =JQ15+JS15+JU15+JW15+JY15+KA15+KC15+KE15 -> 0 | KH15: =JR15+JT15+JV15+JX15+JZ15+KB15+KD15+KF15 -> 0 | KI15: =SUM(KG15:KH15) -> 0 | KJ15: 0 | KK15: 0 | KL15: 0 | KM15: 0 | KN15: 0 | KO15: 0 | KP15: 0 | KQ15: 0 | KR15: 0 | KS15: 0 | KT15: 0 | KU15: 0 | KV15: 0 | KW15: 0 | KX15: 0 | KY15: 0 | KZ15: =KJ15+KL15+KN15+KP15+KR15+KT15+KV15+KX15 -> 0 | LA15: =KK15+KM15+KO15+KQ15+KS15+KU15+KW15+KY15 -> 0 | LB15: =SUM(KZ15:LA15) -> 0 | LC15: 0 | LD15: 0 | LE15: 0 | LF15: 0 | LG15: 0 | LH15: 0 | LI15: 0 | LJ15: 0 | LK15: 0 | LL15: 0 | LM15: 0 | LN15: 0 | LO15: 0 | LP15: 0 | LQ15: 0 | LR15: 0 | LS15: =LC15+LE15+LG15+LI15+LK15+LM15+LO15+LQ15 -> 0 | LT15: =LD15+LF15+LH15+LJ15+LL15+LN15+LP15+LR15 -> 0 | LU15: =SUM(LS15:LT15) -> 0 | LV15: 0 | LW15: 0 | LX15: 0 | LY15: 0 | LZ15: 0 | MA15: 0 | MB15: 0 | MC15: 0 | MD15: 0 | ME15: 0 | MF15: 0 | MG15: 0 | MH15: 0 | MI15: 0 | MJ15: 0 | MK15: 0 | ML15: =LV15+LX15+LZ15+MB15+MD15+MF15+MH15+MJ15 -> 0 | MM15: =LW15+LY15+MA15+MC15+ME15+MG15+MI15+MK15 -> 0 | MN15: =SUM(ML15:MM15) -> 0 | MO15: =K15+AD15+AW15+BP15+CI15+DB15+DU15+EN15+FG15+FZ15+GS15+HL15+IE15+IX15+JQ15+KJ15+LC15+LV15 -> 2 | MP15: =L15+AE15+AX15+BQ15+CJ15+DC15+DV15+EO15+FH15+GA15+GT15+HM15+IF15+IY15+JR15+KK15+LD15+LW15 -> 3 | MQ15: =M15+AF15+AY15+BR15+CK15+DD15+DW15+EP15+FI15+GB15+GU15+HN15+IG15+IZ15+JS15+KL15+LE15+LX15 -> 0 | MR15: =N15+AG15+AZ15+BS15+CL15+DE15+DX15+EQ15+FJ15+GC15+GV15+HO15+IH15+JA15+JT15+KM15+LF15+LY15 -> 0 | MS15: =O15+AH15+BA15+BT15+CM15+DF15+DY15+ER15+FK15+GD15+GW15+HP15+II15+JB15+JU15+KN15+LG15+LZ15 -> 1 | MT15: =P15+AI15+BB15+BU15+CN15+DG15+DZ15+ES15+FL15+GE15+GX15+HQ15+IJ15+JC15+JV15+KO15+LH15+MA15 -> 1 | MU15: =Q15+AJ15+BC15+BV15+CO15+DH15+EA15+ET15+FM15+GF15+GY15+HR15+IK15+JD15+JW15+KP15+LI15+MB15 -> 1 | MV15: =R15+AK15+BD15+BW15+CP15+DI15+EB15+EU15+FN15+GG15+GZ15+HS15+IL15+JE15+JX15+KQ15+LJ15+MC15 -> 1 | ... NG15: =AC15+AV15+BO15+CH15+DA15+DT15+EM15+FF15+FY15+GR15+HK15+ID15+IW15+JP15+KI15+LB15+LU15+MN15 -> 16 | NI15: 1 | NJ15: 0 | NK15: 0 | NL15: 0 | NM15: 0 | NN15: 0 | NO15: 0 | NP15: 0 | NQ15: 0 | NR15: 0 | NS15: 0 | NT15: 0 | NU15: 0 | NV15: 0 | NW15: 0 | NX15: 0 | NY15: =NI15+NK15+NM15+NO15+NQ15+NS15+NU15+NW15 -> 1 | NZ15: =NJ15+NL15+NN15+NP15+NR15+NT15+NV15+NX15 -> 0 | OA15: =SUM(NY15:NZ15) -> 1
A16: Region XI | B16: Mati City | C16: DAVAO ORIENTAL | D16: CITY OF MATI (Capital) | E16: 129384 | F16: Sudlon Elementary School | G16: DepED Managed | H16: Public | I16: Kinder & Grade 1-6 | J16: School with no Annexes | K16: 0 | L16: 0 | M16: 0 | N16: 0 | O16: 0 | P16: 0 | Q16: 0 | R16: 0 | S16: 0 | T16: 0 | U16: 0 | V16: 0 | W16: 0 | X16: 0 | Y16: 0 | Z16: 0 | AA16: =K16+M16+O16+Q16+S16+U16+W16+Y16 -> 0 | AB16: =L16+N16+P16+R16+T16+V16+X16+Z16 -> 0 | AC16: =SUM(AA16:AB16) -> 0 | AD16: 0 | AE16: 0 | AF16: 0 | AG16: 0 | AH16: 0 | AI16: 0 | AJ16: 0 | AK16: 0 | AL16: 0 | AM16: 0 | AN16: 0 | AO16: 0 | AP16: 0 | AQ16: 0 | AR16: 0 | AS16: 0 | AT16: =AD16+AF16+AH16+AJ16+AL16+AN16+AP16+AR16 -> 0 | AU16: =AE16+AG16+AI16+AK16+AM16+AO16+AQ16+AS16 -> 0 | AV16: =SUM(AT16:AU16) -> 0 | AW16: 0 | AX16: 0 | AY16: 0 | AZ16: 0 | BA16: 0 | BB16: 0 | BC16: 0 | BD16: 0 | BE16: 0 | BF16: 0 | BG16: 0 | BH16: 0 | BI16: 0 | BJ16: 0 | BK16: 0 | BL16: 0 | BM16: =AW16+AY16+BA16+BC16+BE16+BG16+BI16+BK16 -> 0 | BN16: =AX16+AZ16+BB16+BD16+BF16+BH16+BJ16+BL16 -> 0 | BO16: =SUM(BM16:BN16) -> 0 | BP16: 0 | BQ16: 0 | BR16: 0 | BS16: 0 | BT16: 0 | BU16: 0 | BV16: 0 | BW16: 0 | BX16: 2 | BY16: 0 | BZ16: 0 | CA16: 0 | CB16: 0 | CC16: 0 | CD16: 0 | CE16: 0 | CF16: =BP16+BR16+BT16+BV16+BX16+BZ16+CB16+CD16 -> 2 | CG16: =BQ16+BS16+BU16+BW16+BY16+CA16+CC16+CE16 -> 0 | CH16: =SUM(CF16:CG16) -> 2 | CI16: 0 | CJ16: 0 | CK16: 0 | CL16: 0 | CM16: 0 | CN16: 0 | CO16: 0 | CP16: 0 | CQ16: 0 | CR16: 0 | CS16: 0 | CT16: 0 | CU16: 0 | CV16: 0 | CW16: 0 | CX16: 0 | CY16: =CI16+CK16+CM16+CO16+CQ16+CS16+CU16+CW16 -> 0 | CZ16: =CJ16+CL16+CN16+CP16+CR16+CT16+CV16+CX16 -> 0 | DA16: =SUM(CY16:CZ16) -> 0 | DB16: 0 | DC16: 0 | DD16: 0 | DE16: 0 | DF16: 0 | DG16: 0 | DH16: 0 | DI16: 0 | DJ16: 0 | DK16: 0 | DL16: 0 | DM16: 0 | DN16: 0 | DO16: 0 | DP16: 0 | DQ16: 0 | DR16: =DB16+DD16+DF16+DH16+DJ16+DL16+DN16+DP16 -> 0 | DS16: =DC16+DE16+DG16+DI16+DK16+DM16+DO16+DQ16 -> 0 | DT16: =SUM(DR16:DS16) -> 0 | DU16: 0 | DV16: 0 | DW16: 0 | DX16: 0 | DY16: 0 | DZ16: 0 | EA16: 0 | EB16: 0 | EC16: 0 | ED16: 0 | EE16: 0 | EF16: 0 | EG16: 0 | EH16: 0 | EI16: 0 | EJ16: 0 | EK16: =DU16+DW16+DY16+EA16+EC16+EE16+EG16+EI16 -> 0 | EL16: =DV16+DX16+DZ16+EB16+ED16+EF16+EH16+EJ16 -> 0 | EM16: =SUM(EK16:EL16) -> 0 | EN16: 0 | EO16: 0 | EP16: 0 | EQ16: 0 | ER16: 0 | ES16: 0 | ET16: 0 | EU16: 0 | EV16: 0 | EW16: 0 | EX16: 0 | EY16: 0 | EZ16: 0 | FA16: 0 | FB16: 0 | FC16: 0 | FD16: =EN16+EP16+ER16+ET16+EV16+EX16+EZ16+FB16 -> 0 | FE16: =EO16+EQ16+ES16+EU16+EW16+EY16+FA16+FC16 -> 0 | FF16: =SUM(FD16:FE16) -> 0 | FG16: 0 | FH16: 0 | FI16: 0 | FJ16: 0 | FK16: 0 | FL16: 0 | FM16: 0 | FN16: 0 | FO16: 0 | FP16: 0 | FQ16: 0 | FR16: 0 | FS16: 0 | FT16: 0 | FU16: 0 | FV16: 0 | FW16: =FG16+FI16+FK16+FM16+FO16+FQ16+FS16+FU16 -> 0 | FX16: =FH16+FJ16+FL16+FN16+FP16+FR16+FT16+FV16 -> 0 | FY16: =SUM(FW16:FX16) -> 0 | FZ16: 0 | GA16: 0 | GB16: 0 | GC16: 0 | GD16: 0 | GE16: 0 | GF16: 0 | GG16: 0 | GH16: 0 | GI16: 0 | GJ16: 0 | GK16: 0 | GL16: 0 | GM16: 0 | GN16: 0 | GO16: 0 | GP16: =FZ16+GB16+GD16+GF16+GH16+GJ16+GL16+GN16 -> 0 | GQ16: =GA16+GC16+GE16+GG16+GI16+GK16+GM16+GO16 -> 0 | GR16: =SUM(GP16:GQ16) -> 0 | GS16: 0 | GT16: 0 | GU16: 0 | GV16: 0 | GW16: 0 | GX16: 0 | GY16: 0 | GZ16: 0 | HA16: 0 | HB16: 0 | HC16: 0 | HD16: 0 | HE16: 0 | HF16: 0 | HG16: 0 | HH16: 0 | HI16: =GS16+GU16+GW16+GY16+HA16+HC16+HE16+HG16 -> 0 | HJ16: =GT16+GV16+GX16+GZ16+HB16+HD16+HF16+HH16 -> 0 | HK16: =SUM(HI16:HJ16) -> 0 | HL16: 0 | HM16: 0 | HN16: 0 | HO16: 0 | HP16: 0 | HQ16: 0 | HR16: 0 | HS16: 0 | HT16: 0 | HU16: 0 | HV16: 0 | HW16: 0 | HX16: 0 | HY16: 0 | HZ16: 0 | IA16: 0 | IB16: =HL16+HN16+HP16+HR16+HT16+HV16+HX16+HZ16 -> 0 | IC16: =HM16+HO16+HQ16+HS16+HU16+HW16+HY16+IA16 -> 0 | ID16: =SUM(IB16:IC16) -> 0 | IE16: 0 | IF16: 0 | IG16: 0 | IH16: 0 | II16: 0 | IJ16: 0 | IK16: 0 | IL16: 0 | IM16: 0 | IN16: 0 | IO16: 0 | IP16: 0 | IQ16: 0 | IR16: 0 | IS16: 0 | IT16: 0 | IU16: =IE16+IG16+II16+IK16+IM16+IO16+IQ16+IS16 -> 0 | IV16: =IF16+IH16+IJ16+IL16+IN16+IP16+IR16+IT16 -> 0 | IW16: =SUM(IU16:IV16) -> 0 | IX16: 1 | IY16: 0 | IZ16: 0 | JA16: 0 | JB16: 0 | JC16: 0 | JD16: 0 | JE16: 0 | JF16: 0 | JG16: 0 | JH16: 0 | JI16: 0 | JJ16: 0 | JK16: 0 | JL16: 0 | JM16: 0 | JN16: =IX16+IZ16+JB16+JD16+JF16+JH16+JJ16+JL16 -> 1 | JO16: =IY16+JA16+JC16+JE16+JG16+JI16+JK16+JM16 -> 0 | JP16: =SUM(JN16:JO16) -> 1 | JQ16: 0 | JR16: 0 | JS16: 0 | JT16: 0 | JU16: 0 | JV16: 0 | JW16: 0 | JX16: 0 | JY16: 0 | JZ16: 0 | KA16: 0 | KB16: 0 | KC16: 0 | KD16: 0 | KE16: 0 | KF16: 0 | KG16: =JQ16+JS16+JU16+JW16+JY16+KA16+KC16+KE16 -> 0 | KH16: =JR16+JT16+JV16+JX16+JZ16+KB16+KD16+KF16 -> 0 | KI16: =SUM(KG16:KH16) -> 0 | KJ16: 0 | KK16: 0 | KL16: 0 | KM16: 0 | KN16: 0 | KO16: 0 | KP16: 0 | KQ16: 0 | KR16: 0 | KS16: 0 | KT16: 0 | KU16: 0 | KV16: 0 | KW16: 0 | KX16: 0 | KY16: 0 | KZ16: =KJ16+KL16+KN16+KP16+KR16+KT16+KV16+KX16 -> 0 | LA16: =KK16+KM16+KO16+KQ16+KS16+KU16+KW16+KY16 -> 0 | LB16: =SUM(KZ16:LA16) -> 0 | LC16: 0 | LD16: 0 | LE16: 0 | LF16: 0 | LG16: 0 | LH16: 0 | LI16: 0 | LJ16: 0 | LK16: 0 | LL16: 0 | LM16: 0 | LN16: 0 | LO16: 0 | LP16: 0 | LQ16: 0 | LR16: 0 | LS16: =LC16+LE16+LG16+LI16+LK16+LM16+LO16+LQ16 -> 0 | LT16: =LD16+LF16+LH16+LJ16+LL16+LN16+LP16+LR16 -> 0 | LU16: =SUM(LS16:LT16) -> 0 | LV16: 0 | LW16: 0 | LX16: 0 | LY16: 0 | LZ16: 0 | MA16: 0 | MB16: 0 | MC16: 0 | MD16: 0 | ME16: 0 | MF16: 0 | MG16: 0 | MH16: 0 | MI16: 0 | MJ16: 0 | MK16: 0 | ML16: =LV16+LX16+LZ16+MB16+MD16+MF16+MH16+MJ16 -> 0 | MM16: =LW16+LY16+MA16+MC16+ME16+MG16+MI16+MK16 -> 0 | MN16: =SUM(ML16:MM16) -> 0 | MO16: =K16+AD16+AW16+BP16+CI16+DB16+DU16+EN16+FG16+FZ16+GS16+HL16+IE16+IX16+JQ16+KJ16+LC16+LV16 -> 1 | MP16: =L16+AE16+AX16+BQ16+CJ16+DC16+DV16+EO16+FH16+GA16+GT16+HM16+IF16+IY16+JR16+KK16+LD16+LW16 -> 0 | MQ16: =M16+AF16+AY16+BR16+CK16+DD16+DW16+EP16+FI16+GB16+GU16+HN16+IG16+IZ16+JS16+KL16+LE16+LX16 -> 0 | MR16: =N16+AG16+AZ16+BS16+CL16+DE16+DX16+EQ16+FJ16+GC16+GV16+HO16+IH16+JA16+JT16+KM16+LF16+LY16 -> 0 | MS16: =O16+AH16+BA16+BT16+CM16+DF16+DY16+ER16+FK16+GD16+GW16+HP16+II16+JB16+JU16+KN16+LG16+LZ16 -> 0 | MT16: =P16+AI16+BB16+BU16+CN16+DG16+DZ16+ES16+FL16+GE16+GX16+HQ16+IJ16+JC16+JV16+KO16+LH16+MA16 -> 0 | MU16: =Q16+AJ16+BC16+BV16+CO16+DH16+EA16+ET16+FM16+GF16+GY16+HR16+IK16+JD16+JW16+KP16+LI16+MB16 -> 0 | MV16: =R16+AK16+BD16+BW16+CP16+DI16+EB16+EU16+FN16+GG16+GZ16+HS16+IL16+JE16+JX16+KQ16+LJ16+MC16 -> 0 | ... NG16: =AC16+AV16+BO16+CH16+DA16+DT16+EM16+FF16+FY16+GR16+HK16+ID16+IW16+JP16+KI16+LB16+LU16+MN16 -> 3 | NI16: 0 | NJ16: 0 | NK16: 0 | NL16: 0 | NM16: 0 | NN16: 0 | NO16: 0 | NP16: 0 | NQ16: 0 | NR16: 0 | NS16: 0 | NT16: 0 | NU16: 0 | NV16: 0 | NW16: 0 | NX16: 0 | NY16: =NI16+NK16+NM16+NO16+NQ16+NS16+NU16+NW16 -> 0 | NZ16: =NJ16+NL16+NN16+NP16+NR16+NT16+NV16+NX16 -> 0 | OA16: =SUM(NY16:NZ16) -> 0
A17: Region XI | B17: Mati City | C17: DAVAO ORIENTAL | D17: CITY OF MATI (Capital) | E17: 129385 | F17: Tagawisan ES | G17: DepED Managed | H17: Public | I17: Kinder & Grade 1-6 | J17: School with no Annexes | K17: 0 | L17: 0 | M17: 0 | N17: 0 | O17: 0 | P17: 0 | Q17: 0 | R17: 0 | S17: 0 | T17: 0 | U17: 0 | V17: 0 | W17: 0 | X17: 0 | Y17: 0 | Z17: 0 | AA17: =K17+M17+O17+Q17+S17+U17+W17+Y17 -> 0 | AB17: =L17+N17+P17+R17+T17+V17+X17+Z17 -> 0 | AC17: =SUM(AA17:AB17) -> 0 | AD17: 0 | AE17: 0 | AF17: 0 | AG17: 0 | AH17: 0 | AI17: 0 | AJ17: 0 | AK17: 0 | AL17: 0 | AM17: 0 | AN17: 0 | AO17: 0 | AP17: 0 | AQ17: 0 | AR17: 0 | AS17: 0 | AT17: =AD17+AF17+AH17+AJ17+AL17+AN17+AP17+AR17 -> 0 | AU17: =AE17+AG17+AI17+AK17+AM17+AO17+AQ17+AS17 -> 0 | AV17: =SUM(AT17:AU17) -> 0 | AW17: 2 | AX17: 1 | AY17: 0 | AZ17: 0 | BA17: 0 | BB17: 0 | BC17: 0 | BD17: 0 | BE17: 0 | BF17: 0 | BG17: 0 | BH17: 0 | BI17: 0 | BJ17: 0 | BK17: 0 | BL17: 0 | BM17: =AW17+AY17+BA17+BC17+BE17+BG17+BI17+BK17 -> 2 | BN17: =AX17+AZ17+BB17+BD17+BF17+BH17+BJ17+BL17 -> 1 | BO17: =SUM(BM17:BN17) -> 3 | BP17: 0 | BQ17: 0 | BR17: 0 | BS17: 1 | BT17: 1 | BU17: 1 | BV17: 0 | BW17: 1 | BX17: 0 | BY17: 1 | BZ17: 1 | CA17: 0 | CB17: 0 | CC17: 0 | CD17: 0 | CE17: 0 | CF17: =BP17+BR17+BT17+BV17+BX17+BZ17+CB17+CD17 -> 2 | CG17: =BQ17+BS17+BU17+BW17+BY17+CA17+CC17+CE17 -> 4 | CH17: =SUM(CF17:CG17) -> 6 | CI17: 0 | CJ17: 0 | CK17: 0 | CL17: 0 | CM17: 0 | CN17: 0 | CO17: 0 | CP17: 0 | CQ17: 1 | CR17: 0 | CS17: 0 | CT17: 0 | CU17: 0 | CV17: 0 | CW17: 0 | CX17: 0 | CY17: =CI17+CK17+CM17+CO17+CQ17+CS17+CU17+CW17 -> 1 | CZ17: =CJ17+CL17+CN17+CP17+CR17+CT17+CV17+CX17 -> 0 | DA17: =SUM(CY17:CZ17) -> 1 | DB17: 0 | DC17: 0 | DD17: 0 | DE17: 0 | DF17: 0 | DG17: 0 | DH17: 0 | DI17: 0 | DJ17: 0 | DK17: 0 | DL17: 0 | DM17: 0 | DN17: 0 | DO17: 0 | DP17: 0 | DQ17: 0 | DR17: =DB17+DD17+DF17+DH17+DJ17+DL17+DN17+DP17 -> 0 | DS17: =DC17+DE17+DG17+DI17+DK17+DM17+DO17+DQ17 -> 0 | DT17: =SUM(DR17:DS17) -> 0 | DU17: 0 | DV17: 0 | DW17: 0 | DX17: 0 | DY17: 0 | DZ17: 0 | EA17: 0 | EB17: 0 | EC17: 0 | ED17: 0 | EE17: 0 | EF17: 0 | EG17: 0 | EH17: 0 | EI17: 0 | EJ17: 0 | EK17: =DU17+DW17+DY17+EA17+EC17+EE17+EG17+EI17 -> 0 | EL17: =DV17+DX17+DZ17+EB17+ED17+EF17+EH17+EJ17 -> 0 | EM17: =SUM(EK17:EL17) -> 0 | EN17: 0 | EO17: 0 | EP17: 0 | EQ17: 0 | ER17: 0 | ES17: 0 | ET17: 0 | EU17: 0 | EV17: 1 | EW17: 0 | EX17: 0 | EY17: 0 | EZ17: 0 | FA17: 0 | FB17: 0 | FC17: 0 | FD17: =EN17+EP17+ER17+ET17+EV17+EX17+EZ17+FB17 -> 1 | FE17: =EO17+EQ17+ES17+EU17+EW17+EY17+FA17+FC17 -> 0 | FF17: =SUM(FD17:FE17) -> 1 | FG17: 1 | FH17: 1 | FI17: 1 | FJ17: 0 | FK17: 2 | FL17: 0 | FM17: 0 | FN17: 0 | FO17: 1 | FP17: 0 | FQ17: 0 | FR17: 0 | FS17: 2 | FT17: 0 | FU17: 0 | FV17: 0 | FW17: =FG17+FI17+FK17+FM17+FO17+FQ17+FS17+FU17 -> 7 | FX17: =FH17+FJ17+FL17+FN17+FP17+FR17+FT17+FV17 -> 1 | FY17: =SUM(FW17:FX17) -> 8 | FZ17: 0 | GA17: 0 | GB17: 0 | GC17: 0 | GD17: 0 | GE17: 0 | GF17: 0 | GG17: 0 | GH17: 0 | GI17: 0 | GJ17: 0 | GK17: 0 | GL17: 0 | GM17: 0 | GN17: 0 | GO17: 0 | GP17: =FZ17+GB17+GD17+GF17+GH17+GJ17+GL17+GN17 -> 0 | GQ17: =GA17+GC17+GE17+GG17+GI17+GK17+GM17+GO17 -> 0 | GR17: =SUM(GP17:GQ17) -> 0 | GS17: 0 | GT17: 0 | GU17: 0 | GV17: 0 | GW17: 0 | GX17: 0 | GY17: 0 | GZ17: 0 | HA17: 0 | HB17: 0 | HC17: 0 | HD17: 0 | HE17: 0 | HF17: 0 | HG17: 0 | HH17: 0 | HI17: =GS17+GU17+GW17+GY17+HA17+HC17+HE17+HG17 -> 0 | HJ17: =GT17+GV17+GX17+GZ17+HB17+HD17+HF17+HH17 -> 0 | HK17: =SUM(HI17:HJ17) -> 0 | HL17: 0 | HM17: 0 | HN17: 0 | HO17: 0 | HP17: 0 | HQ17: 0 | HR17: 0 | HS17: 0 | HT17: 0 | HU17: 0 | HV17: 0 | HW17: 0 | HX17: 0 | HY17: 0 | HZ17: 0 | IA17: 0 | IB17: =HL17+HN17+HP17+HR17+HT17+HV17+HX17+HZ17 -> 0 | IC17: =HM17+HO17+HQ17+HS17+HU17+HW17+HY17+IA17 -> 0 | ID17: =SUM(IB17:IC17) -> 0 | IE17: 0 | IF17: 0 | IG17: 0 | IH17: 0 | II17: 0 | IJ17: 0 | IK17: 0 | IL17: 0 | IM17: 0 | IN17: 0 | IO17: 0 | IP17: 0 | IQ17: 0 | IR17: 0 | IS17: 0 | IT17: 0 | IU17: =IE17+IG17+II17+IK17+IM17+IO17+IQ17+IS17 -> 0 | IV17: =IF17+IH17+IJ17+IL17+IN17+IP17+IR17+IT17 -> 0 | IW17: =SUM(IU17:IV17) -> 0 | IX17: 0 | IY17: 0 | IZ17: 0 | JA17: 0 | JB17: 0 | JC17: 0 | JD17: 0 | JE17: 0 | JF17: 0 | JG17: 0 | JH17: 0 | JI17: 0 | JJ17: 0 | JK17: 0 | JL17: 0 | JM17: 0 | JN17: =IX17+IZ17+JB17+JD17+JF17+JH17+JJ17+JL17 -> 0 | JO17: =IY17+JA17+JC17+JE17+JG17+JI17+JK17+JM17 -> 0 | JP17: =SUM(JN17:JO17) -> 0 | JQ17: 0 | JR17: 0 | JS17: 0 | JT17: 0 | JU17: 0 | JV17: 0 | JW17: 0 | JX17: 0 | JY17: 0 | JZ17: 0 | KA17: 0 | KB17: 0 | KC17: 0 | KD17: 0 | KE17: 0 | KF17: 0 | KG17: =JQ17+JS17+JU17+JW17+JY17+KA17+KC17+KE17 -> 0 | KH17: =JR17+JT17+JV17+JX17+JZ17+KB17+KD17+KF17 -> 0 | KI17: =SUM(KG17:KH17) -> 0 | KJ17: 0 | KK17: 0 | KL17: 0 | KM17: 0 | KN17: 0 | KO17: 0 | KP17: 0 | KQ17: 0 | KR17: 0 | KS17: 0 | KT17: 0 | KU17: 0 | KV17: 0 | KW17: 0 | KX17: 0 | KY17: 0 | KZ17: =KJ17+KL17+KN17+KP17+KR17+KT17+KV17+KX17 -> 0 | LA17: =KK17+KM17+KO17+KQ17+KS17+KU17+KW17+KY17 -> 0 | LB17: =SUM(KZ17:LA17) -> 0 | LC17: 0 | LD17: 0 | LE17: 0 | LF17: 0 | LG17: 0 | LH17: 0 | LI17: 0 | LJ17: 0 | LK17: 0 | LL17: 0 | LM17: 0 | LN17: 0 | LO17: 0 | LP17: 0 | LQ17: 0 | LR17: 0 | LS17: =LC17+LE17+LG17+LI17+LK17+LM17+LO17+LQ17 -> 0 | LT17: =LD17+LF17+LH17+LJ17+LL17+LN17+LP17+LR17 -> 0 | LU17: =SUM(LS17:LT17) -> 0 | LV17: 0 | LW17: 0 | LX17: 0 | LY17: 0 | LZ17: 0 | MA17: 0 | MB17: 0 | MC17: 0 | MD17: 0 | ME17: 0 | MF17: 0 | MG17: 0 | MH17: 0 | MI17: 0 | MJ17: 0 | MK17: 0 | ML17: =LV17+LX17+LZ17+MB17+MD17+MF17+MH17+MJ17 -> 0 | MM17: =LW17+LY17+MA17+MC17+ME17+MG17+MI17+MK17 -> 0 | MN17: =SUM(ML17:MM17) -> 0 | MO17: =K17+AD17+AW17+BP17+CI17+DB17+DU17+EN17+FG17+FZ17+GS17+HL17+IE17+IX17+JQ17+KJ17+LC17+LV17 -> 3 | MP17: =L17+AE17+AX17+BQ17+CJ17+DC17+DV17+EO17+FH17+GA17+GT17+HM17+IF17+IY17+JR17+KK17+LD17+LW17 -> 2 | MQ17: =M17+AF17+AY17+BR17+CK17+DD17+DW17+EP17+FI17+GB17+GU17+HN17+IG17+IZ17+JS17+KL17+LE17+LX17 -> 1 | MR17: =N17+AG17+AZ17+BS17+CL17+DE17+DX17+EQ17+FJ17+GC17+GV17+HO17+IH17+JA17+JT17+KM17+LF17+LY17 -> 1 | MS17: =O17+AH17+BA17+BT17+CM17+DF17+DY17+ER17+FK17+GD17+GW17+HP17+II17+JB17+JU17+KN17+LG17+LZ17 -> 3 | MT17: =P17+AI17+BB17+BU17+CN17+DG17+DZ17+ES17+FL17+GE17+GX17+HQ17+IJ17+JC17+JV17+KO17+LH17+MA17 -> 1 | MU17: =Q17+AJ17+BC17+BV17+CO17+DH17+EA17+ET17+FM17+GF17+GY17+HR17+IK17+JD17+JW17+KP17+LI17+MB17 -> 0 | MV17: =R17+AK17+BD17+BW17+CP17+DI17+EB17+EU17+FN17+GG17+GZ17+HS17+IL17+JE17+JX17+KQ17+LJ17+MC17 -> 1 | ... NG17: =AC17+AV17+BO17+CH17+DA17+DT17+EM17+FF17+FY17+GR17+HK17+ID17+IW17+JP17+KI17+LB17+LU17+MN17 -> 19 | NI17: 0 | NJ17: 0 | NK17: 0 | NL17: 0 | NM17: 0 | NN17: 0 | NO17: 0 | NP17: 0 | NQ17: 0 | NR17: 0 | NS17: 0 | NT17: 0 | NU17: 0 | NV17: 0 | NW17: 0 | NX17: 0 | NY17: =NI17+NK17+NM17+NO17+NQ17+NS17+NU17+NW17 -> 0 | NZ17: =NJ17+NL17+NN17+NP17+NR17+NT17+NV17+NX17 -> 0 | OA17: =SUM(NY17:NZ17) -> 0
A18: Region XI | B18: Mati City | C18: DAVAO ORIENTAL | D18: CITY OF MATI (Capital) | E18: 129386 | F18: Onotan Daganio Tagbobolo ES | G18: DepED Managed | H18: Public | I18: Kinder & Grade 1-6 | J18: School with no Annexes | K18: 0 | L18: 0 | M18: 0 | N18: 0 | O18: 0 | P18: 0 | Q18: 0 | R18: 0 | S18: 0 | T18: 0 | U18: 0 | V18: 0 | W18: 0 | X18: 0 | Y18: 0 | Z18: 0 | AA18: =K18+M18+O18+Q18+S18+U18+W18+Y18 -> 0 | AB18: =L18+N18+P18+R18+T18+V18+X18+Z18 -> 0 | AC18: =SUM(AA18:AB18) -> 0 | AD18: 0 | AE18: 0 | AF18: 0 | AG18: 0 | AH18: 0 | AI18: 0 | AJ18: 0 | AK18: 0 | AL18: 0 | AM18: 0 | AN18: 0 | AO18: 0 | AP18: 0 | AQ18: 0 | AR18: 0 | AS18: 0 | AT18: =AD18+AF18+AH18+AJ18+AL18+AN18+AP18+AR18 -> 0 | AU18: =AE18+AG18+AI18+AK18+AM18+AO18+AQ18+AS18 -> 0 | AV18: =SUM(AT18:AU18) -> 0 | AW18: 0 | AX18: 0 | AY18: 0 | AZ18: 0 | BA18: 0 | BB18: 0 | BC18: 0 | BD18: 0 | BE18: 0 | BF18: 0 | BG18: 0 | BH18: 0 | BI18: 0 | BJ18: 0 | BK18: 0 | BL18: 0 | BM18: =AW18+AY18+BA18+BC18+BE18+BG18+BI18+BK18 -> 0 | BN18: =AX18+AZ18+BB18+BD18+BF18+BH18+BJ18+BL18 -> 0 | BO18: =SUM(BM18:BN18) -> 0 | BP18: 0 | BQ18: 0 | BR18: 0 | BS18: 0 | BT18: 0 | BU18: 0 | BV18: 0 | BW18: 0 | BX18: 0 | BY18: 0 | BZ18: 0 | CA18: 0 | CB18: 0 | CC18: 0 | CD18: 0 | CE18: 0 | CF18: =BP18+BR18+BT18+BV18+BX18+BZ18+CB18+CD18 -> 0 | CG18: =BQ18+BS18+BU18+BW18+BY18+CA18+CC18+CE18 -> 0 | CH18: =SUM(CF18:CG18) -> 0 | CI18: 0 | CJ18: 0 | CK18: 0 | CL18: 0 | CM18: 0 | CN18: 0 | CO18: 0 | CP18: 0 | CQ18: 0 | CR18: 0 | CS18: 0 | CT18: 0 | CU18: 0 | CV18: 0 | CW18: 0 | CX18: 0 | CY18: =CI18+CK18+CM18+CO18+CQ18+CS18+CU18+CW18 -> 0 | CZ18: =CJ18+CL18+CN18+CP18+CR18+CT18+CV18+CX18 -> 0 | DA18: =SUM(CY18:CZ18) -> 0 | DB18: 0 | DC18: 0 | DD18: 0 | DE18: 0 | DF18: 0 | DG18: 0 | DH18: 0 | DI18: 0 | DJ18: 0 | DK18: 0 | DL18: 0 | DM18: 0 | DN18: 0 | DO18: 0 | DP18: 0 | DQ18: 0 | DR18: =DB18+DD18+DF18+DH18+DJ18+DL18+DN18+DP18 -> 0 | DS18: =DC18+DE18+DG18+DI18+DK18+DM18+DO18+DQ18 -> 0 | DT18: =SUM(DR18:DS18) -> 0 | DU18: 0 | DV18: 0 | DW18: 0 | DX18: 0 | DY18: 0 | DZ18: 0 | EA18: 0 | EB18: 0 | EC18: 0 | ED18: 0 | EE18: 0 | EF18: 0 | EG18: 0 | EH18: 0 | EI18: 0 | EJ18: 0 | EK18: =DU18+DW18+DY18+EA18+EC18+EE18+EG18+EI18 -> 0 | EL18: =DV18+DX18+DZ18+EB18+ED18+EF18+EH18+EJ18 -> 0 | EM18: =SUM(EK18:EL18) -> 0 | EN18: 0 | EO18: 0 | EP18: 0 | EQ18: 0 | ER18: 0 | ES18: 0 | ET18: 0 | EU18: 0 | EV18: 0 | EW18: 0 | EX18: 0 | EY18: 0 | EZ18: 0 | FA18: 0 | FB18: 0 | FC18: 0 | FD18: =EN18+EP18+ER18+ET18+EV18+EX18+EZ18+FB18 -> 0 | FE18: =EO18+EQ18+ES18+EU18+EW18+EY18+FA18+FC18 -> 0 | FF18: =SUM(FD18:FE18) -> 0 | FG18: 0 | FH18: 0 | FI18: 0 | FJ18: 0 | FK18: 0 | FL18: 0 | FM18: 0 | FN18: 0 | FO18: 0 | FP18: 0 | FQ18: 0 | FR18: 0 | FS18: 0 | FT18: 0 | FU18: 0 | FV18: 0 | FW18: =FG18+FI18+FK18+FM18+FO18+FQ18+FS18+FU18 -> 0 | FX18: =FH18+FJ18+FL18+FN18+FP18+FR18+FT18+FV18 -> 0 | FY18: =SUM(FW18:FX18) -> 0 | FZ18: 0 | GA18: 0 | GB18: 0 | GC18: 0 | GD18: 0 | GE18: 0 | GF18: 0 | GG18: 0 | GH18: 0 | GI18: 0 | GJ18: 0 | GK18: 0 | GL18: 0 | GM18: 0 | GN18: 0 | GO18: 0 | GP18: =FZ18+GB18+GD18+GF18+GH18+GJ18+GL18+GN18 -> 0 | GQ18: =GA18+GC18+GE18+GG18+GI18+GK18+GM18+GO18 -> 0 | GR18: =SUM(GP18:GQ18) -> 0 | GS18: 0 | GT18: 0 | GU18: 0 | GV18: 0 | GW18: 0 | GX18: 0 | GY18: 0 | GZ18: 0 | HA18: 0 | HB18: 0 | HC18: 0 | HD18: 0 | HE18: 0 | HF18: 0 | HG18: 0 | HH18: 0 | HI18: =GS18+GU18+GW18+GY18+HA18+HC18+HE18+HG18 -> 0 | HJ18: =GT18+GV18+GX18+GZ18+HB18+HD18+HF18+HH18 -> 0 | HK18: =SUM(HI18:HJ18) -> 0 | HL18: 0 | HM18: 0 | HN18: 0 | HO18: 0 | HP18: 0 | HQ18: 0 | HR18: 0 | HS18: 0 | HT18: 0 | HU18: 0 | HV18: 0 | HW18: 0 | HX18: 0 | HY18: 0 | HZ18: 0 | IA18: 0 | IB18: =HL18+HN18+HP18+HR18+HT18+HV18+HX18+HZ18 -> 0 | IC18: =HM18+HO18+HQ18+HS18+HU18+HW18+HY18+IA18 -> 0 | ID18: =SUM(IB18:IC18) -> 0 | IE18: 0 | IF18: 0 | IG18: 0 | IH18: 0 | II18: 0 | IJ18: 0 | IK18: 0 | IL18: 0 | IM18: 0 | IN18: 0 | IO18: 0 | IP18: 0 | IQ18: 0 | IR18: 0 | IS18: 0 | IT18: 0 | IU18: =IE18+IG18+II18+IK18+IM18+IO18+IQ18+IS18 -> 0 | IV18: =IF18+IH18+IJ18+IL18+IN18+IP18+IR18+IT18 -> 0 | IW18: =SUM(IU18:IV18) -> 0 | IX18: 0 | IY18: 1 | IZ18: 0 | JA18: 0 | JB18: 0 | JC18: 0 | JD18: 0 | JE18: 0 | JF18: 0 | JG18: 0 | JH18: 0 | JI18: 0 | JJ18: 0 | JK18: 0 | JL18: 0 | JM18: 0 | JN18: =IX18+IZ18+JB18+JD18+JF18+JH18+JJ18+JL18 -> 0 | JO18: =IY18+JA18+JC18+JE18+JG18+JI18+JK18+JM18 -> 1 | JP18: =SUM(JN18:JO18) -> 1 | JQ18: 0 | JR18: 0 | JS18: 0 | JT18: 0 | JU18: 0 | JV18: 0 | JW18: 0 | JX18: 0 | JY18: 0 | JZ18: 0 | KA18: 0 | KB18: 0 | KC18: 0 | KD18: 0 | KE18: 0 | KF18: 0 | KG18: =JQ18+JS18+JU18+JW18+JY18+KA18+KC18+KE18 -> 0 | KH18: =JR18+JT18+JV18+JX18+JZ18+KB18+KD18+KF18 -> 0 | KI18: =SUM(KG18:KH18) -> 0 | KJ18: 0 | KK18: 0 | KL18: 0 | KM18: 0 | KN18: 0 | KO18: 0 | KP18: 0 | KQ18: 0 | KR18: 0 | KS18: 0 | KT18: 0 | KU18: 0 | KV18: 0 | KW18: 0 | KX18: 0 | KY18: 0 | KZ18: =KJ18+KL18+KN18+KP18+KR18+KT18+KV18+KX18 -> 0 | LA18: =KK18+KM18+KO18+KQ18+KS18+KU18+KW18+KY18 -> 0 | LB18: =SUM(KZ18:LA18) -> 0 | LC18: 0 | LD18: 0 | LE18: 0 | LF18: 0 | LG18: 0 | LH18: 0 | LI18: 0 | LJ18: 0 | LK18: 0 | LL18: 0 | LM18: 0 | LN18: 0 | LO18: 0 | LP18: 0 | LQ18: 0 | LR18: 0 | LS18: =LC18+LE18+LG18+LI18+LK18+LM18+LO18+LQ18 -> 0 | LT18: =LD18+LF18+LH18+LJ18+LL18+LN18+LP18+LR18 -> 0 | LU18: =SUM(LS18:LT18) -> 0 | LV18: 0 | LW18: 0 | LX18: 0 | LY18: 0 | LZ18: 0 | MA18: 0 | MB18: 0 | MC18: 0 | MD18: 0 | ME18: 0 | MF18: 0 | MG18: 0 | MH18: 0 | MI18: 0 | MJ18: 0 | MK18: 0 | ML18: =LV18+LX18+LZ18+MB18+MD18+MF18+MH18+MJ18 -> 0 | MM18: =LW18+LY18+MA18+MC18+ME18+MG18+MI18+MK18 -> 0 | MN18: =SUM(ML18:MM18) -> 0 | MO18: =K18+AD18+AW18+BP18+CI18+DB18+DU18+EN18+FG18+FZ18+GS18+HL18+IE18+IX18+JQ18+KJ18+LC18+LV18 -> 0 | MP18: =L18+AE18+AX18+BQ18+CJ18+DC18+DV18+EO18+FH18+GA18+GT18+HM18+IF18+IY18+JR18+KK18+LD18+LW18 -> 1 | MQ18: =M18+AF18+AY18+BR18+CK18+DD18+DW18+EP18+FI18+GB18+GU18+HN18+IG18+IZ18+JS18+KL18+LE18+LX18 -> 0 | MR18: =N18+AG18+AZ18+BS18+CL18+DE18+DX18+EQ18+FJ18+GC18+GV18+HO18+IH18+JA18+JT18+KM18+LF18+LY18 -> 0 | MS18: =O18+AH18+BA18+BT18+CM18+DF18+DY18+ER18+FK18+GD18+GW18+HP18+II18+JB18+JU18+KN18+LG18+LZ18 -> 0 | MT18: =P18+AI18+BB18+BU18+CN18+DG18+DZ18+ES18+FL18+GE18+GX18+HQ18+IJ18+JC18+JV18+KO18+LH18+MA18 -> 0 | MU18: =Q18+AJ18+BC18+BV18+CO18+DH18+EA18+ET18+FM18+GF18+GY18+HR18+IK18+JD18+JW18+KP18+LI18+MB18 -> 0 | MV18: =R18+AK18+BD18+BW18+CP18+DI18+EB18+EU18+FN18+GG18+GZ18+HS18+IL18+JE18+JX18+KQ18+LJ18+MC18 -> 0 | ... NG18: =AC18+AV18+BO18+CH18+DA18+DT18+EM18+FF18+FY18+GR18+HK18+ID18+IW18+JP18+KI18+LB18+LU18+MN18 -> 1 | NI18: 0 | NJ18: 0 | NK18: 0 | NL18: 0 | NM18: 0 | NN18: 0 | NO18: 0 | NP18: 0 | NQ18: 0 | NR18: 0 | NS18: 0 | NT18: 0 | NU18: 0 | NV18: 0 | NW18: 0 | NX18: 0 | NY18: =NI18+NK18+NM18+NO18+NQ18+NS18+NU18+NW18 -> 0 | NZ18: =NJ18+NL18+NN18+NP18+NR18+NT18+NV18+NX18 -> 0 | OA18: =SUM(NY18:NZ18) -> 0
A19: Region XI | B19: Mati City | C19: DAVAO ORIENTAL | D19: CITY OF MATI (Capital) | E19: 205504 | F19: Rabat Rocamora Mati Central School SPED Center | G19: DepED Managed | H19: Public | I19: Kinder & Grade 1-6 | J19: School with no Annexes | K19: 0 | L19: 0 | M19: 0 | N19: 0 | O19: 0 | P19: 0 | Q19: 0 | R19: 0 | S19: 0 | T19: 0 | U19: 0 | V19: 0 | W19: 0 | X19: 0 | Y19: 0 | Z19: 0 | AA19: =K19+M19+O19+Q19+S19+U19+W19+Y19 -> 0 | AB19: =L19+N19+P19+R19+T19+V19+X19+Z19 -> 0 | AC19: =SUM(AA19:AB19) -> 0 | AD19: 0 | AE19: 0 | AF19: 0 | AG19: 0 | AH19: 0 | AI19: 0 | AJ19: 0 | AK19: 0 | AL19: 0 | AM19: 0 | AN19: 0 | AO19: 0 | AP19: 0 | AQ19: 0 | AR19: 0 | AS19: 0 | AT19: =AD19+AF19+AH19+AJ19+AL19+AN19+AP19+AR19 -> 0 | AU19: =AE19+AG19+AI19+AK19+AM19+AO19+AQ19+AS19 -> 0 | AV19: =SUM(AT19:AU19) -> 0 | AW19: 0 | AX19: 0 | AY19: 0 | AZ19: 0 | BA19: 0 | BB19: 0 | BC19: 0 | BD19: 0 | BE19: 0 | BF19: 0 | BG19: 0 | BH19: 0 | BI19: 0 | BJ19: 0 | BK19: 0 | BL19: 0 | BM19: =AW19+AY19+BA19+BC19+BE19+BG19+BI19+BK19 -> 0 | BN19: =AX19+AZ19+BB19+BD19+BF19+BH19+BJ19+BL19 -> 0 | BO19: =SUM(BM19:BN19) -> 0 | BP19: 0 | BQ19: 0 | BR19: 0 | BS19: 0 | BT19: 0 | BU19: 0 | BV19: 0 | BW19: 0 | BX19: 0 | BY19: 0 | BZ19: 0 | CA19: 0 | CB19: 1 | CC19: 0 | CD19: 0 | CE19: 0 | CF19: =BP19+BR19+BT19+BV19+BX19+BZ19+CB19+CD19 -> 1 | CG19: =BQ19+BS19+BU19+BW19+BY19+CA19+CC19+CE19 -> 0 | CH19: =SUM(CF19:CG19) -> 1 | CI19: 0 | CJ19: 0 | CK19: 0 | CL19: 0 | CM19: 0 | CN19: 0 | CO19: 0 | CP19: 0 | CQ19: 0 | CR19: 0 | CS19: 0 | CT19: 0 | CU19: 0 | CV19: 0 | CW19: 0 | CX19: 0 | CY19: =CI19+CK19+CM19+CO19+CQ19+CS19+CU19+CW19 -> 0 | CZ19: =CJ19+CL19+CN19+CP19+CR19+CT19+CV19+CX19 -> 0 | DA19: =SUM(CY19:CZ19) -> 0 | DB19: 0 | DC19: 0 | DD19: 1 | DE19: 0 | DF19: 0 | DG19: 0 | DH19: 0 | DI19: 0 | DJ19: 0 | DK19: 0 | DL19: 0 | DM19: 0 | DN19: 0 | DO19: 0 | DP19: 0 | DQ19: 0 | DR19: =DB19+DD19+DF19+DH19+DJ19+DL19+DN19+DP19 -> 1 | DS19: =DC19+DE19+DG19+DI19+DK19+DM19+DO19+DQ19 -> 0 | DT19: =SUM(DR19:DS19) -> 1 | DU19: 0 | DV19: 0 | DW19: 0 | DX19: 0 | DY19: 0 | DZ19: 0 | EA19: 0 | EB19: 0 | EC19: 0 | ED19: 0 | EE19: 0 | EF19: 0 | EG19: 0 | EH19: 0 | EI19: 0 | EJ19: 0 | EK19: =DU19+DW19+DY19+EA19+EC19+EE19+EG19+EI19 -> 0 | EL19: =DV19+DX19+DZ19+EB19+ED19+EF19+EH19+EJ19 -> 0 | EM19: =SUM(EK19:EL19) -> 0 | EN19: 0 | EO19: 0 | EP19: 0 | EQ19: 0 | ER19: 0 | ES19: 0 | ET19: 0 | EU19: 0 | EV19: 0 | EW19: 0 | EX19: 0 | EY19: 0 | EZ19: 0 | FA19: 0 | FB19: 0 | FC19: 0 | FD19: =EN19+EP19+ER19+ET19+EV19+EX19+EZ19+FB19 -> 0 | FE19: =EO19+EQ19+ES19+EU19+EW19+EY19+FA19+FC19 -> 0 | FF19: =SUM(FD19:FE19) -> 0 | FG19: 0 | FH19: 0 | FI19: 0 | FJ19: 0 | FK19: 0 | FL19: 0 | FM19: 0 | FN19: 0 | FO19: 0 | FP19: 0 | FQ19: 0 | FR19: 0 | FS19: 0 | FT19: 0 | FU19: 0 | FV19: 0 | FW19: =FG19+FI19+FK19+FM19+FO19+FQ19+FS19+FU19 -> 0 | FX19: =FH19+FJ19+FL19+FN19+FP19+FR19+FT19+FV19 -> 0 | FY19: =SUM(FW19:FX19) -> 0 | FZ19: 0 | GA19: 0 | GB19: 0 | GC19: 0 | GD19: 0 | GE19: 0 | GF19: 0 | GG19: 0 | GH19: 0 | GI19: 0 | GJ19: 0 | GK19: 0 | GL19: 0 | GM19: 0 | GN19: 0 | GO19: 0 | GP19: =FZ19+GB19+GD19+GF19+GH19+GJ19+GL19+GN19 -> 0 | GQ19: =GA19+GC19+GE19+GG19+GI19+GK19+GM19+GO19 -> 0 | GR19: =SUM(GP19:GQ19) -> 0 | GS19: 0 | GT19: 0 | GU19: 0 | GV19: 0 | GW19: 0 | GX19: 0 | GY19: 0 | GZ19: 0 | HA19: 0 | HB19: 0 | HC19: 0 | HD19: 0 | HE19: 0 | HF19: 0 | HG19: 0 | HH19: 0 | HI19: =GS19+GU19+GW19+GY19+HA19+HC19+HE19+HG19 -> 0 | HJ19: =GT19+GV19+GX19+GZ19+HB19+HD19+HF19+HH19 -> 0 | HK19: =SUM(HI19:HJ19) -> 0 | HL19: 0 | HM19: 0 | HN19: 0 | HO19: 0 | HP19: 0 | HQ19: 0 | HR19: 0 | HS19: 0 | HT19: 0 | HU19: 0 | HV19: 0 | HW19: 0 | HX19: 0 | HY19: 0 | HZ19: 0 | IA19: 0 | IB19: =HL19+HN19+HP19+HR19+HT19+HV19+HX19+HZ19 -> 0 | IC19: =HM19+HO19+HQ19+HS19+HU19+HW19+HY19+IA19 -> 0 | ID19: =SUM(IB19:IC19) -> 0 | IE19: 0 | IF19: 0 | IG19: 0 | IH19: 0 | II19: 0 | IJ19: 0 | IK19: 0 | IL19: 0 | IM19: 0 | IN19: 0 | IO19: 0 | IP19: 0 | IQ19: 0 | IR19: 0 | IS19: 0 | IT19: 0 | IU19: =IE19+IG19+II19+IK19+IM19+IO19+IQ19+IS19 -> 0 | IV19: =IF19+IH19+IJ19+IL19+IN19+IP19+IR19+IT19 -> 0 | IW19: =SUM(IU19:IV19) -> 0 | IX19: 0 | IY19: 0 | IZ19: 0 | JA19: 0 | JB19: 0 | JC19: 0 | JD19: 0 | JE19: 0 | JF19: 0 | JG19: 0 | JH19: 0 | JI19: 0 | JJ19: 0 | JK19: 0 | JL19: 0 | JM19: 0 | JN19: =IX19+IZ19+JB19+JD19+JF19+JH19+JJ19+JL19 -> 0 | JO19: =IY19+JA19+JC19+JE19+JG19+JI19+JK19+JM19 -> 0 | JP19: =SUM(JN19:JO19) -> 0 | JQ19: 0 | JR19: 0 | JS19: 0 | JT19: 0 | JU19: 0 | JV19: 0 | JW19: 0 | JX19: 0 | JY19: 0 | JZ19: 0 | KA19: 0 | KB19: 0 | KC19: 0 | KD19: 0 | KE19: 0 | KF19: 0 | KG19: =JQ19+JS19+JU19+JW19+JY19+KA19+KC19+KE19 -> 0 | KH19: =JR19+JT19+JV19+JX19+JZ19+KB19+KD19+KF19 -> 0 | KI19: =SUM(KG19:KH19) -> 0 | KJ19: 0 | KK19: 0 | KL19: 0 | KM19: 0 | KN19: 0 | KO19: 0 | KP19: 0 | KQ19: 0 | KR19: 0 | KS19: 0 | KT19: 0 | KU19: 0 | KV19: 0 | KW19: 0 | KX19: 0 | KY19: 0 | KZ19: =KJ19+KL19+KN19+KP19+KR19+KT19+KV19+KX19 -> 0 | LA19: =KK19+KM19+KO19+KQ19+KS19+KU19+KW19+KY19 -> 0 | LB19: =SUM(KZ19:LA19) -> 0 | LC19: 0 | LD19: 0 | LE19: 0 | LF19: 0 | LG19: 0 | LH19: 0 | LI19: 0 | LJ19: 0 | LK19: 0 | LL19: 0 | LM19: 0 | LN19: 0 | LO19: 0 | LP19: 0 | LQ19: 0 | LR19: 0 | LS19: =LC19+LE19+LG19+LI19+LK19+LM19+LO19+LQ19 -> 0 | LT19: =LD19+LF19+LH19+LJ19+LL19+LN19+LP19+LR19 -> 0 | LU19: =SUM(LS19:LT19) -> 0 | LV19: 0 | LW19: 0 | LX19: 0 | LY19: 0 | LZ19: 0 | MA19: 0 | MB19: 0 | MC19: 0 | MD19: 0 | ME19: 0 | MF19: 0 | MG19: 0 | MH19: 0 | MI19: 0 | MJ19: 0 | MK19: 0 | ML19: =LV19+LX19+LZ19+MB19+MD19+MF19+MH19+MJ19 -> 0 | MM19: =LW19+LY19+MA19+MC19+ME19+MG19+MI19+MK19 -> 0 | MN19: =SUM(ML19:MM19) -> 0 | MO19: =K19+AD19+AW19+BP19+CI19+DB19+DU19+EN19+FG19+FZ19+GS19+HL19+IE19+IX19+JQ19+KJ19+LC19+LV19 -> 0 | MP19: =L19+AE19+AX19+BQ19+CJ19+DC19+DV19+EO19+FH19+GA19+GT19+HM19+IF19+IY19+JR19+KK19+LD19+LW19 -> 0 | MQ19: =M19+AF19+AY19+BR19+CK19+DD19+DW19+EP19+FI19+GB19+GU19+HN19+IG19+IZ19+JS19+KL19+LE19+LX19 -> 1 | MR19: =N19+AG19+AZ19+BS19+CL19+DE19+DX19+EQ19+FJ19+GC19+GV19+HO19+IH19+JA19+JT19+KM19+LF19+LY19 -> 0 | MS19: =O19+AH19+BA19+BT19+CM19+DF19+DY19+ER19+FK19+GD19+GW19+HP19+II19+JB19+JU19+KN19+LG19+LZ19 -> 0 | MT19: =P19+AI19+BB19+BU19+CN19+DG19+DZ19+ES19+FL19+GE19+GX19+HQ19+IJ19+JC19+JV19+KO19+LH19+MA19 -> 0 | MU19: =Q19+AJ19+BC19+BV19+CO19+DH19+EA19+ET19+FM19+GF19+GY19+HR19+IK19+JD19+JW19+KP19+LI19+MB19 -> 0 | MV19: =R19+AK19+BD19+BW19+CP19+DI19+EB19+EU19+FN19+GG19+GZ19+HS19+IL19+JE19+JX19+KQ19+LJ19+MC19 -> 0 | ... NG19: =AC19+AV19+BO19+CH19+DA19+DT19+EM19+FF19+FY19+GR19+HK19+ID19+IW19+JP19+KI19+LB19+LU19+MN19 -> 2 | NI19: 0 | NJ19: 0 | NK19: 0 | NL19: 0 | NM19: 0 | NN19: 0 | NO19: 0 | NP19: 0 | NQ19: 0 | NR19: 0 | NS19: 0 | NT19: 0 | NU19: 0 | NV19: 0 | NW19: 0 | NX19: 0 | NY19: =NI19+NK19+NM19+NO19+NQ19+NS19+NU19+NW19 -> 0 | NZ19: =NJ19+NL19+NN19+NP19+NR19+NT19+NV19+NX19 -> 0 | OA19: =SUM(NY19:NZ19) -> 0
A20: Region XI | B20: Mati City | C20: DAVAO ORIENTAL | D20: CITY OF MATI (Capital) | E20: 304325 | F20: Mati National Comprehensive High School | G20: DepED Managed | H20: Public | I20: Grade 7-10 & Grade 11-12 | J20: School with no Annexes | AA20: =K20+M20+O20+Q20+S20+U20+W20+Y20 -> 0 | AB20: =L20+N20+P20+R20+T20+V20+X20+Z20 -> 0 | AC20: =SUM(AA20:AB20) -> 0 | AT20: =AD20+AF20+AH20+AJ20+AL20+AN20+AP20+AR20 -> 0 | AU20: =AE20+AG20+AI20+AK20+AM20+AO20+AQ20+AS20 -> 0 | AV20: =SUM(AT20:AU20) -> 0 | BM20: =AW20+AY20+BA20+BC20+BE20+BG20+BI20+BK20 -> 0 | BN20: =AX20+AZ20+BB20+BD20+BF20+BH20+BJ20+BL20 -> 0 | BO20: =SUM(BM20:BN20) -> 0 | CF20: =BP20+BR20+BT20+BV20+BX20+BZ20+CB20+CD20 -> 0 | CG20: =BQ20+BS20+BU20+BW20+BY20+CA20+CC20+CE20 -> 0 | CH20: =SUM(CF20:CG20) -> 0 | CY20: =CI20+CK20+CM20+CO20+CQ20+CS20+CU20+CW20 -> 0 | CZ20: =CJ20+CL20+CN20+CP20+CR20+CT20+CV20+CX20 -> 0 | DA20: =SUM(CY20:CZ20) -> 0 | DR20: =DB20+DD20+DF20+DH20+DJ20+DL20+DN20+DP20 -> 0 | DS20: =DC20+DE20+DG20+DI20+DK20+DM20+DO20+DQ20 -> 0 | DT20: =SUM(DR20:DS20) -> 0 | EK20: =DU20+DW20+DY20+EA20+EC20+EE20+EG20+EI20 -> 0 | EL20: =DV20+DX20+DZ20+EB20+ED20+EF20+EH20+EJ20 -> 0 | EM20: =SUM(EK20:EL20) -> 0 | FD20: =EN20+EP20+ER20+ET20+EV20+EX20+EZ20+FB20 -> 0 | FE20: =EO20+EQ20+ES20+EU20+EW20+EY20+FA20+FC20 -> 0 | FF20: =SUM(FD20:FE20) -> 0 | FW20: =FG20+FI20+FK20+FM20+FO20+FQ20+FS20+FU20 -> 0 | FX20: =FH20+FJ20+FL20+FN20+FP20+FR20+FT20+FV20 -> 0 | FY20: =SUM(FW20:FX20) -> 0 | GP20: =FZ20+GB20+GD20+GF20+GH20+GJ20+GL20+GN20 -> 0 | GQ20: =GA20+GC20+GE20+GG20+GI20+GK20+GM20+GO20 -> 0 | GR20: =SUM(GP20:GQ20) -> 0 | HI20: =GS20+GU20+GW20+GY20+HA20+HC20+HE20+HG20 -> 0 | HJ20: =GT20+GV20+GX20+GZ20+HB20+HD20+HF20+HH20 -> 0 | HK20: =SUM(HI20:HJ20) -> 0 | IB20: =HL20+HN20+HP20+HR20+HT20+HV20+HX20+HZ20 -> 0 | IC20: =HM20+HO20+HQ20+HS20+HU20+HW20+HY20+IA20 -> 0 | ID20: =SUM(IB20:IC20) -> 0 | IU20: =IE20+IG20+II20+IK20+IM20+IO20+IQ20+IS20 -> 0 | IV20: =IF20+IH20+IJ20+IL20+IN20+IP20+IR20+IT20 -> 0 | IW20: =SUM(IU20:IV20) -> 0 | JN20: =IX20+IZ20+JB20+JD20+JF20+JH20+JJ20+JL20 -> 0 | JO20: =IY20+JA20+JC20+JE20+JG20+JI20+JK20+JM20 -> 0 | JP20: =SUM(JN20:JO20) -> 0 | KG20: =JQ20+JS20+JU20+JW20+JY20+KA20+KC20+KE20 -> 0 | KH20: =JR20+JT20+JV20+JX20+JZ20+KB20+KD20+KF20 -> 0 | KI20: =SUM(KG20:KH20) -> 0 | KZ20: =KJ20+KL20+KN20+KP20+KR20+KT20+KV20+KX20 -> 0 | LA20: =KK20+KM20+KO20+KQ20+KS20+KU20+KW20+KY20 -> 0 | LB20: =SUM(KZ20:LA20) -> 0 | LS20: =LC20+LE20+LG20+LI20+LK20+LM20+LO20+LQ20 -> 0 | LT20: =LD20+LF20+LH20+LJ20+LL20+LN20+LP20+LR20 -> 0 | LU20: =SUM(LS20:LT20) -> 0 | ML20: =LV20+LX20+LZ20+MB20+MD20+MF20+MH20+MJ20 -> 0 | MM20: =LW20+LY20+MA20+MC20+ME20+MG20+MI20+MK20 -> 0 | MN20: =SUM(ML20:MM20) -> 0 | MO20: =K20+AD20+AW20+BP20+CI20+DB20+DU20+EN20+FG20+FZ20+GS20+HL20+IE20+IX20+JQ20+KJ20+LC20+LV20 -> 0 | MP20: =L20+AE20+AX20+BQ20+CJ20+DC20+DV20+EO20+FH20+GA20+GT20+HM20+IF20+IY20+JR20+KK20+LD20+LW20 -> 0 | MQ20: =M20+AF20+AY20+BR20+CK20+DD20+DW20+EP20+FI20+GB20+GU20+HN20+IG20+IZ20+JS20+KL20+LE20+LX20 -> 0 | MR20: =N20+AG20+AZ20+BS20+CL20+DE20+DX20+EQ20+FJ20+GC20+GV20+HO20+IH20+JA20+JT20+KM20+LF20+LY20 -> 0 | MS20: =O20+AH20+BA20+BT20+CM20+DF20+DY20+ER20+FK20+GD20+GW20+HP20+II20+JB20+JU20+KN20+LG20+LZ20 -> 0 | MT20: =P20+AI20+BB20+BU20+CN20+DG20+DZ20+ES20+FL20+GE20+GX20+HQ20+IJ20+JC20+JV20+KO20+LH20+MA20 -> 0 | MU20: =Q20+AJ20+BC20+BV20+CO20+DH20+EA20+ET20+FM20+GF20+GY20+HR20+IK20+JD20+JW20+KP20+LI20+MB20 -> 0 | MV20: =R20+AK20+BD20+BW20+CP20+DI20+EB20+EU20+FN20+GG20+GZ20+HS20+IL20+JE20+JX20+KQ20+LJ20+MC20 -> 0 | ... NG20: =AC20+AV20+BO20+CH20+DA20+DT20+EM20+FF20+FY20+GR20+HK20+ID20+IW20+JP20+KI20+LB20+LU20+MN20 -> 0 | NY20: =NI20+NK20+NM20+NO20+NQ20+NS20+NU20+NW20 -> 0 | NZ20: =NJ20+NL20+NN20+NP20+NR20+NT20+NV20+NX20 -> 0 | OA20: =SUM(NY20:NZ20) -> 0
A21: Region XI | B21: Mati City | C21: DAVAO ORIENTAL | D21: CITY OF MATI (Capital) | E21: 304326 | F21: MATI SCHOOL OF ARTS & TRADES | G21: DepED Managed | H21: Public | I21: Grade 7-10 & Grade 11-12 | J21: School with no Annexes | AA21: =K21+M21+O21+Q21+S21+U21+W21+Y21 -> 0 | AB21: =L21+N21+P21+R21+T21+V21+X21+Z21 -> 0 | AC21: =SUM(AA21:AB21) -> 0 | AT21: =AD21+AF21+AH21+AJ21+AL21+AN21+AP21+AR21 -> 0 | AU21: =AE21+AG21+AI21+AK21+AM21+AO21+AQ21+AS21 -> 0 | AV21: =SUM(AT21:AU21) -> 0 | BM21: =AW21+AY21+BA21+BC21+BE21+BG21+BI21+BK21 -> 0 | BN21: =AX21+AZ21+BB21+BD21+BF21+BH21+BJ21+BL21 -> 0 | BO21: =SUM(BM21:BN21) -> 0 | CF21: =BP21+BR21+BT21+BV21+BX21+BZ21+CB21+CD21 -> 0 | CG21: =BQ21+BS21+BU21+BW21+BY21+CA21+CC21+CE21 -> 0 | CH21: =SUM(CF21:CG21) -> 0 | CY21: =CI21+CK21+CM21+CO21+CQ21+CS21+CU21+CW21 -> 0 | CZ21: =CJ21+CL21+CN21+CP21+CR21+CT21+CV21+CX21 -> 0 | DA21: =SUM(CY21:CZ21) -> 0 | DR21: =DB21+DD21+DF21+DH21+DJ21+DL21+DN21+DP21 -> 0 | DS21: =DC21+DE21+DG21+DI21+DK21+DM21+DO21+DQ21 -> 0 | DT21: =SUM(DR21:DS21) -> 0 | EK21: =DU21+DW21+DY21+EA21+EC21+EE21+EG21+EI21 -> 0 | EL21: =DV21+DX21+DZ21+EB21+ED21+EF21+EH21+EJ21 -> 0 | EM21: =SUM(EK21:EL21) -> 0 | FD21: =EN21+EP21+ER21+ET21+EV21+EX21+EZ21+FB21 -> 0 | FE21: =EO21+EQ21+ES21+EU21+EW21+EY21+FA21+FC21 -> 0 | FF21: =SUM(FD21:FE21) -> 0 | FW21: =FG21+FI21+FK21+FM21+FO21+FQ21+FS21+FU21 -> 0 | FX21: =FH21+FJ21+FL21+FN21+FP21+FR21+FT21+FV21 -> 0 | FY21: =SUM(FW21:FX21) -> 0 | GP21: =FZ21+GB21+GD21+GF21+GH21+GJ21+GL21+GN21 -> 0 | GQ21: =GA21+GC21+GE21+GG21+GI21+GK21+GM21+GO21 -> 0 | GR21: =SUM(GP21:GQ21) -> 0 | HI21: =GS21+GU21+GW21+GY21+HA21+HC21+HE21+HG21 -> 0 | HJ21: =GT21+GV21+GX21+GZ21+HB21+HD21+HF21+HH21 -> 0 | HK21: =SUM(HI21:HJ21) -> 0 | IB21: =HL21+HN21+HP21+HR21+HT21+HV21+HX21+HZ21 -> 0 | IC21: =HM21+HO21+HQ21+HS21+HU21+HW21+HY21+IA21 -> 0 | ID21: =SUM(IB21:IC21) -> 0 | IU21: =IE21+IG21+II21+IK21+IM21+IO21+IQ21+IS21 -> 0 | IV21: =IF21+IH21+IJ21+IL21+IN21+IP21+IR21+IT21 -> 0 | IW21: =SUM(IU21:IV21) -> 0 | JN21: =IX21+IZ21+JB21+JD21+JF21+JH21+JJ21+JL21 -> 0 | JO21: =IY21+JA21+JC21+JE21+JG21+JI21+JK21+JM21 -> 0 | JP21: =SUM(JN21:JO21) -> 0 | KG21: =JQ21+JS21+JU21+JW21+JY21+KA21+KC21+KE21 -> 0 | KH21: =JR21+JT21+JV21+JX21+JZ21+KB21+KD21+KF21 -> 0 | KI21: =SUM(KG21:KH21) -> 0 | KZ21: =KJ21+KL21+KN21+KP21+KR21+KT21+KV21+KX21 -> 0 | LA21: =KK21+KM21+KO21+KQ21+KS21+KU21+KW21+KY21 -> 0 | LB21: =SUM(KZ21:LA21) -> 0 | LS21: =LC21+LE21+LG21+LI21+LK21+LM21+LO21+LQ21 -> 0 | LT21: =LD21+LF21+LH21+LJ21+LL21+LN21+LP21+LR21 -> 0 | LU21: =SUM(LS21:LT21) -> 0 | ML21: =LV21+LX21+LZ21+MB21+MD21+MF21+MH21+MJ21 -> 0 | MM21: =LW21+LY21+MA21+MC21+ME21+MG21+MI21+MK21 -> 0 | MN21: =SUM(ML21:MM21) -> 0 | MO21: =K21+AD21+AW21+BP21+CI21+DB21+DU21+EN21+FG21+FZ21+GS21+HL21+IE21+IX21+JQ21+KJ21+LC21+LV21 -> 0 | MP21: =L21+AE21+AX21+BQ21+CJ21+DC21+DV21+EO21+FH21+GA21+GT21+HM21+IF21+IY21+JR21+KK21+LD21+LW21 -> 0 | MQ21: =M21+AF21+AY21+BR21+CK21+DD21+DW21+EP21+FI21+GB21+GU21+HN21+IG21+IZ21+JS21+KL21+LE21+LX21 -> 0 | MR21: =N21+AG21+AZ21+BS21+CL21+DE21+DX21+EQ21+FJ21+GC21+GV21+HO21+IH21+JA21+JT21+KM21+LF21+LY21 -> 0 | MS21: =O21+AH21+BA21+BT21+CM21+DF21+DY21+ER21+FK21+GD21+GW21+HP21+II21+JB21+JU21+KN21+LG21+LZ21 -> 0 | MT21: =P21+AI21+BB21+BU21+CN21+DG21+DZ21+ES21+FL21+GE21+GX21+HQ21+IJ21+JC21+JV21+KO21+LH21+MA21 -> 0 | MU21: =Q21+AJ21+BC21+BV21+CO21+DH21+EA21+ET21+FM21+GF21+GY21+HR21+IK21+JD21+JW21+KP21+LI21+MB21 -> 0 | MV21: =R21+AK21+BD21+BW21+CP21+DI21+EB21+EU21+FN21+GG21+GZ21+HS21+IL21+JE21+JX21+KQ21+LJ21+MC21 -> 0 | ... NG21: =AC21+AV21+BO21+CH21+DA21+DT21+EM21+FF21+FY21+GR21+HK21+ID21+IW21+JP21+KI21+LB21+LU21+MN21 -> 0 | NY21: =NI21+NK21+NM21+NO21+NQ21+NS21+NU21+NW21 -> 0 | NZ21: =NJ21+NL21+NN21+NP21+NR21+NT21+NV21+NX21 -> 0 | OA21: =SUM(NY21:NZ21) -> 0
A22: Region XI | B22: Mati City | C22: DAVAO ORIENTAL | D22: CITY OF MATI (Capital) | E22: 325104 | F22: Badas NHS | G22: DepED Managed | H22: Public | I22: Grade 7-10 & Grade 11-12 | J22: School with no Annexes | AA22: =K22+M22+O22+Q22+S22+U22+W22+Y22 -> 0 | AB22: =L22+N22+P22+R22+T22+V22+X22+Z22 -> 0 | AC22: =SUM(AA22:AB22) -> 0 | AT22: =AD22+AF22+AH22+AJ22+AL22+AN22+AP22+AR22 -> 0 | AU22: =AE22+AG22+AI22+AK22+AM22+AO22+AQ22+AS22 -> 0 | AV22: =SUM(AT22:AU22) -> 0 | BM22: =AW22+AY22+BA22+BC22+BE22+BG22+BI22+BK22 -> 0 | BN22: =AX22+AZ22+BB22+BD22+BF22+BH22+BJ22+BL22 -> 0 | BO22: =SUM(BM22:BN22) -> 0 | CF22: =BP22+BR22+BT22+BV22+BX22+BZ22+CB22+CD22 -> 0 | CG22: =BQ22+BS22+BU22+BW22+BY22+CA22+CC22+CE22 -> 0 | CH22: =SUM(CF22:CG22) -> 0 | CY22: =CI22+CK22+CM22+CO22+CQ22+CS22+CU22+CW22 -> 0 | CZ22: =CJ22+CL22+CN22+CP22+CR22+CT22+CV22+CX22 -> 0 | DA22: =SUM(CY22:CZ22) -> 0 | DR22: =DB22+DD22+DF22+DH22+DJ22+DL22+DN22+DP22 -> 0 | DS22: =DC22+DE22+DG22+DI22+DK22+DM22+DO22+DQ22 -> 0 | DT22: =SUM(DR22:DS22) -> 0 | EK22: =DU22+DW22+DY22+EA22+EC22+EE22+EG22+EI22 -> 0 | EL22: =DV22+DX22+DZ22+EB22+ED22+EF22+EH22+EJ22 -> 0 | EM22: =SUM(EK22:EL22) -> 0 | FD22: =EN22+EP22+ER22+ET22+EV22+EX22+EZ22+FB22 -> 0 | FE22: =EO22+EQ22+ES22+EU22+EW22+EY22+FA22+FC22 -> 0 | FF22: =SUM(FD22:FE22) -> 0 | FW22: =FG22+FI22+FK22+FM22+FO22+FQ22+FS22+FU22 -> 0 | FX22: =FH22+FJ22+FL22+FN22+FP22+FR22+FT22+FV22 -> 0 | FY22: =SUM(FW22:FX22) -> 0 | GP22: =FZ22+GB22+GD22+GF22+GH22+GJ22+GL22+GN22 -> 0 | GQ22: =GA22+GC22+GE22+GG22+GI22+GK22+GM22+GO22 -> 0 | GR22: =SUM(GP22:GQ22) -> 0 | HI22: =GS22+GU22+GW22+GY22+HA22+HC22+HE22+HG22 -> 0 | HJ22: =GT22+GV22+GX22+GZ22+HB22+HD22+HF22+HH22 -> 0 | HK22: =SUM(HI22:HJ22) -> 0 | IB22: =HL22+HN22+HP22+HR22+HT22+HV22+HX22+HZ22 -> 0 | IC22: =HM22+HO22+HQ22+HS22+HU22+HW22+HY22+IA22 -> 0 | ID22: =SUM(IB22:IC22) -> 0 | IU22: =IE22+IG22+II22+IK22+IM22+IO22+IQ22+IS22 -> 0 | IV22: =IF22+IH22+IJ22+IL22+IN22+IP22+IR22+IT22 -> 0 | IW22: =SUM(IU22:IV22) -> 0 | JN22: =IX22+IZ22+JB22+JD22+JF22+JH22+JJ22+JL22 -> 0 | JO22: =IY22+JA22+JC22+JE22+JG22+JI22+JK22+JM22 -> 0 | JP22: =SUM(JN22:JO22) -> 0 | KG22: =JQ22+JS22+JU22+JW22+JY22+KA22+KC22+KE22 -> 0 | KH22: =JR22+JT22+JV22+JX22+JZ22+KB22+KD22+KF22 -> 0 | KI22: =SUM(KG22:KH22) -> 0 | KZ22: =KJ22+KL22+KN22+KP22+KR22+KT22+KV22+KX22 -> 0 | LA22: =KK22+KM22+KO22+KQ22+KS22+KU22+KW22+KY22 -> 0 | LB22: =SUM(KZ22:LA22) -> 0 | LS22: =LC22+LE22+LG22+LI22+LK22+LM22+LO22+LQ22 -> 0 | LT22: =LD22+LF22+LH22+LJ22+LL22+LN22+LP22+LR22 -> 0 | LU22: =SUM(LS22:LT22) -> 0 | ML22: =LV22+LX22+LZ22+MB22+MD22+MF22+MH22+MJ22 -> 0 | MM22: =LW22+LY22+MA22+MC22+ME22+MG22+MI22+MK22 -> 0 | MN22: =SUM(ML22:MM22) -> 0 | MO22: =K22+AD22+AW22+BP22+CI22+DB22+DU22+EN22+FG22+FZ22+GS22+HL22+IE22+IX22+JQ22+KJ22+LC22+LV22 -> 0 | MP22: =L22+AE22+AX22+BQ22+CJ22+DC22+DV22+EO22+FH22+GA22+GT22+HM22+IF22+IY22+JR22+KK22+LD22+LW22 -> 0 | MQ22: =M22+AF22+AY22+BR22+CK22+DD22+DW22+EP22+FI22+GB22+GU22+HN22+IG22+IZ22+JS22+KL22+LE22+LX22 -> 0 | MR22: =N22+AG22+AZ22+BS22+CL22+DE22+DX22+EQ22+FJ22+GC22+GV22+HO22+IH22+JA22+JT22+KM22+LF22+LY22 -> 0 | MS22: =O22+AH22+BA22+BT22+CM22+DF22+DY22+ER22+FK22+GD22+GW22+HP22+II22+JB22+JU22+KN22+LG22+LZ22 -> 0 | MT22: =P22+AI22+BB22+BU22+CN22+DG22+DZ22+ES22+FL22+GE22+GX22+HQ22+IJ22+JC22+JV22+KO22+LH22+MA22 -> 0 | MU22: =Q22+AJ22+BC22+BV22+CO22+DH22+EA22+ET22+FM22+GF22+GY22+HR22+IK22+JD22+JW22+KP22+LI22+MB22 -> 0 | MV22: =R22+AK22+BD22+BW22+CP22+DI22+EB22+EU22+FN22+GG22+GZ22+HS22+IL22+JE22+JX22+KQ22+LJ22+MC22 -> 0 | ... NG22: =AC22+AV22+BO22+CH22+DA22+DT22+EM22+FF22+FY22+GR22+HK22+ID22+IW22+JP22+KI22+LB22+LU22+MN22 -> 0 | NY22: =NI22+NK22+NM22+NO22+NQ22+NS22+NU22+NW22 -> 0 | NZ22: =NJ22+NL22+NN22+NP22+NR22+NT22+NV22+NX22 -> 0 | OA22: =SUM(NY22:NZ22) -> 0
A23: Region XI | B23: Mati City | C23: DAVAO ORIENTAL | D23: CITY OF MATI (Capital) | E23: 405423 | F23: Immaculate Heart of Mary Academy | G23: Sectarian | H23: Private | I23: Kinder, Grade 1-6, Grade 7-10 & Grade 11-12 | J23: School with no Annexes | AA23: =K23+M23+O23+Q23+S23+U23+W23+Y23 -> 0 | AB23: =L23+N23+P23+R23+T23+V23+X23+Z23 -> 0 | AC23: =SUM(AA23:AB23) -> 0 | AT23: =AD23+AF23+AH23+AJ23+AL23+AN23+AP23+AR23 -> 0 | AU23: =AE23+AG23+AI23+AK23+AM23+AO23+AQ23+AS23 -> 0 | AV23: =SUM(AT23:AU23) -> 0 | BM23: =AW23+AY23+BA23+BC23+BE23+BG23+BI23+BK23 -> 0 | BN23: =AX23+AZ23+BB23+BD23+BF23+BH23+BJ23+BL23 -> 0 | BO23: =SUM(BM23:BN23) -> 0 | CF23: =BP23+BR23+BT23+BV23+BX23+BZ23+CB23+CD23 -> 0 | CG23: =BQ23+BS23+BU23+BW23+BY23+CA23+CC23+CE23 -> 0 | CH23: =SUM(CF23:CG23) -> 0 | CY23: =CI23+CK23+CM23+CO23+CQ23+CS23+CU23+CW23 -> 0 | CZ23: =CJ23+CL23+CN23+CP23+CR23+CT23+CV23+CX23 -> 0 | DA23: =SUM(CY23:CZ23) -> 0 | DR23: =DB23+DD23+DF23+DH23+DJ23+DL23+DN23+DP23 -> 0 | DS23: =DC23+DE23+DG23+DI23+DK23+DM23+DO23+DQ23 -> 0 | DT23: =SUM(DR23:DS23) -> 0 | EK23: =DU23+DW23+DY23+EA23+EC23+EE23+EG23+EI23 -> 0 | EL23: =DV23+DX23+DZ23+EB23+ED23+EF23+EH23+EJ23 -> 0 | EM23: =SUM(EK23:EL23) -> 0 | FD23: =EN23+EP23+ER23+ET23+EV23+EX23+EZ23+FB23 -> 0 | FE23: =EO23+EQ23+ES23+EU23+EW23+EY23+FA23+FC23 -> 0 | FF23: =SUM(FD23:FE23) -> 0 | FW23: =FG23+FI23+FK23+FM23+FO23+FQ23+FS23+FU23 -> 0 | FX23: =FH23+FJ23+FL23+FN23+FP23+FR23+FT23+FV23 -> 0 | FY23: =SUM(FW23:FX23) -> 0 | GP23: =FZ23+GB23+GD23+GF23+GH23+GJ23+GL23+GN23 -> 0 | GQ23: =GA23+GC23+GE23+GG23+GI23+GK23+GM23+GO23 -> 0 | GR23: =SUM(GP23:GQ23) -> 0 | HI23: =GS23+GU23+GW23+GY23+HA23+HC23+HE23+HG23 -> 0 | HJ23: =GT23+GV23+GX23+GZ23+HB23+HD23+HF23+HH23 -> 0 | HK23: =SUM(HI23:HJ23) -> 0 | IB23: =HL23+HN23+HP23+HR23+HT23+HV23+HX23+HZ23 -> 0 | IC23: =HM23+HO23+HQ23+HS23+HU23+HW23+HY23+IA23 -> 0 | ID23: =SUM(IB23:IC23) -> 0 | IU23: =IE23+IG23+II23+IK23+IM23+IO23+IQ23+IS23 -> 0 | IV23: =IF23+IH23+IJ23+IL23+IN23+IP23+IR23+IT23 -> 0 | IW23: =SUM(IU23:IV23) -> 0 | JN23: =IX23+IZ23+JB23+JD23+JF23+JH23+JJ23+JL23 -> 0 | JO23: =IY23+JA23+JC23+JE23+JG23+JI23+JK23+JM23 -> 0 | JP23: =SUM(JN23:JO23) -> 0 | KG23: =JQ23+JS23+JU23+JW23+JY23+KA23+KC23+KE23 -> 0 | KH23: =JR23+JT23+JV23+JX23+JZ23+KB23+KD23+KF23 -> 0 | KI23: =SUM(KG23:KH23) -> 0 | KZ23: =KJ23+KL23+KN23+KP23+KR23+KT23+KV23+KX23 -> 0 | LA23: =KK23+KM23+KO23+KQ23+KS23+KU23+KW23+KY23 -> 0 | LB23: =SUM(KZ23:LA23) -> 0 | LS23: =LC23+LE23+LG23+LI23+LK23+LM23+LO23+LQ23 -> 0 | LT23: =LD23+LF23+LH23+LJ23+LL23+LN23+LP23+LR23 -> 0 | LU23: =SUM(LS23:LT23) -> 0 | ML23: =LV23+LX23+LZ23+MB23+MD23+MF23+MH23+MJ23 -> 0 | MM23: =LW23+LY23+MA23+MC23+ME23+MG23+MI23+MK23 -> 0 | MN23: =SUM(ML23:MM23) -> 0 | MO23: =K23+AD23+AW23+BP23+CI23+DB23+DU23+EN23+FG23+FZ23+GS23+HL23+IE23+IX23+JQ23+KJ23+LC23+LV23 -> 0 | MP23: =L23+AE23+AX23+BQ23+CJ23+DC23+DV23+EO23+FH23+GA23+GT23+HM23+IF23+IY23+JR23+KK23+LD23+LW23 -> 0 | MQ23: =M23+AF23+AY23+BR23+CK23+DD23+DW23+EP23+FI23+GB23+GU23+HN23+IG23+IZ23+JS23+KL23+LE23+LX23 -> 0 | MR23: =N23+AG23+AZ23+BS23+CL23+DE23+DX23+EQ23+FJ23+GC23+GV23+HO23+IH23+JA23+JT23+KM23+LF23+LY23 -> 0 | MS23: =O23+AH23+BA23+BT23+CM23+DF23+DY23+ER23+FK23+GD23+GW23+HP23+II23+JB23+JU23+KN23+LG23+LZ23 -> 0 | MT23: =P23+AI23+BB23+BU23+CN23+DG23+DZ23+ES23+FL23+GE23+GX23+HQ23+IJ23+JC23+JV23+KO23+LH23+MA23 -> 0 | MU23: =Q23+AJ23+BC23+BV23+CO23+DH23+EA23+ET23+FM23+GF23+GY23+HR23+IK23+JD23+JW23+KP23+LI23+MB23 -> 0 | MV23: =R23+AK23+BD23+BW23+CP23+DI23+EB23+EU23+FN23+GG23+GZ23+HS23+IL23+JE23+JX23+KQ23+LJ23+MC23 -> 0 | ... NG23: =AC23+AV23+BO23+CH23+DA23+DT23+EM23+FF23+FY23+GR23+HK23+ID23+IW23+JP23+KI23+LB23+LU23+MN23 -> 0 | NY23: =NI23+NK23+NM23+NO23+NQ23+NS23+NU23+NW23 -> 0 | NZ23: =NJ23+NL23+NN23+NP23+NR23+NT23+NV23+NX23 -> 0 | OA23: =SUM(NY23:NZ23) -> 0
A24: Region XI | B24: Mati City | C24: DAVAO ORIENTAL | D24: CITY OF MATI (Capital) | E24: 405424 | F24: Mati Polytechnic College | G24: Sectarian | H24: Private | I24: Grade 7-10 & Grade 11-12 | J24: School with no Annexes | AA24: =K24+M24+O24+Q24+S24+U24+W24+Y24 -> 0 | AB24: =L24+N24+P24+R24+T24+V24+X24+Z24 -> 0 | AC24: =SUM(AA24:AB24) -> 0 | AT24: =AD24+AF24+AH24+AJ24+AL24+AN24+AP24+AR24 -> 0 | AU24: =AE24+AG24+AI24+AK24+AM24+AO24+AQ24+AS24 -> 0 | AV24: =SUM(AT24:AU24) -> 0 | BM24: =AW24+AY24+BA24+BC24+BE24+BG24+BI24+BK24 -> 0 | BN24: =AX24+AZ24+BB24+BD24+BF24+BH24+BJ24+BL24 -> 0 | BO24: =SUM(BM24:BN24) -> 0 | CF24: =BP24+BR24+BT24+BV24+BX24+BZ24+CB24+CD24 -> 0 | CG24: =BQ24+BS24+BU24+BW24+BY24+CA24+CC24+CE24 -> 0 | CH24: =SUM(CF24:CG24) -> 0 | CY24: =CI24+CK24+CM24+CO24+CQ24+CS24+CU24+CW24 -> 0 | CZ24: =CJ24+CL24+CN24+CP24+CR24+CT24+CV24+CX24 -> 0 | DA24: =SUM(CY24:CZ24) -> 0 | DR24: =DB24+DD24+DF24+DH24+DJ24+DL24+DN24+DP24 -> 0 | DS24: =DC24+DE24+DG24+DI24+DK24+DM24+DO24+DQ24 -> 0 | DT24: =SUM(DR24:DS24) -> 0 | EK24: =DU24+DW24+DY24+EA24+EC24+EE24+EG24+EI24 -> 0 | EL24: =DV24+DX24+DZ24+EB24+ED24+EF24+EH24+EJ24 -> 0 | EM24: =SUM(EK24:EL24) -> 0 | FD24: =EN24+EP24+ER24+ET24+EV24+EX24+EZ24+FB24 -> 0 | FE24: =EO24+EQ24+ES24+EU24+EW24+EY24+FA24+FC24 -> 0 | FF24: =SUM(FD24:FE24) -> 0 | FW24: =FG24+FI24+FK24+FM24+FO24+FQ24+FS24+FU24 -> 0 | FX24: =FH24+FJ24+FL24+FN24+FP24+FR24+FT24+FV24 -> 0 | FY24: =SUM(FW24:FX24) -> 0 | GP24: =FZ24+GB24+GD24+GF24+GH24+GJ24+GL24+GN24 -> 0 | GQ24: =GA24+GC24+GE24+GG24+GI24+GK24+GM24+GO24 -> 0 | GR24: =SUM(GP24:GQ24) -> 0 | HI24: =GS24+GU24+GW24+GY24+HA24+HC24+HE24+HG24 -> 0 | HJ24: =GT24+GV24+GX24+GZ24+HB24+HD24+HF24+HH24 -> 0 | HK24: =SUM(HI24:HJ24) -> 0 | IB24: =HL24+HN24+HP24+HR24+HT24+HV24+HX24+HZ24 -> 0 | IC24: =HM24+HO24+HQ24+HS24+HU24+HW24+HY24+IA24 -> 0 | ID24: =SUM(IB24:IC24) -> 0 | IU24: =IE24+IG24+II24+IK24+IM24+IO24+IQ24+IS24 -> 0 | IV24: =IF24+IH24+IJ24+IL24+IN24+IP24+IR24+IT24 -> 0 | IW24: =SUM(IU24:IV24) -> 0 | JN24: =IX24+IZ24+JB24+JD24+JF24+JH24+JJ24+JL24 -> 0 | JO24: =IY24+JA24+JC24+JE24+JG24+JI24+JK24+JM24 -> 0 | JP24: =SUM(JN24:JO24) -> 0 | KG24: =JQ24+JS24+JU24+JW24+JY24+KA24+KC24+KE24 -> 0 | KH24: =JR24+JT24+JV24+JX24+JZ24+KB24+KD24+KF24 -> 0 | KI24: =SUM(KG24:KH24) -> 0 | KZ24: =KJ24+KL24+KN24+KP24+KR24+KT24+KV24+KX24 -> 0 | LA24: =KK24+KM24+KO24+KQ24+KS24+KU24+KW24+KY24 -> 0 | LB24: =SUM(KZ24:LA24) -> 0 | LS24: =LC24+LE24+LG24+LI24+LK24+LM24+LO24+LQ24 -> 0 | LT24: =LD24+LF24+LH24+LJ24+LL24+LN24+LP24+LR24 -> 0 | LU24: =SUM(LS24:LT24) -> 0 | ML24: =LV24+LX24+LZ24+MB24+MD24+MF24+MH24+MJ24 -> 0 | MM24: =LW24+LY24+MA24+MC24+ME24+MG24+MI24+MK24 -> 0 | MN24: =SUM(ML24:MM24) -> 0 | MO24: =K24+AD24+AW24+BP24+CI24+DB24+DU24+EN24+FG24+FZ24+GS24+HL24+IE24+IX24+JQ24+KJ24+LC24+LV24 -> 0 | MP24: =L24+AE24+AX24+BQ24+CJ24+DC24+DV24+EO24+FH24+GA24+GT24+HM24+IF24+IY24+JR24+KK24+LD24+LW24 -> 0 | MQ24: =M24+AF24+AY24+BR24+CK24+DD24+DW24+EP24+FI24+GB24+GU24+HN24+IG24+IZ24+JS24+KL24+LE24+LX24 -> 0 | MR24: =N24+AG24+AZ24+BS24+CL24+DE24+DX24+EQ24+FJ24+GC24+GV24+HO24+IH24+JA24+JT24+KM24+LF24+LY24 -> 0 | MS24: =O24+AH24+BA24+BT24+CM24+DF24+DY24+ER24+FK24+GD24+GW24+HP24+II24+JB24+JU24+KN24+LG24+LZ24 -> 0 | MT24: =P24+AI24+BB24+BU24+CN24+DG24+DZ24+ES24+FL24+GE24+GX24+HQ24+IJ24+JC24+JV24+KO24+LH24+MA24 -> 0 | MU24: =Q24+AJ24+BC24+BV24+CO24+DH24+EA24+ET24+FM24+GF24+GY24+HR24+IK24+JD24+JW24+KP24+LI24+MB24 -> 0 | MV24: =R24+AK24+BD24+BW24+CP24+DI24+EB24+EU24+FN24+GG24+GZ24+HS24+IL24+JE24+JX24+KQ24+LJ24+MC24 -> 0 | ... NG24: =AC24+AV24+BO24+CH24+DA24+DT24+EM24+FF24+FY24+GR24+HK24+ID24+IW24+JP24+KI24+LB24+LU24+MN24 -> 0 | NY24: =NI24+NK24+NM24+NO24+NQ24+NS24+NU24+NW24 -> 0 | NZ24: =NJ24+NL24+NN24+NP24+NR24+NT24+NV24+NX24 -> 0 | OA24: =SUM(NY24:NZ24) -> 0
A25: Region XI | B25: Mati City | C25: DAVAO ORIENTAL | D25: CITY OF MATI (Capital) | E25: 405426 | F25: Christian Life School of Davao Oriental, Inc. | G25: Sectarian | H25: Private | I25: Kinder, Grade 1-6, Grade 7-10 | J25: School with no Annexes | AA25: =K25+M25+O25+Q25+S25+U25+W25+Y25 -> 0 | AB25: =L25+N25+P25+R25+T25+V25+X25+Z25 -> 0 | AC25: =SUM(AA25:AB25) -> 0 | AT25: =AD25+AF25+AH25+AJ25+AL25+AN25+AP25+AR25 -> 0 | AU25: =AE25+AG25+AI25+AK25+AM25+AO25+AQ25+AS25 -> 0 | AV25: =SUM(AT25:AU25) -> 0 | BM25: =AW25+AY25+BA25+BC25+BE25+BG25+BI25+BK25 -> 0 | BN25: =AX25+AZ25+BB25+BD25+BF25+BH25+BJ25+BL25 -> 0 | BO25: =SUM(BM25:BN25) -> 0 | CF25: =BP25+BR25+BT25+BV25+BX25+BZ25+CB25+CD25 -> 0 | CG25: =BQ25+BS25+BU25+BW25+BY25+CA25+CC25+CE25 -> 0 | CH25: =SUM(CF25:CG25) -> 0 | CY25: =CI25+CK25+CM25+CO25+CQ25+CS25+CU25+CW25 -> 0 | CZ25: =CJ25+CL25+CN25+CP25+CR25+CT25+CV25+CX25 -> 0 | DA25: =SUM(CY25:CZ25) -> 0 | DR25: =DB25+DD25+DF25+DH25+DJ25+DL25+DN25+DP25 -> 0 | DS25: =DC25+DE25+DG25+DI25+DK25+DM25+DO25+DQ25 -> 0 | DT25: =SUM(DR25:DS25) -> 0 | EK25: =DU25+DW25+DY25+EA25+EC25+EE25+EG25+EI25 -> 0 | EL25: =DV25+DX25+DZ25+EB25+ED25+EF25+EH25+EJ25 -> 0 | EM25: =SUM(EK25:EL25) -> 0 | FD25: =EN25+EP25+ER25+ET25+EV25+EX25+EZ25+FB25 -> 0 | FE25: =EO25+EQ25+ES25+EU25+EW25+EY25+FA25+FC25 -> 0 | FF25: =SUM(FD25:FE25) -> 0 | FW25: =FG25+FI25+FK25+FM25+FO25+FQ25+FS25+FU25 -> 0 | FX25: =FH25+FJ25+FL25+FN25+FP25+FR25+FT25+FV25 -> 0 | FY25: =SUM(FW25:FX25) -> 0 | GP25: =FZ25+GB25+GD25+GF25+GH25+GJ25+GL25+GN25 -> 0 | GQ25: =GA25+GC25+GE25+GG25+GI25+GK25+GM25+GO25 -> 0 | GR25: =SUM(GP25:GQ25) -> 0 | HI25: =GS25+GU25+GW25+GY25+HA25+HC25+HE25+HG25 -> 0 | HJ25: =GT25+GV25+GX25+GZ25+HB25+HD25+HF25+HH25 -> 0 | HK25: =SUM(HI25:HJ25) -> 0 | IB25: =HL25+HN25+HP25+HR25+HT25+HV25+HX25+HZ25 -> 0 | IC25: =HM25+HO25+HQ25+HS25+HU25+HW25+HY25+IA25 -> 0 | ID25: =SUM(IB25:IC25) -> 0 | IU25: =IE25+IG25+II25+IK25+IM25+IO25+IQ25+IS25 -> 0 | IV25: =IF25+IH25+IJ25+IL25+IN25+IP25+IR25+IT25 -> 0 | IW25: =SUM(IU25:IV25) -> 0 | JN25: =IX25+IZ25+JB25+JD25+JF25+JH25+JJ25+JL25 -> 0 | JO25: =IY25+JA25+JC25+JE25+JG25+JI25+JK25+JM25 -> 0 | JP25: =SUM(JN25:JO25) -> 0 | KG25: =JQ25+JS25+JU25+JW25+JY25+KA25+KC25+KE25 -> 0 | KH25: =JR25+JT25+JV25+JX25+JZ25+KB25+KD25+KF25 -> 0 | KI25: =SUM(KG25:KH25) -> 0 | KZ25: =KJ25+KL25+KN25+KP25+KR25+KT25+KV25+KX25 -> 0 | LA25: =KK25+KM25+KO25+KQ25+KS25+KU25+KW25+KY25 -> 0 | LB25: =SUM(KZ25:LA25) -> 0 | LS25: =LC25+LE25+LG25+LI25+LK25+LM25+LO25+LQ25 -> 0 | LT25: =LD25+LF25+LH25+LJ25+LL25+LN25+LP25+LR25 -> 0 | LU25: =SUM(LS25:LT25) -> 0 | ML25: =LV25+LX25+LZ25+MB25+MD25+MF25+MH25+MJ25 -> 0 | MM25: =LW25+LY25+MA25+MC25+ME25+MG25+MI25+MK25 -> 0 | MN25: =SUM(ML25:MM25) -> 0 | MO25: =K25+AD25+AW25+BP25+CI25+DB25+DU25+EN25+FG25+FZ25+GS25+HL25+IE25+IX25+JQ25+KJ25+LC25+LV25 -> 0 | MP25: =L25+AE25+AX25+BQ25+CJ25+DC25+DV25+EO25+FH25+GA25+GT25+HM25+IF25+IY25+JR25+KK25+LD25+LW25 -> 0 | MQ25: =M25+AF25+AY25+BR25+CK25+DD25+DW25+EP25+FI25+GB25+GU25+HN25+IG25+IZ25+JS25+KL25+LE25+LX25 -> 0 | MR25: =N25+AG25+AZ25+BS25+CL25+DE25+DX25+EQ25+FJ25+GC25+GV25+HO25+IH25+JA25+JT25+KM25+LF25+LY25 -> 0 | MS25: =O25+AH25+BA25+BT25+CM25+DF25+DY25+ER25+FK25+GD25+GW25+HP25+II25+JB25+JU25+KN25+LG25+LZ25 -> 0 | MT25: =P25+AI25+BB25+BU25+CN25+DG25+DZ25+ES25+FL25+GE25+GX25+HQ25+IJ25+JC25+JV25+KO25+LH25+MA25 -> 0 | MU25: =Q25+AJ25+BC25+BV25+CO25+DH25+EA25+ET25+FM25+GF25+GY25+HR25+IK25+JD25+JW25+KP25+LI25+MB25 -> 0 | MV25: =R25+AK25+BD25+BW25+CP25+DI25+EB25+EU25+FN25+GG25+GZ25+HS25+IL25+JE25+JX25+KQ25+LJ25+MC25 -> 0 | ... NG25: =AC25+AV25+BO25+CH25+DA25+DT25+EM25+FF25+FY25+GR25+HK25+ID25+IW25+JP25+KI25+LB25+LU25+MN25 -> 0 | NY25: =NI25+NK25+NM25+NO25+NQ25+NS25+NU25+NW25 -> 0 | NZ25: =NJ25+NL25+NN25+NP25+NR25+NT25+NV25+NX25 -> 0 | OA25: =SUM(NY25:NZ25) -> 0
A26: Region XI | B26: Mati City | C26: DAVAO ORIENTAL | D26: CITY OF MATI (Capital) | E26: 405812 | F26: Don Bosco Training Center-Mati, Inc. | G26: Non-Sectarian | H26: Private | I26: Grade 11-12 | J26: School with no Annexes | AA26: =K26+M26+O26+Q26+S26+U26+W26+Y26 -> 0 | AB26: =L26+N26+P26+R26+T26+V26+X26+Z26 -> 0 | AC26: =SUM(AA26:AB26) -> 0 | AT26: =AD26+AF26+AH26+AJ26+AL26+AN26+AP26+AR26 -> 0 | AU26: =AE26+AG26+AI26+AK26+AM26+AO26+AQ26+AS26 -> 0 | AV26: =SUM(AT26:AU26) -> 0 | BM26: =AW26+AY26+BA26+BC26+BE26+BG26+BI26+BK26 -> 0 | BN26: =AX26+AZ26+BB26+BD26+BF26+BH26+BJ26+BL26 -> 0 | BO26: =SUM(BM26:BN26) -> 0 | CF26: =BP26+BR26+BT26+BV26+BX26+BZ26+CB26+CD26 -> 0 | CG26: =BQ26+BS26+BU26+BW26+BY26+CA26+CC26+CE26 -> 0 | CH26: =SUM(CF26:CG26) -> 0 | CY26: =CI26+CK26+CM26+CO26+CQ26+CS26+CU26+CW26 -> 0 | CZ26: =CJ26+CL26+CN26+CP26+CR26+CT26+CV26+CX26 -> 0 | DA26: =SUM(CY26:CZ26) -> 0 | DR26: =DB26+DD26+DF26+DH26+DJ26+DL26+DN26+DP26 -> 0 | DS26: =DC26+DE26+DG26+DI26+DK26+DM26+DO26+DQ26 -> 0 | DT26: =SUM(DR26:DS26) -> 0 | EK26: =DU26+DW26+DY26+EA26+EC26+EE26+EG26+EI26 -> 0 | EL26: =DV26+DX26+DZ26+EB26+ED26+EF26+EH26+EJ26 -> 0 | EM26: =SUM(EK26:EL26) -> 0 | FD26: =EN26+EP26+ER26+ET26+EV26+EX26+EZ26+FB26 -> 0 | FE26: =EO26+EQ26+ES26+EU26+EW26+EY26+FA26+FC26 -> 0 | FF26: =SUM(FD26:FE26) -> 0 | FW26: =FG26+FI26+FK26+FM26+FO26+FQ26+FS26+FU26 -> 0 | FX26: =FH26+FJ26+FL26+FN26+FP26+FR26+FT26+FV26 -> 0 | FY26: =SUM(FW26:FX26) -> 0 | GP26: =FZ26+GB26+GD26+GF26+GH26+GJ26+GL26+GN26 -> 0 | GQ26: =GA26+GC26+GE26+GG26+GI26+GK26+GM26+GO26 -> 0 | GR26: =SUM(GP26:GQ26) -> 0 | HI26: =GS26+GU26+GW26+GY26+HA26+HC26+HE26+HG26 -> 0 | HJ26: =GT26+GV26+GX26+GZ26+HB26+HD26+HF26+HH26 -> 0 | HK26: =SUM(HI26:HJ26) -> 0 | IB26: =HL26+HN26+HP26+HR26+HT26+HV26+HX26+HZ26 -> 0 | IC26: =HM26+HO26+HQ26+HS26+HU26+HW26+HY26+IA26 -> 0 | ID26: =SUM(IB26:IC26) -> 0 | IU26: =IE26+IG26+II26+IK26+IM26+IO26+IQ26+IS26 -> 0 | IV26: =IF26+IH26+IJ26+IL26+IN26+IP26+IR26+IT26 -> 0 | IW26: =SUM(IU26:IV26) -> 0 | JN26: =IX26+IZ26+JB26+JD26+JF26+JH26+JJ26+JL26 -> 0 | JO26: =IY26+JA26+JC26+JE26+JG26+JI26+JK26+JM26 -> 0 | JP26: =SUM(JN26:JO26) -> 0 | KG26: =JQ26+JS26+JU26+JW26+JY26+KA26+KC26+KE26 -> 0 | KH26: =JR26+JT26+JV26+JX26+JZ26+KB26+KD26+KF26 -> 0 | KI26: =SUM(KG26:KH26) -> 0 | KZ26: =KJ26+KL26+KN26+KP26+KR26+KT26+KV26+KX26 -> 0 | LA26: =KK26+KM26+KO26+KQ26+KS26+KU26+KW26+KY26 -> 0 | LB26: =SUM(KZ26:LA26) -> 0 | LS26: =LC26+LE26+LG26+LI26+LK26+LM26+LO26+LQ26 -> 0 | LT26: =LD26+LF26+LH26+LJ26+LL26+LN26+LP26+LR26 -> 0 | LU26: =SUM(LS26:LT26) -> 0 | ML26: =LV26+LX26+LZ26+MB26+MD26+MF26+MH26+MJ26 -> 0 | MM26: =LW26+LY26+MA26+MC26+ME26+MG26+MI26+MK26 -> 0 | MN26: =SUM(ML26:MM26) -> 0 | MO26: =K26+AD26+AW26+BP26+CI26+DB26+DU26+EN26+FG26+FZ26+GS26+HL26+IE26+IX26+JQ26+KJ26+LC26+LV26 -> 0 | MP26: =L26+AE26+AX26+BQ26+CJ26+DC26+DV26+EO26+FH26+GA26+GT26+HM26+IF26+IY26+JR26+KK26+LD26+LW26 -> 0 | MQ26: =M26+AF26+AY26+BR26+CK26+DD26+DW26+EP26+FI26+GB26+GU26+HN26+IG26+IZ26+JS26+KL26+LE26+LX26 -> 0 | MR26: =N26+AG26+AZ26+BS26+CL26+DE26+DX26+EQ26+FJ26+GC26+GV26+HO26+IH26+JA26+JT26+KM26+LF26+LY26 -> 0 | MS26: =O26+AH26+BA26+BT26+CM26+DF26+DY26+ER26+FK26+GD26+GW26+HP26+II26+JB26+JU26+KN26+LG26+LZ26 -> 0 | MT26: =P26+AI26+BB26+BU26+CN26+DG26+DZ26+ES26+FL26+GE26+GX26+HQ26+IJ26+JC26+JV26+KO26+LH26+MA26 -> 0 | MU26: =Q26+AJ26+BC26+BV26+CO26+DH26+EA26+ET26+FM26+GF26+GY26+HR26+IK26+JD26+JW26+KP26+LI26+MB26 -> 0 | MV26: =R26+AK26+BD26+BW26+CP26+DI26+EB26+EU26+FN26+GG26+GZ26+HS26+IL26+JE26+JX26+KQ26+LJ26+MC26 -> 0 | ... NG26: =AC26+AV26+BO26+CH26+DA26+DT26+EM26+FF26+FY26+GR26+HK26+ID26+IW26+JP26+KI26+LB26+LU26+MN26 -> 0 | NY26: =NI26+NK26+NM26+NO26+NQ26+NS26+NU26+NW26 -> 0 | NZ26: =NJ26+NL26+NN26+NP26+NR26+NT26+NV26+NX26 -> 0 | OA26: =SUM(NY26:NZ26) -> 0
A27: Region XI | B27: Mati City | C27: DAVAO ORIENTAL | D27: CITY OF MATI (Capital) | E27: 407899 | F27: Christian Academy in Davao Oriental Technological Colleges, Inc. | G27: Sectarian | H27: Private | I27: Kinder, Grade 1-6 & Grade 11-12 | J27: Mother school | AA27: =K27+M27+O27+Q27+S27+U27+W27+Y27 -> 0 | AB27: =L27+N27+P27+R27+T27+V27+X27+Z27 -> 0 | AC27: =SUM(AA27:AB27) -> 0 | AT27: =AD27+AF27+AH27+AJ27+AL27+AN27+AP27+AR27 -> 0 | AU27: =AE27+AG27+AI27+AK27+AM27+AO27+AQ27+AS27 -> 0 | AV27: =SUM(AT27:AU27) -> 0 | BM27: =AW27+AY27+BA27+BC27+BE27+BG27+BI27+BK27 -> 0 | BN27: =AX27+AZ27+BB27+BD27+BF27+BH27+BJ27+BL27 -> 0 | BO27: =SUM(BM27:BN27) -> 0 | CF27: =BP27+BR27+BT27+BV27+BX27+BZ27+CB27+CD27 -> 0 | CG27: =BQ27+BS27+BU27+BW27+BY27+CA27+CC27+CE27 -> 0 | CH27: =SUM(CF27:CG27) -> 0 | CY27: =CI27+CK27+CM27+CO27+CQ27+CS27+CU27+CW27 -> 0 | CZ27: =CJ27+CL27+CN27+CP27+CR27+CT27+CV27+CX27 -> 0 | DA27: =SUM(CY27:CZ27) -> 0 | DR27: =DB27+DD27+DF27+DH27+DJ27+DL27+DN27+DP27 -> 0 | DS27: =DC27+DE27+DG27+DI27+DK27+DM27+DO27+DQ27 -> 0 | DT27: =SUM(DR27:DS27) -> 0 | EK27: =DU27+DW27+DY27+EA27+EC27+EE27+EG27+EI27 -> 0 | EL27: =DV27+DX27+DZ27+EB27+ED27+EF27+EH27+EJ27 -> 0 | EM27: =SUM(EK27:EL27) -> 0 | FD27: =EN27+EP27+ER27+ET27+EV27+EX27+EZ27+FB27 -> 0 | FE27: =EO27+EQ27+ES27+EU27+EW27+EY27+FA27+FC27 -> 0 | FF27: =SUM(FD27:FE27) -> 0 | FW27: =FG27+FI27+FK27+FM27+FO27+FQ27+FS27+FU27 -> 0 | FX27: =FH27+FJ27+FL27+FN27+FP27+FR27+FT27+FV27 -> 0 | FY27: =SUM(FW27:FX27) -> 0 | GP27: =FZ27+GB27+GD27+GF27+GH27+GJ27+GL27+GN27 -> 0 | GQ27: =GA27+GC27+GE27+GG27+GI27+GK27+GM27+GO27 -> 0 | GR27: =SUM(GP27:GQ27) -> 0 | HI27: =GS27+GU27+GW27+GY27+HA27+HC27+HE27+HG27 -> 0 | HJ27: =GT27+GV27+GX27+GZ27+HB27+HD27+HF27+HH27 -> 0 | HK27: =SUM(HI27:HJ27) -> 0 | IB27: =HL27+HN27+HP27+HR27+HT27+HV27+HX27+HZ27 -> 0 | IC27: =HM27+HO27+HQ27+HS27+HU27+HW27+HY27+IA27 -> 0 | ID27: =SUM(IB27:IC27) -> 0 | IU27: =IE27+IG27+II27+IK27+IM27+IO27+IQ27+IS27 -> 0 | IV27: =IF27+IH27+IJ27+IL27+IN27+IP27+IR27+IT27 -> 0 | IW27: =SUM(IU27:IV27) -> 0 | JN27: =IX27+IZ27+JB27+JD27+JF27+JH27+JJ27+JL27 -> 0 | JO27: =IY27+JA27+JC27+JE27+JG27+JI27+JK27+JM27 -> 0 | JP27: =SUM(JN27:JO27) -> 0 | KG27: =JQ27+JS27+JU27+JW27+JY27+KA27+KC27+KE27 -> 0 | KH27: =JR27+JT27+JV27+JX27+JZ27+KB27+KD27+KF27 -> 0 | KI27: =SUM(KG27:KH27) -> 0 | KZ27: =KJ27+KL27+KN27+KP27+KR27+KT27+KV27+KX27 -> 0 | LA27: =KK27+KM27+KO27+KQ27+KS27+KU27+KW27+KY27 -> 0 | LB27: =SUM(KZ27:LA27) -> 0 | LS27: =LC27+LE27+LG27+LI27+LK27+LM27+LO27+LQ27 -> 0 | LT27: =LD27+LF27+LH27+LJ27+LL27+LN27+LP27+LR27 -> 0 | LU27: =SUM(LS27:LT27) -> 0 | ML27: =LV27+LX27+LZ27+MB27+MD27+MF27+MH27+MJ27 -> 0 | MM27: =LW27+LY27+MA27+MC27+ME27+MG27+MI27+MK27 -> 0 | MN27: =SUM(ML27:MM27) -> 0 | MO27: =K27+AD27+AW27+BP27+CI27+DB27+DU27+EN27+FG27+FZ27+GS27+HL27+IE27+IX27+JQ27+KJ27+LC27+LV27 -> 0 | MP27: =L27+AE27+AX27+BQ27+CJ27+DC27+DV27+EO27+FH27+GA27+GT27+HM27+IF27+IY27+JR27+KK27+LD27+LW27 -> 0 | MQ27: =M27+AF27+AY27+BR27+CK27+DD27+DW27+EP27+FI27+GB27+GU27+HN27+IG27+IZ27+JS27+KL27+LE27+LX27 -> 0 | MR27: =N27+AG27+AZ27+BS27+CL27+DE27+DX27+EQ27+FJ27+GC27+GV27+HO27+IH27+JA27+JT27+KM27+LF27+LY27 -> 0 | MS27: =O27+AH27+BA27+BT27+CM27+DF27+DY27+ER27+FK27+GD27+GW27+HP27+II27+JB27+JU27+KN27+LG27+LZ27 -> 0 | MT27: =P27+AI27+BB27+BU27+CN27+DG27+DZ27+ES27+FL27+GE27+GX27+HQ27+IJ27+JC27+JV27+KO27+LH27+MA27 -> 0 | MU27: =Q27+AJ27+BC27+BV27+CO27+DH27+EA27+ET27+FM27+GF27+GY27+HR27+IK27+JD27+JW27+KP27+LI27+MB27 -> 0 | MV27: =R27+AK27+BD27+BW27+CP27+DI27+EB27+EU27+FN27+GG27+GZ27+HS27+IL27+JE27+JX27+KQ27+LJ27+MC27 -> 0 | ... NG27: =AC27+AV27+BO27+CH27+DA27+DT27+EM27+FF27+FY27+GR27+HK27+ID27+IW27+JP27+KI27+LB27+LU27+MN27 -> 0 | NY27: =NI27+NK27+NM27+NO27+NQ27+NS27+NU27+NW27 -> 0 | NZ27: =NJ27+NL27+NN27+NP27+NR27+NT27+NV27+NX27 -> 0 | OA27: =SUM(NY27:NZ27) -> 0
A28: Region XI | B28: Mati City | C28: DAVAO ORIENTAL | D28: CITY OF MATI (Capital) | E28: 410494 | F28: Career Centre Academie and Technological Institute, Inc. | G28: Non-Sectarian | H28: Private | I28: Grade 11-12 | J28: School with no Annexes | AA28: =K28+M28+O28+Q28+S28+U28+W28+Y28 -> 0 | AB28: =L28+N28+P28+R28+T28+V28+X28+Z28 -> 0 | AC28: =SUM(AA28:AB28) -> 0 | AT28: =AD28+AF28+AH28+AJ28+AL28+AN28+AP28+AR28 -> 0 | AU28: =AE28+AG28+AI28+AK28+AM28+AO28+AQ28+AS28 -> 0 | AV28: =SUM(AT28:AU28) -> 0 | BM28: =AW28+AY28+BA28+BC28+BE28+BG28+BI28+BK28 -> 0 | BN28: =AX28+AZ28+BB28+BD28+BF28+BH28+BJ28+BL28 -> 0 | BO28: =SUM(BM28:BN28) -> 0 | CF28: =BP28+BR28+BT28+BV28+BX28+BZ28+CB28+CD28 -> 0 | CG28: =BQ28+BS28+BU28+BW28+BY28+CA28+CC28+CE28 -> 0 | CH28: =SUM(CF28:CG28) -> 0 | CY28: =CI28+CK28+CM28+CO28+CQ28+CS28+CU28+CW28 -> 0 | CZ28: =CJ28+CL28+CN28+CP28+CR28+CT28+CV28+CX28 -> 0 | DA28: =SUM(CY28:CZ28) -> 0 | DR28: =DB28+DD28+DF28+DH28+DJ28+DL28+DN28+DP28 -> 0 | DS28: =DC28+DE28+DG28+DI28+DK28+DM28+DO28+DQ28 -> 0 | DT28: =SUM(DR28:DS28) -> 0 | EK28: =DU28+DW28+DY28+EA28+EC28+EE28+EG28+EI28 -> 0 | EL28: =DV28+DX28+DZ28+EB28+ED28+EF28+EH28+EJ28 -> 0 | EM28: =SUM(EK28:EL28) -> 0 | FD28: =EN28+EP28+ER28+ET28+EV28+EX28+EZ28+FB28 -> 0 | FE28: =EO28+EQ28+ES28+EU28+EW28+EY28+FA28+FC28 -> 0 | FF28: =SUM(FD28:FE28) -> 0 | FW28: =FG28+FI28+FK28+FM28+FO28+FQ28+FS28+FU28 -> 0 | FX28: =FH28+FJ28+FL28+FN28+FP28+FR28+FT28+FV28 -> 0 | FY28: =SUM(FW28:FX28) -> 0 | GP28: =FZ28+GB28+GD28+GF28+GH28+GJ28+GL28+GN28 -> 0 | GQ28: =GA28+GC28+GE28+GG28+GI28+GK28+GM28+GO28 -> 0 | GR28: =SUM(GP28:GQ28) -> 0 | HI28: =GS28+GU28+GW28+GY28+HA28+HC28+HE28+HG28 -> 0 | HJ28: =GT28+GV28+GX28+GZ28+HB28+HD28+HF28+HH28 -> 0 | HK28: =SUM(HI28:HJ28) -> 0 | IB28: =HL28+HN28+HP28+HR28+HT28+HV28+HX28+HZ28 -> 0 | IC28: =HM28+HO28+HQ28+HS28+HU28+HW28+HY28+IA28 -> 0 | ID28: =SUM(IB28:IC28) -> 0 | IU28: =IE28+IG28+II28+IK28+IM28+IO28+IQ28+IS28 -> 0 | IV28: =IF28+IH28+IJ28+IL28+IN28+IP28+IR28+IT28 -> 0 | IW28: =SUM(IU28:IV28) -> 0 | JN28: =IX28+IZ28+JB28+JD28+JF28+JH28+JJ28+JL28 -> 0 | JO28: =IY28+JA28+JC28+JE28+JG28+JI28+JK28+JM28 -> 0 | JP28: =SUM(JN28:JO28) -> 0 | KG28: =JQ28+JS28+JU28+JW28+JY28+KA28+KC28+KE28 -> 0 | KH28: =JR28+JT28+JV28+JX28+JZ28+KB28+KD28+KF28 -> 0 | KI28: =SUM(KG28:KH28) -> 0 | KZ28: =KJ28+KL28+KN28+KP28+KR28+KT28+KV28+KX28 -> 0 | LA28: =KK28+KM28+KO28+KQ28+KS28+KU28+KW28+KY28 -> 0 | LB28: =SUM(KZ28:LA28) -> 0 | LS28: =LC28+LE28+LG28+LI28+LK28+LM28+LO28+LQ28 -> 0 | LT28: =LD28+LF28+LH28+LJ28+LL28+LN28+LP28+LR28 -> 0 | LU28: =SUM(LS28:LT28) -> 0 | ML28: =LV28+LX28+LZ28+MB28+MD28+MF28+MH28+MJ28 -> 0 | MM28: =LW28+LY28+MA28+MC28+ME28+MG28+MI28+MK28 -> 0 | MN28: =SUM(ML28:MM28) -> 0 | MO28: =K28+AD28+AW28+BP28+CI28+DB28+DU28+EN28+FG28+FZ28+GS28+HL28+IE28+IX28+JQ28+KJ28+LC28+LV28 -> 0 | MP28: =L28+AE28+AX28+BQ28+CJ28+DC28+DV28+EO28+FH28+GA28+GT28+HM28+IF28+IY28+JR28+KK28+LD28+LW28 -> 0 | MQ28: =M28+AF28+AY28+BR28+CK28+DD28+DW28+EP28+FI28+GB28+GU28+HN28+IG28+IZ28+JS28+KL28+LE28+LX28 -> 0 | MR28: =N28+AG28+AZ28+BS28+CL28+DE28+DX28+EQ28+FJ28+GC28+GV28+HO28+IH28+JA28+JT28+KM28+LF28+LY28 -> 0 | MS28: =O28+AH28+BA28+BT28+CM28+DF28+DY28+ER28+FK28+GD28+GW28+HP28+II28+JB28+JU28+KN28+LG28+LZ28 -> 0 | MT28: =P28+AI28+BB28+BU28+CN28+DG28+DZ28+ES28+FL28+GE28+GX28+HQ28+IJ28+JC28+JV28+KO28+LH28+MA28 -> 0 | MU28: =Q28+AJ28+BC28+BV28+CO28+DH28+EA28+ET28+FM28+GF28+GY28+HR28+IK28+JD28+JW28+KP28+LI28+MB28 -> 0 | MV28: =R28+AK28+BD28+BW28+CP28+DI28+EB28+EU28+FN28+GG28+GZ28+HS28+IL28+JE28+JX28+KQ28+LJ28+MC28 -> 0 | ... NG28: =AC28+AV28+BO28+CH28+DA28+DT28+EM28+FF28+FY28+GR28+HK28+ID28+IW28+JP28+KI28+LB28+LU28+MN28 -> 0 | NY28: =NI28+NK28+NM28+NO28+NQ28+NS28+NU28+NW28 -> 0 | NZ28: =NJ28+NL28+NN28+NP28+NR28+NT28+NV28+NX28 -> 0 | OA28: =SUM(NY28:NZ28) -> 0
A29: Region XI | B29: Mati City | C29: DAVAO ORIENTAL | D29: CITY OF MATI (Capital) | E29: 410843 | F29: Dvo. Oriental Institute of Technology, Inc. | G29: Non-Sectarian | H29: Private | I29: Grade 11-12 | J29: School with no Annexes | AA29: =K29+M29+O29+Q29+S29+U29+W29+Y29 -> 0 | AB29: =L29+N29+P29+R29+T29+V29+X29+Z29 -> 0 | AC29: =SUM(AA29:AB29) -> 0 | AT29: =AD29+AF29+AH29+AJ29+AL29+AN29+AP29+AR29 -> 0 | AU29: =AE29+AG29+AI29+AK29+AM29+AO29+AQ29+AS29 -> 0 | AV29: =SUM(AT29:AU29) -> 0 | BM29: =AW29+AY29+BA29+BC29+BE29+BG29+BI29+BK29 -> 0 | BN29: =AX29+AZ29+BB29+BD29+BF29+BH29+BJ29+BL29 -> 0 | BO29: =SUM(BM29:BN29) -> 0 | CF29: =BP29+BR29+BT29+BV29+BX29+BZ29+CB29+CD29 -> 0 | CG29: =BQ29+BS29+BU29+BW29+BY29+CA29+CC29+CE29 -> 0 | CH29: =SUM(CF29:CG29) -> 0 | CY29: =CI29+CK29+CM29+CO29+CQ29+CS29+CU29+CW29 -> 0 | CZ29: =CJ29+CL29+CN29+CP29+CR29+CT29+CV29+CX29 -> 0 | DA29: =SUM(CY29:CZ29) -> 0 | DR29: =DB29+DD29+DF29+DH29+DJ29+DL29+DN29+DP29 -> 0 | DS29: =DC29+DE29+DG29+DI29+DK29+DM29+DO29+DQ29 -> 0 | DT29: =SUM(DR29:DS29) -> 0 | EK29: =DU29+DW29+DY29+EA29+EC29+EE29+EG29+EI29 -> 0 | EL29: =DV29+DX29+DZ29+EB29+ED29+EF29+EH29+EJ29 -> 0 | EM29: =SUM(EK29:EL29) -> 0 | FD29: =EN29+EP29+ER29+ET29+EV29+EX29+EZ29+FB29 -> 0 | FE29: =EO29+EQ29+ES29+EU29+EW29+EY29+FA29+FC29 -> 0 | FF29: =SUM(FD29:FE29) -> 0 | FW29: =FG29+FI29+FK29+FM29+FO29+FQ29+FS29+FU29 -> 0 | FX29: =FH29+FJ29+FL29+FN29+FP29+FR29+FT29+FV29 -> 0 | FY29: =SUM(FW29:FX29) -> 0 | GP29: =FZ29+GB29+GD29+GF29+GH29+GJ29+GL29+GN29 -> 0 | GQ29: =GA29+GC29+GE29+GG29+GI29+GK29+GM29+GO29 -> 0 | GR29: =SUM(GP29:GQ29) -> 0 | HI29: =GS29+GU29+GW29+GY29+HA29+HC29+HE29+HG29 -> 0 | HJ29: =GT29+GV29+GX29+GZ29+HB29+HD29+HF29+HH29 -> 0 | HK29: =SUM(HI29:HJ29) -> 0 | IB29: =HL29+HN29+HP29+HR29+HT29+HV29+HX29+HZ29 -> 0 | IC29: =HM29+HO29+HQ29+HS29+HU29+HW29+HY29+IA29 -> 0 | ID29: =SUM(IB29:IC29) -> 0 | IU29: =IE29+IG29+II29+IK29+IM29+IO29+IQ29+IS29 -> 0 | IV29: =IF29+IH29+IJ29+IL29+IN29+IP29+IR29+IT29 -> 0 | IW29: =SUM(IU29:IV29) -> 0 | JN29: =IX29+IZ29+JB29+JD29+JF29+JH29+JJ29+JL29 -> 0 | JO29: =IY29+JA29+JC29+JE29+JG29+JI29+JK29+JM29 -> 0 | JP29: =SUM(JN29:JO29) -> 0 | KG29: =JQ29+JS29+JU29+JW29+JY29+KA29+KC29+KE29 -> 0 | KH29: =JR29+JT29+JV29+JX29+JZ29+KB29+KD29+KF29 -> 0 | KI29: =SUM(KG29:KH29) -> 0 | KZ29: =KJ29+KL29+KN29+KP29+KR29+KT29+KV29+KX29 -> 0 | LA29: =KK29+KM29+KO29+KQ29+KS29+KU29+KW29+KY29 -> 0 | LB29: =SUM(KZ29:LA29) -> 0 | LS29: =LC29+LE29+LG29+LI29+LK29+LM29+LO29+LQ29 -> 0 | LT29: =LD29+LF29+LH29+LJ29+LL29+LN29+LP29+LR29 -> 0 | LU29: =SUM(LS29:LT29) -> 0 | ML29: =LV29+LX29+LZ29+MB29+MD29+MF29+MH29+MJ29 -> 0 | MM29: =LW29+LY29+MA29+MC29+ME29+MG29+MI29+MK29 -> 0 | MN29: =SUM(ML29:MM29) -> 0 | MO29: =K29+AD29+AW29+BP29+CI29+DB29+DU29+EN29+FG29+FZ29+GS29+HL29+IE29+IX29+JQ29+KJ29+LC29+LV29 -> 0 | MP29: =L29+AE29+AX29+BQ29+CJ29+DC29+DV29+EO29+FH29+GA29+GT29+HM29+IF29+IY29+JR29+KK29+LD29+LW29 -> 0 | MQ29: =M29+AF29+AY29+BR29+CK29+DD29+DW29+EP29+FI29+GB29+GU29+HN29+IG29+IZ29+JS29+KL29+LE29+LX29 -> 0 | MR29: =N29+AG29+AZ29+BS29+CL29+DE29+DX29+EQ29+FJ29+GC29+GV29+HO29+IH29+JA29+JT29+KM29+LF29+LY29 -> 0 | MS29: =O29+AH29+BA29+BT29+CM29+DF29+DY29+ER29+FK29+GD29+GW29+HP29+II29+JB29+JU29+KN29+LG29+LZ29 -> 0 | MT29: =P29+AI29+BB29+BU29+CN29+DG29+DZ29+ES29+FL29+GE29+GX29+HQ29+IJ29+JC29+JV29+KO29+LH29+MA29 -> 0 | MU29: =Q29+AJ29+BC29+BV29+CO29+DH29+EA29+ET29+FM29+GF29+GY29+HR29+IK29+JD29+JW29+KP29+LI29+MB29 -> 0 | MV29: =R29+AK29+BD29+BW29+CP29+DI29+EB29+EU29+FN29+GG29+GZ29+HS29+IL29+JE29+JX29+KQ29+LJ29+MC29 -> 0 | ... NG29: =AC29+AV29+BO29+CH29+DA29+DT29+EM29+FF29+FY29+GR29+HK29+ID29+IW29+JP29+KI29+LB29+LU29+MN29 -> 0 | NY29: =NI29+NK29+NM29+NO29+NQ29+NS29+NU29+NW29 -> 0 | NZ29: =NJ29+NL29+NN29+NP29+NR29+NT29+NV29+NX29 -> 0 | OA29: =SUM(NY29:NZ29) -> 0
A30: Region XI | B30: Mati City | C30: DAVAO ORIENTAL | D30: CITY OF MATI (Capital) | E30: 465506 | F30: Sunbeam Christian School of Mati, Inc. | G30: Non-Sectarian | H30: Private | I30: Kinder, Grade 1-6, Grade 7-10 & Grade 11-12 | J30: School with no Annexes | AA30: =K30+M30+O30+Q30+S30+U30+W30+Y30 -> 0 | AB30: =L30+N30+P30+R30+T30+V30+X30+Z30 -> 0 | AC30: =SUM(AA30:AB30) -> 0 | AT30: =AD30+AF30+AH30+AJ30+AL30+AN30+AP30+AR30 -> 0 | AU30: =AE30+AG30+AI30+AK30+AM30+AO30+AQ30+AS30 -> 0 | AV30: =SUM(AT30:AU30) -> 0 | BM30: =AW30+AY30+BA30+BC30+BE30+BG30+BI30+BK30 -> 0 | BN30: =AX30+AZ30+BB30+BD30+BF30+BH30+BJ30+BL30 -> 0 | BO30: =SUM(BM30:BN30) -> 0 | CF30: =BP30+BR30+BT30+BV30+BX30+BZ30+CB30+CD30 -> 0 | CG30: =BQ30+BS30+BU30+BW30+BY30+CA30+CC30+CE30 -> 0 | CH30: =SUM(CF30:CG30) -> 0 | CY30: =CI30+CK30+CM30+CO30+CQ30+CS30+CU30+CW30 -> 0 | CZ30: =CJ30+CL30+CN30+CP30+CR30+CT30+CV30+CX30 -> 0 | DA30: =SUM(CY30:CZ30) -> 0 | DR30: =DB30+DD30+DF30+DH30+DJ30+DL30+DN30+DP30 -> 0 | DS30: =DC30+DE30+DG30+DI30+DK30+DM30+DO30+DQ30 -> 0 | DT30: =SUM(DR30:DS30) -> 0 | EK30: =DU30+DW30+DY30+EA30+EC30+EE30+EG30+EI30 -> 0 | EL30: =DV30+DX30+DZ30+EB30+ED30+EF30+EH30+EJ30 -> 0 | EM30: =SUM(EK30:EL30) -> 0 | FD30: =EN30+EP30+ER30+ET30+EV30+EX30+EZ30+FB30 -> 0 | FE30: =EO30+EQ30+ES30+EU30+EW30+EY30+FA30+FC30 -> 0 | FF30: =SUM(FD30:FE30) -> 0 | FW30: =FG30+FI30+FK30+FM30+FO30+FQ30+FS30+FU30 -> 0 | FX30: =FH30+FJ30+FL30+FN30+FP30+FR30+FT30+FV30 -> 0 | FY30: =SUM(FW30:FX30) -> 0 | GP30: =FZ30+GB30+GD30+GF30+GH30+GJ30+GL30+GN30 -> 0 | GQ30: =GA30+GC30+GE30+GG30+GI30+GK30+GM30+GO30 -> 0 | GR30: =SUM(GP30:GQ30) -> 0 | HI30: =GS30+GU30+GW30+GY30+HA30+HC30+HE30+HG30 -> 0 | HJ30: =GT30+GV30+GX30+GZ30+HB30+HD30+HF30+HH30 -> 0 | HK30: =SUM(HI30:HJ30) -> 0 | IB30: =HL30+HN30+HP30+HR30+HT30+HV30+HX30+HZ30 -> 0 | IC30: =HM30+HO30+HQ30+HS30+HU30+HW30+HY30+IA30 -> 0 | ID30: =SUM(IB30:IC30) -> 0 | IU30: =IE30+IG30+II30+IK30+IM30+IO30+IQ30+IS30 -> 0 | IV30: =IF30+IH30+IJ30+IL30+IN30+IP30+IR30+IT30 -> 0 | IW30: =SUM(IU30:IV30) -> 0 | JN30: =IX30+IZ30+JB30+JD30+JF30+JH30+JJ30+JL30 -> 0 | JO30: =IY30+JA30+JC30+JE30+JG30+JI30+JK30+JM30 -> 0 | JP30: =SUM(JN30:JO30) -> 0 | KG30: =JQ30+JS30+JU30+JW30+JY30+KA30+KC30+KE30 -> 0 | KH30: =JR30+JT30+JV30+JX30+JZ30+KB30+KD30+KF30 -> 0 | KI30: =SUM(KG30:KH30) -> 0 | KZ30: =KJ30+KL30+KN30+KP30+KR30+KT30+KV30+KX30 -> 0 | LA30: =KK30+KM30+KO30+KQ30+KS30+KU30+KW30+KY30 -> 0 | LB30: =SUM(KZ30:LA30) -> 0 | LS30: =LC30+LE30+LG30+LI30+LK30+LM30+LO30+LQ30 -> 0 | LT30: =LD30+LF30+LH30+LJ30+LL30+LN30+LP30+LR30 -> 0 | LU30: =SUM(LS30:LT30) -> 0 | ML30: =LV30+LX30+LZ30+MB30+MD30+MF30+MH30+MJ30 -> 0 | MM30: =LW30+LY30+MA30+MC30+ME30+MG30+MI30+MK30 -> 0 | MN30: =SUM(ML30:MM30) -> 0 | MO30: =K30+AD30+AW30+BP30+CI30+DB30+DU30+EN30+FG30+FZ30+GS30+HL30+IE30+IX30+JQ30+KJ30+LC30+LV30 -> 0 | MP30: =L30+AE30+AX30+BQ30+CJ30+DC30+DV30+EO30+FH30+GA30+GT30+HM30+IF30+IY30+JR30+KK30+LD30+LW30 -> 0 | MQ30: =M30+AF30+AY30+BR30+CK30+DD30+DW30+EP30+FI30+GB30+GU30+HN30+IG30+IZ30+JS30+KL30+LE30+LX30 -> 0 | MR30: =N30+AG30+AZ30+BS30+CL30+DE30+DX30+EQ30+FJ30+GC30+GV30+HO30+IH30+JA30+JT30+KM30+LF30+LY30 -> 0 | MS30: =O30+AH30+BA30+BT30+CM30+DF30+DY30+ER30+FK30+GD30+GW30+HP30+II30+JB30+JU30+KN30+LG30+LZ30 -> 0 | MT30: =P30+AI30+BB30+BU30+CN30+DG30+DZ30+ES30+FL30+GE30+GX30+HQ30+IJ30+JC30+JV30+KO30+LH30+MA30 -> 0 | MU30: =Q30+AJ30+BC30+BV30+CO30+DH30+EA30+ET30+FM30+GF30+GY30+HR30+IK30+JD30+JW30+KP30+LI30+MB30 -> 0 | MV30: =R30+AK30+BD30+BW30+CP30+DI30+EB30+EU30+FN30+GG30+GZ30+HS30+IL30+JE30+JX30+KQ30+LJ30+MC30 -> 0 | ... NG30: =AC30+AV30+BO30+CH30+DA30+DT30+EM30+FF30+FY30+GR30+HK30+ID30+IW30+JP30+KI30+LB30+LU30+MN30 -> 0 | NY30: =NI30+NK30+NM30+NO30+NQ30+NS30+NU30+NW30 -> 0 | NZ30: =NJ30+NL30+NN30+NP30+NR30+NT30+NV30+NX30 -> 0 | OA30: =SUM(NY30:NZ30) -> 0
A31: Region XI | B31: Mati City | C31: DAVAO ORIENTAL | D31: CITY OF MATI (Capital) | E31: 500454 | F31: Licop Integrated School | G31: DepED Managed | H31: Public | I31: Kinder, Grade 1-6, Grade 7-10 & Grade 11-12 | J31: School with no Annexes | K31: 0 | L31: 0 | M31: 0 | N31: 0 | O31: 0 | P31: 0 | Q31: 0 | R31: 0 | S31: 0 | T31: 0 | U31: 0 | V31: 0 | W31: 0 | X31: 0 | Y31: 0 | Z31: 0 | AA31: =K31+M31+O31+Q31+S31+U31+W31+Y31 -> 0 | AB31: =L31+N31+P31+R31+T31+V31+X31+Z31 -> 0 | AC31: =SUM(AA31:AB31) -> 0 | AD31: 0 | AE31: 0 | AF31: 0 | AG31: 0 | AH31: 0 | AI31: 0 | AJ31: 0 | AK31: 0 | AL31: 0 | AM31: 0 | AN31: 0 | AO31: 0 | AP31: 0 | AQ31: 0 | AR31: 0 | AS31: 0 | AT31: =AD31+AF31+AH31+AJ31+AL31+AN31+AP31+AR31 -> 0 | AU31: =AE31+AG31+AI31+AK31+AM31+AO31+AQ31+AS31 -> 0 | AV31: =SUM(AT31:AU31) -> 0 | AW31: 0 | AX31: 0 | AY31: 0 | AZ31: 0 | BA31: 0 | BB31: 0 | BC31: 0 | BD31: 0 | BE31: 0 | BF31: 0 | BG31: 0 | BH31: 0 | BI31: 0 | BJ31: 0 | BK31: 0 | BL31: 0 | BM31: =AW31+AY31+BA31+BC31+BE31+BG31+BI31+BK31 -> 0 | BN31: =AX31+AZ31+BB31+BD31+BF31+BH31+BJ31+BL31 -> 0 | BO31: =SUM(BM31:BN31) -> 0 | BP31: 0 | BQ31: 0 | BR31: 1 | BS31: 0 | BT31: 0 | BU31: 0 | BV31: 0 | BW31: 0 | BX31: 0 | BY31: 0 | BZ31: 0 | CA31: 0 | CB31: 0 | CC31: 0 | CD31: 0 | CE31: 0 | CF31: =BP31+BR31+BT31+BV31+BX31+BZ31+CB31+CD31 -> 1 | CG31: =BQ31+BS31+BU31+BW31+BY31+CA31+CC31+CE31 -> 0 | CH31: =SUM(CF31:CG31) -> 1 | CI31: 0 | CJ31: 0 | CK31: 0 | CL31: 0 | CM31: 0 | CN31: 0 | CO31: 0 | CP31: 0 | CQ31: 0 | CR31: 0 | CS31: 0 | CT31: 0 | CU31: 0 | CV31: 0 | CW31: 0 | CX31: 0 | CY31: =CI31+CK31+CM31+CO31+CQ31+CS31+CU31+CW31 -> 0 | CZ31: =CJ31+CL31+CN31+CP31+CR31+CT31+CV31+CX31 -> 0 | DA31: =SUM(CY31:CZ31) -> 0 | DB31: 0 | DC31: 0 | DD31: 0 | DE31: 0 | DF31: 0 | DG31: 0 | DH31: 0 | DI31: 0 | DJ31: 0 | DK31: 0 | DL31: 0 | DM31: 0 | DN31: 0 | DO31: 0 | DP31: 0 | DQ31: 0 | DR31: =DB31+DD31+DF31+DH31+DJ31+DL31+DN31+DP31 -> 0 | DS31: =DC31+DE31+DG31+DI31+DK31+DM31+DO31+DQ31 -> 0 | DT31: =SUM(DR31:DS31) -> 0 | DU31: 0 | DV31: 0 | DW31: 0 | DX31: 0 | DY31: 0 | DZ31: 0 | EA31: 0 | EB31: 0 | EC31: 0 | ED31: 0 | EE31: 0 | EF31: 0 | EG31: 0 | EH31: 0 | EI31: 0 | EJ31: 0 | EK31: =DU31+DW31+DY31+EA31+EC31+EE31+EG31+EI31 -> 0 | EL31: =DV31+DX31+DZ31+EB31+ED31+EF31+EH31+EJ31 -> 0 | EM31: =SUM(EK31:EL31) -> 0 | EN31: 0 | EO31: 0 | EP31: 0 | EQ31: 0 | ER31: 0 | ES31: 0 | ET31: 0 | EU31: 0 | EV31: 0 | EW31: 0 | EX31: 0 | EY31: 0 | EZ31: 0 | FA31: 0 | FB31: 0 | FC31: 0 | FD31: =EN31+EP31+ER31+ET31+EV31+EX31+EZ31+FB31 -> 0 | FE31: =EO31+EQ31+ES31+EU31+EW31+EY31+FA31+FC31 -> 0 | FF31: =SUM(FD31:FE31) -> 0 | FG31: 0 | FH31: 0 | FI31: 0 | FJ31: 0 | FK31: 0 | FL31: 0 | FM31: 0 | FN31: 0 | FO31: 0 | FP31: 0 | FQ31: 0 | FR31: 0 | FS31: 0 | FT31: 0 | FU31: 0 | FV31: 0 | FW31: =FG31+FI31+FK31+FM31+FO31+FQ31+FS31+FU31 -> 0 | FX31: =FH31+FJ31+FL31+FN31+FP31+FR31+FT31+FV31 -> 0 | FY31: =SUM(FW31:FX31) -> 0 | FZ31: 0 | GA31: 0 | GB31: 0 | GC31: 0 | GD31: 0 | GE31: 0 | GF31: 0 | GG31: 0 | GH31: 0 | GI31: 0 | GJ31: 0 | GK31: 0 | GL31: 0 | GM31: 0 | GN31: 0 | GO31: 0 | GP31: =FZ31+GB31+GD31+GF31+GH31+GJ31+GL31+GN31 -> 0 | GQ31: =GA31+GC31+GE31+GG31+GI31+GK31+GM31+GO31 -> 0 | GR31: =SUM(GP31:GQ31) -> 0 | GS31: 0 | GT31: 0 | GU31: 0 | GV31: 0 | GW31: 0 | GX31: 0 | GY31: 0 | GZ31: 0 | HA31: 0 | HB31: 0 | HC31: 0 | HD31: 0 | HE31: 0 | HF31: 0 | HG31: 0 | HH31: 0 | HI31: =GS31+GU31+GW31+GY31+HA31+HC31+HE31+HG31 -> 0 | HJ31: =GT31+GV31+GX31+GZ31+HB31+HD31+HF31+HH31 -> 0 | HK31: =SUM(HI31:HJ31) -> 0 | HL31: 0 | HM31: 0 | HN31: 0 | HO31: 0 | HP31: 0 | HQ31: 0 | HR31: 0 | HS31: 0 | HT31: 0 | HU31: 0 | HV31: 0 | HW31: 0 | HX31: 0 | HY31: 0 | HZ31: 0 | IA31: 0 | IB31: =HL31+HN31+HP31+HR31+HT31+HV31+HX31+HZ31 -> 0 | IC31: =HM31+HO31+HQ31+HS31+HU31+HW31+HY31+IA31 -> 0 | ID31: =SUM(IB31:IC31) -> 0 | IE31: 0 | IF31: 0 | IG31: 0 | IH31: 0 | II31: 0 | IJ31: 0 | IK31: 0 | IL31: 0 | IM31: 0 | IN31: 0 | IO31: 0 | IP31: 0 | IQ31: 0 | IR31: 0 | IS31: 0 | IT31: 0 | IU31: =IE31+IG31+II31+IK31+IM31+IO31+IQ31+IS31 -> 0 | IV31: =IF31+IH31+IJ31+IL31+IN31+IP31+IR31+IT31 -> 0 | IW31: =SUM(IU31:IV31) -> 0 | IX31: 0 | IY31: 0 | IZ31: 0 | JA31: 0 | JB31: 0 | JC31: 0 | JD31: 0 | JE31: 0 | JF31: 0 | JG31: 0 | JH31: 0 | JI31: 0 | JJ31: 0 | JK31: 0 | JL31: 0 | JM31: 0 | JN31: =IX31+IZ31+JB31+JD31+JF31+JH31+JJ31+JL31 -> 0 | JO31: =IY31+JA31+JC31+JE31+JG31+JI31+JK31+JM31 -> 0 | JP31: =SUM(JN31:JO31) -> 0 | JQ31: 0 | JR31: 0 | JS31: 0 | JT31: 0 | JU31: 0 | JV31: 0 | JW31: 0 | JX31: 0 | JY31: 0 | JZ31: 0 | KA31: 0 | KB31: 0 | KC31: 0 | KD31: 0 | KE31: 0 | KF31: 0 | KG31: =JQ31+JS31+JU31+JW31+JY31+KA31+KC31+KE31 -> 0 | KH31: =JR31+JT31+JV31+JX31+JZ31+KB31+KD31+KF31 -> 0 | KI31: =SUM(KG31:KH31) -> 0 | KJ31: 0 | KK31: 0 | KL31: 0 | KM31: 0 | KN31: 0 | KO31: 0 | KP31: 0 | KQ31: 0 | KR31: 0 | KS31: 0 | KT31: 0 | KU31: 0 | KV31: 0 | KW31: 0 | KX31: 0 | KY31: 0 | KZ31: =KJ31+KL31+KN31+KP31+KR31+KT31+KV31+KX31 -> 0 | LA31: =KK31+KM31+KO31+KQ31+KS31+KU31+KW31+KY31 -> 0 | LB31: =SUM(KZ31:LA31) -> 0 | LC31: 0 | LD31: 0 | LE31: 0 | LF31: 0 | LG31: 0 | LH31: 0 | LI31: 0 | LJ31: 0 | LK31: 0 | LL31: 0 | LM31: 0 | LN31: 0 | LO31: 0 | LP31: 0 | LQ31: 0 | LR31: 0 | LS31: =LC31+LE31+LG31+LI31+LK31+LM31+LO31+LQ31 -> 0 | LT31: =LD31+LF31+LH31+LJ31+LL31+LN31+LP31+LR31 -> 0 | LU31: =SUM(LS31:LT31) -> 0 | LV31: 0 | LW31: 0 | LX31: 0 | LY31: 0 | LZ31: 0 | MA31: 0 | MB31: 0 | MC31: 0 | MD31: 0 | ME31: 0 | MF31: 0 | MG31: 0 | MH31: 0 | MI31: 0 | MJ31: 0 | MK31: 0 | ML31: =LV31+LX31+LZ31+MB31+MD31+MF31+MH31+MJ31 -> 0 | MM31: =LW31+LY31+MA31+MC31+ME31+MG31+MI31+MK31 -> 0 | MN31: =SUM(ML31:MM31) -> 0 | MO31: =K31+AD31+AW31+BP31+CI31+DB31+DU31+EN31+FG31+FZ31+GS31+HL31+IE31+IX31+JQ31+KJ31+LC31+LV31 -> 0 | MP31: =L31+AE31+AX31+BQ31+CJ31+DC31+DV31+EO31+FH31+GA31+GT31+HM31+IF31+IY31+JR31+KK31+LD31+LW31 -> 0 | MQ31: =M31+AF31+AY31+BR31+CK31+DD31+DW31+EP31+FI31+GB31+GU31+HN31+IG31+IZ31+JS31+KL31+LE31+LX31 -> 1 | MR31: =N31+AG31+AZ31+BS31+CL31+DE31+DX31+EQ31+FJ31+GC31+GV31+HO31+IH31+JA31+JT31+KM31+LF31+LY31 -> 0 | MS31: =O31+AH31+BA31+BT31+CM31+DF31+DY31+ER31+FK31+GD31+GW31+HP31+II31+JB31+JU31+KN31+LG31+LZ31 -> 0 | MT31: =P31+AI31+BB31+BU31+CN31+DG31+DZ31+ES31+FL31+GE31+GX31+HQ31+IJ31+JC31+JV31+KO31+LH31+MA31 -> 0 | MU31: =Q31+AJ31+BC31+BV31+CO31+DH31+EA31+ET31+FM31+GF31+GY31+HR31+IK31+JD31+JW31+KP31+LI31+MB31 -> 0 | MV31: =R31+AK31+BD31+BW31+CP31+DI31+EB31+EU31+FN31+GG31+GZ31+HS31+IL31+JE31+JX31+KQ31+LJ31+MC31 -> 0 | ... NG31: =AC31+AV31+BO31+CH31+DA31+DT31+EM31+FF31+FY31+GR31+HK31+ID31+IW31+JP31+KI31+LB31+LU31+MN31 -> 1 | NI31: 0 | NJ31: 0 | NK31: 0 | NL31: 0 | NM31: 0 | NN31: 0 | NO31: 0 | NP31: 0 | NQ31: 0 | NR31: 0 | NS31: 0 | NT31: 0 | NU31: 0 | NV31: 0 | NW31: 0 | NX31: 0 | NY31: =NI31+NK31+NM31+NO31+NQ31+NS31+NU31+NW31 -> 0 | NZ31: =NJ31+NL31+NN31+NP31+NR31+NT31+NV31+NX31 -> 0 | OA31: =SUM(NY31:NZ31) -> 0
A32: Region XI | B32: Mati City | C32: DAVAO ORIENTAL | D32: CITY OF MATI (Capital) | E32: 501424 | F32: Culian Integrated School | G32: DepED Managed | H32: Public | I32: Kinder, Grade 1-6, Grade 7-10 & Grade 11-12 | J32: School with no Annexes | K32: 0 | L32: 0 | M32: 0 | N32: 0 | O32: 0 | P32: 0 | Q32: 0 | R32: 0 | S32: 0 | T32: 0 | U32: 0 | V32: 0 | W32: 0 | X32: 0 | Y32: 0 | Z32: 0 | AA32: =K32+M32+O32+Q32+S32+U32+W32+Y32 -> 0 | AB32: =L32+N32+P32+R32+T32+V32+X32+Z32 -> 0 | AC32: =SUM(AA32:AB32) -> 0 | AD32: 0 | AE32: 0 | AF32: 0 | AG32: 0 | AH32: 0 | AI32: 0 | AJ32: 0 | AK32: 0 | AL32: 0 | AM32: 0 | AN32: 0 | AO32: 0 | AP32: 0 | AQ32: 0 | AR32: 0 | AS32: 0 | AT32: =AD32+AF32+AH32+AJ32+AL32+AN32+AP32+AR32 -> 0 | AU32: =AE32+AG32+AI32+AK32+AM32+AO32+AQ32+AS32 -> 0 | AV32: =SUM(AT32:AU32) -> 0 | AW32: 1 | AX32: 0 | AY32: 0 | AZ32: 0 | BA32: 0 | BB32: 0 | BC32: 0 | BD32: 0 | BE32: 0 | BF32: 0 | BG32: 0 | BH32: 0 | BI32: 0 | BJ32: 0 | BK32: 0 | BL32: 0 | BM32: =AW32+AY32+BA32+BC32+BE32+BG32+BI32+BK32 -> 1 | BN32: =AX32+AZ32+BB32+BD32+BF32+BH32+BJ32+BL32 -> 0 | BO32: =SUM(BM32:BN32) -> 1 | BP32: 0 | BQ32: 0 | BR32: 0 | BS32: 0 | BT32: 0 | BU32: 0 | BV32: 0 | BW32: 0 | BX32: 0 | BY32: 0 | BZ32: 0 | CA32: 0 | CB32: 0 | CC32: 0 | CD32: 0 | CE32: 0 | CF32: =BP32+BR32+BT32+BV32+BX32+BZ32+CB32+CD32 -> 0 | CG32: =BQ32+BS32+BU32+BW32+BY32+CA32+CC32+CE32 -> 0 | CH32: =SUM(CF32:CG32) -> 0 | CI32: 0 | CJ32: 0 | CK32: 1 | CL32: 0 | CM32: 0 | CN32: 0 | CO32: 0 | CP32: 0 | CQ32: 0 | CR32: 0 | CS32: 0 | CT32: 0 | CU32: 0 | CV32: 0 | CW32: 0 | CX32: 0 | CY32: =CI32+CK32+CM32+CO32+CQ32+CS32+CU32+CW32 -> 1 | CZ32: =CJ32+CL32+CN32+CP32+CR32+CT32+CV32+CX32 -> 0 | DA32: =SUM(CY32:CZ32) -> 1 | DB32: 0 | DC32: 0 | DD32: 0 | DE32: 0 | DF32: 0 | DG32: 0 | DH32: 0 | DI32: 0 | DJ32: 0 | DK32: 0 | DL32: 0 | DM32: 0 | DN32: 0 | DO32: 0 | DP32: 0 | DQ32: 0 | DR32: =DB32+DD32+DF32+DH32+DJ32+DL32+DN32+DP32 -> 0 | DS32: =DC32+DE32+DG32+DI32+DK32+DM32+DO32+DQ32 -> 0 | DT32: =SUM(DR32:DS32) -> 0 | DU32: 0 | DV32: 0 | DW32: 0 | DX32: 0 | DY32: 0 | DZ32: 0 | EA32: 0 | EB32: 0 | EC32: 0 | ED32: 0 | EE32: 0 | EF32: 0 | EG32: 0 | EH32: 0 | EI32: 0 | EJ32: 0 | EK32: =DU32+DW32+DY32+EA32+EC32+EE32+EG32+EI32 -> 0 | EL32: =DV32+DX32+DZ32+EB32+ED32+EF32+EH32+EJ32 -> 0 | EM32: =SUM(EK32:EL32) -> 0 | EN32: 0 | EO32: 0 | EP32: 0 | EQ32: 0 | ER32: 0 | ES32: 0 | ET32: 0 | EU32: 0 | EV32: 0 | EW32: 0 | EX32: 0 | EY32: 0 | EZ32: 0 | FA32: 0 | FB32: 0 | FC32: 0 | FD32: =EN32+EP32+ER32+ET32+EV32+EX32+EZ32+FB32 -> 0 | FE32: =EO32+EQ32+ES32+EU32+EW32+EY32+FA32+FC32 -> 0 | FF32: =SUM(FD32:FE32) -> 0 | FG32: 0 | FH32: 0 | FI32: 1 | FJ32: 0 | FK32: 0 | FL32: 0 | FM32: 1 | FN32: 0 | FO32: 0 | FP32: 0 | FQ32: 0 | FR32: 0 | FS32: 0 | FT32: 0 | FU32: 0 | FV32: 0 | FW32: =FG32+FI32+FK32+FM32+FO32+FQ32+FS32+FU32 -> 2 | FX32: =FH32+FJ32+FL32+FN32+FP32+FR32+FT32+FV32 -> 0 | FY32: =SUM(FW32:FX32) -> 2 | FZ32: 0 | GA32: 0 | GB32: 0 | GC32: 0 | GD32: 0 | GE32: 0 | GF32: 0 | GG32: 0 | GH32: 0 | GI32: 0 | GJ32: 0 | GK32: 0 | GL32: 0 | GM32: 0 | GN32: 0 | GO32: 0 | GP32: =FZ32+GB32+GD32+GF32+GH32+GJ32+GL32+GN32 -> 0 | GQ32: =GA32+GC32+GE32+GG32+GI32+GK32+GM32+GO32 -> 0 | GR32: =SUM(GP32:GQ32) -> 0 | GS32: 0 | GT32: 0 | GU32: 0 | GV32: 0 | GW32: 0 | GX32: 0 | GY32: 0 | GZ32: 0 | HA32: 0 | HB32: 0 | HC32: 0 | HD32: 0 | HE32: 0 | HF32: 0 | HG32: 0 | HH32: 0 | HI32: =GS32+GU32+GW32+GY32+HA32+HC32+HE32+HG32 -> 0 | HJ32: =GT32+GV32+GX32+GZ32+HB32+HD32+HF32+HH32 -> 0 | HK32: =SUM(HI32:HJ32) -> 0 | HL32: 0 | HM32: 0 | HN32: 0 | HO32: 0 | HP32: 0 | HQ32: 0 | HR32: 0 | HS32: 0 | HT32: 0 | HU32: 0 | HV32: 0 | HW32: 0 | HX32: 0 | HY32: 0 | HZ32: 0 | IA32: 0 | IB32: =HL32+HN32+HP32+HR32+HT32+HV32+HX32+HZ32 -> 0 | IC32: =HM32+HO32+HQ32+HS32+HU32+HW32+HY32+IA32 -> 0 | ID32: =SUM(IB32:IC32) -> 0 | IE32: 0 | IF32: 0 | IG32: 0 | IH32: 0 | II32: 0 | IJ32: 0 | IK32: 0 | IL32: 0 | IM32: 0 | IN32: 0 | IO32: 0 | IP32: 0 | IQ32: 0 | IR32: 0 | IS32: 0 | IT32: 0 | IU32: =IE32+IG32+II32+IK32+IM32+IO32+IQ32+IS32 -> 0 | IV32: =IF32+IH32+IJ32+IL32+IN32+IP32+IR32+IT32 -> 0 | IW32: =SUM(IU32:IV32) -> 0 | IX32: 0 | IY32: 0 | IZ32: 0 | JA32: 0 | JB32: 0 | JC32: 0 | JD32: 0 | JE32: 0 | JF32: 0 | JG32: 0 | JH32: 0 | JI32: 0 | JJ32: 0 | JK32: 0 | JL32: 0 | JM32: 0 | JN32: =IX32+IZ32+JB32+JD32+JF32+JH32+JJ32+JL32 -> 0 | JO32: =IY32+JA32+JC32+JE32+JG32+JI32+JK32+JM32 -> 0 | JP32: =SUM(JN32:JO32) -> 0 | JQ32: 0 | JR32: 0 | JS32: 0 | JT32: 0 | JU32: 0 | JV32: 0 | JW32: 0 | JX32: 0 | JY32: 0 | JZ32: 0 | KA32: 0 | KB32: 0 | KC32: 0 | KD32: 0 | KE32: 0 | KF32: 0 | KG32: =JQ32+JS32+JU32+JW32+JY32+KA32+KC32+KE32 -> 0 | KH32: =JR32+JT32+JV32+JX32+JZ32+KB32+KD32+KF32 -> 0 | KI32: =SUM(KG32:KH32) -> 0 | KJ32: 0 | KK32: 0 | KL32: 0 | KM32: 0 | KN32: 0 | KO32: 0 | KP32: 0 | KQ32: 0 | KR32: 0 | KS32: 0 | KT32: 0 | KU32: 0 | KV32: 0 | KW32: 0 | KX32: 0 | KY32: 0 | KZ32: =KJ32+KL32+KN32+KP32+KR32+KT32+KV32+KX32 -> 0 | LA32: =KK32+KM32+KO32+KQ32+KS32+KU32+KW32+KY32 -> 0 | LB32: =SUM(KZ32:LA32) -> 0 | LC32: 0 | LD32: 0 | LE32: 0 | LF32: 0 | LG32: 0 | LH32: 0 | LI32: 0 | LJ32: 0 | LK32: 0 | LL32: 0 | LM32: 0 | LN32: 0 | LO32: 0 | LP32: 0 | LQ32: 0 | LR32: 0 | LS32: =LC32+LE32+LG32+LI32+LK32+LM32+LO32+LQ32 -> 0 | LT32: =LD32+LF32+LH32+LJ32+LL32+LN32+LP32+LR32 -> 0 | LU32: =SUM(LS32:LT32) -> 0 | LV32: 0 | LW32: 0 | LX32: 0 | LY32: 0 | LZ32: 0 | MA32: 0 | MB32: 0 | MC32: 0 | MD32: 0 | ME32: 0 | MF32: 0 | MG32: 0 | MH32: 0 | MI32: 0 | MJ32: 0 | MK32: 0 | ML32: =LV32+LX32+LZ32+MB32+MD32+MF32+MH32+MJ32 -> 0 | MM32: =LW32+LY32+MA32+MC32+ME32+MG32+MI32+MK32 -> 0 | MN32: =SUM(ML32:MM32) -> 0 | MO32: =K32+AD32+AW32+BP32+CI32+DB32+DU32+EN32+FG32+FZ32+GS32+HL32+IE32+IX32+JQ32+KJ32+LC32+LV32 -> 1 | MP32: =L32+AE32+AX32+BQ32+CJ32+DC32+DV32+EO32+FH32+GA32+GT32+HM32+IF32+IY32+JR32+KK32+LD32+LW32 -> 0 | MQ32: =M32+AF32+AY32+BR32+CK32+DD32+DW32+EP32+FI32+GB32+GU32+HN32+IG32+IZ32+JS32+KL32+LE32+LX32 -> 2 | MR32: =N32+AG32+AZ32+BS32+CL32+DE32+DX32+EQ32+FJ32+GC32+GV32+HO32+IH32+JA32+JT32+KM32+LF32+LY32 -> 0 | MS32: =O32+AH32+BA32+BT32+CM32+DF32+DY32+ER32+FK32+GD32+GW32+HP32+II32+JB32+JU32+KN32+LG32+LZ32 -> 0 | MT32: =P32+AI32+BB32+BU32+CN32+DG32+DZ32+ES32+FL32+GE32+GX32+HQ32+IJ32+JC32+JV32+KO32+LH32+MA32 -> 0 | MU32: =Q32+AJ32+BC32+BV32+CO32+DH32+EA32+ET32+FM32+GF32+GY32+HR32+IK32+JD32+JW32+KP32+LI32+MB32 -> 1 | MV32: =R32+AK32+BD32+BW32+CP32+DI32+EB32+EU32+FN32+GG32+GZ32+HS32+IL32+JE32+JX32+KQ32+LJ32+MC32 -> 0 | ... NG32: =AC32+AV32+BO32+CH32+DA32+DT32+EM32+FF32+FY32+GR32+HK32+ID32+IW32+JP32+KI32+LB32+LU32+MN32 -> 4 | NI32: 0 | NJ32: 0 | NK32: 0 | NL32: 0 | NM32: 0 | NN32: 0 | NO32: 0 | NP32: 0 | NQ32: 0 | NR32: 0 | NS32: 0 | NT32: 0 | NU32: 0 | NV32: 0 | NW32: 0 | NX32: 0 | NY32: =NI32+NK32+NM32+NO32+NQ32+NS32+NU32+NW32 -> 0 | NZ32: =NJ32+NL32+NN32+NP32+NR32+NT32+NV32+NX32 -> 0 | OA32: =SUM(NY32:NZ32) -> 0
A33: Region XI | B33: Mati City | C33: DAVAO ORIENTAL | D33: CITY OF MATI (Capital) | E33: 101813 | F33: Bugakan Elementary School | G33: DepED Managed | H33: Public | I33: Kinder & Grade 1-6 | J33: School with no Annexes | K33: 0 | L33: 0 | M33: 0 | N33: 0 | O33: 0 | P33: 0 | Q33: 0 | R33: 0 | S33: 0 | T33: 0 | U33: 0 | V33: 0 | W33: 0 | X33: 0 | Y33: 0 | Z33: 0 | AA33: =K33+M33+O33+Q33+S33+U33+W33+Y33 -> 0 | AB33: =L33+N33+P33+R33+T33+V33+X33+Z33 -> 0 | AC33: =SUM(AA33:AB33) -> 0 | AD33: 0 | AE33: 0 | AF33: 0 | AG33: 0 | AH33: 0 | AI33: 0 | AJ33: 0 | AK33: 0 | AL33: 0 | AM33: 0 | AN33: 0 | AO33: 0 | AP33: 0 | AQ33: 0 | AR33: 0 | AS33: 0 | AT33: =AD33+AF33+AH33+AJ33+AL33+AN33+AP33+AR33 -> 0 | AU33: =AE33+AG33+AI33+AK33+AM33+AO33+AQ33+AS33 -> 0 | AV33: =SUM(AT33:AU33) -> 0 | AW33: 0 | AX33: 0 | AY33: 0 | AZ33: 0 | BA33: 0 | BB33: 0 | BC33: 0 | BD33: 0 | BE33: 0 | BF33: 0 | BG33: 0 | BH33: 0 | BI33: 0 | BJ33: 0 | BK33: 0 | BL33: 0 | BM33: =AW33+AY33+BA33+BC33+BE33+BG33+BI33+BK33 -> 0 | BN33: =AX33+AZ33+BB33+BD33+BF33+BH33+BJ33+BL33 -> 0 | BO33: =SUM(BM33:BN33) -> 0 | BP33: 0 | BQ33: 0 | BR33: 0 | BS33: 0 | BT33: 0 | BU33: 0 | BV33: 0 | BW33: 0 | BX33: 0 | BY33: 0 | BZ33: 0 | CA33: 0 | CB33: 1 | CC33: 0 | CD33: 0 | CE33: 0 | CF33: =BP33+BR33+BT33+BV33+BX33+BZ33+CB33+CD33 -> 1 | CG33: =BQ33+BS33+BU33+BW33+BY33+CA33+CC33+CE33 -> 0 | CH33: =SUM(CF33:CG33) -> 1 | CI33: 0 | CJ33: 0 | CK33: 0 | CL33: 0 | CM33: 0 | CN33: 0 | CO33: 0 | CP33: 0 | CQ33: 0 | CR33: 0 | CS33: 0 | CT33: 0 | CU33: 0 | CV33: 0 | CW33: 0 | CX33: 0 | CY33: =CI33+CK33+CM33+CO33+CQ33+CS33+CU33+CW33 -> 0 | CZ33: =CJ33+CL33+CN33+CP33+CR33+CT33+CV33+CX33 -> 0 | DA33: =SUM(CY33:CZ33) -> 0 | DB33: 0 | DC33: 0 | DD33: 0 | DE33: 0 | DF33: 0 | DG33: 0 | DH33: 0 | DI33: 0 | DJ33: 0 | DK33: 0 | DL33: 0 | DM33: 0 | DN33: 0 | DO33: 0 | DP33: 0 | DQ33: 0 | DR33: =DB33+DD33+DF33+DH33+DJ33+DL33+DN33+DP33 -> 0 | DS33: =DC33+DE33+DG33+DI33+DK33+DM33+DO33+DQ33 -> 0 | DT33: =SUM(DR33:DS33) -> 0 | DU33: 0 | DV33: 0 | DW33: 0 | DX33: 0 | DY33: 0 | DZ33: 0 | EA33: 0 | EB33: 0 | EC33: 0 | ED33: 0 | EE33: 0 | EF33: 0 | EG33: 0 | EH33: 0 | EI33: 0 | EJ33: 0 | EK33: =DU33+DW33+DY33+EA33+EC33+EE33+EG33+EI33 -> 0 | EL33: =DV33+DX33+DZ33+EB33+ED33+EF33+EH33+EJ33 -> 0 | EM33: =SUM(EK33:EL33) -> 0 | EN33: 0 | EO33: 0 | EP33: 0 | EQ33: 0 | ER33: 0 | ES33: 0 | ET33: 0 | EU33: 0 | EV33: 0 | EW33: 0 | EX33: 0 | EY33: 0 | EZ33: 0 | FA33: 0 | FB33: 0 | FC33: 0 | FD33: =EN33+EP33+ER33+ET33+EV33+EX33+EZ33+FB33 -> 0 | FE33: =EO33+EQ33+ES33+EU33+EW33+EY33+FA33+FC33 -> 0 | FF33: =SUM(FD33:FE33) -> 0 | FG33: 0 | FH33: 0 | FI33: 0 | FJ33: 0 | FK33: 0 | FL33: 0 | FM33: 0 | FN33: 0 | FO33: 0 | FP33: 0 | FQ33: 0 | FR33: 0 | FS33: 0 | FT33: 0 | FU33: 0 | FV33: 0 | FW33: =FG33+FI33+FK33+FM33+FO33+FQ33+FS33+FU33 -> 0 | FX33: =FH33+FJ33+FL33+FN33+FP33+FR33+FT33+FV33 -> 0 | FY33: =SUM(FW33:FX33) -> 0 | FZ33: 0 | GA33: 0 | GB33: 0 | GC33: 0 | GD33: 0 | GE33: 0 | GF33: 0 | GG33: 0 | GH33: 0 | GI33: 0 | GJ33: 0 | GK33: 0 | GL33: 0 | GM33: 0 | GN33: 0 | GO33: 0 | GP33: =FZ33+GB33+GD33+GF33+GH33+GJ33+GL33+GN33 -> 0 | GQ33: =GA33+GC33+GE33+GG33+GI33+GK33+GM33+GO33 -> 0 | GR33: =SUM(GP33:GQ33) -> 0 | GS33: 0 | GT33: 0 | GU33: 0 | GV33: 0 | GW33: 0 | GX33: 0 | GY33: 0 | GZ33: 0 | HA33: 0 | HB33: 0 | HC33: 0 | HD33: 0 | HE33: 0 | HF33: 0 | HG33: 0 | HH33: 0 | HI33: =GS33+GU33+GW33+GY33+HA33+HC33+HE33+HG33 -> 0 | HJ33: =GT33+GV33+GX33+GZ33+HB33+HD33+HF33+HH33 -> 0 | HK33: =SUM(HI33:HJ33) -> 0 | HL33: 0 | HM33: 0 | HN33: 0 | HO33: 0 | HP33: 0 | HQ33: 0 | HR33: 0 | HS33: 0 | HT33: 0 | HU33: 0 | HV33: 0 | HW33: 0 | HX33: 0 | HY33: 0 | HZ33: 0 | IA33: 0 | IB33: =HL33+HN33+HP33+HR33+HT33+HV33+HX33+HZ33 -> 0 | IC33: =HM33+HO33+HQ33+HS33+HU33+HW33+HY33+IA33 -> 0 | ID33: =SUM(IB33:IC33) -> 0 | IE33: 0 | IF33: 0 | IG33: 0 | IH33: 0 | II33: 0 | IJ33: 0 | IK33: 0 | IL33: 0 | IM33: 0 | IN33: 0 | IO33: 0 | IP33: 0 | IQ33: 0 | IR33: 0 | IS33: 0 | IT33: 0 | IU33: =IE33+IG33+II33+IK33+IM33+IO33+IQ33+IS33 -> 0 | IV33: =IF33+IH33+IJ33+IL33+IN33+IP33+IR33+IT33 -> 0 | IW33: =SUM(IU33:IV33) -> 0 | IX33: 0 | IY33: 0 | IZ33: 0 | JA33: 0 | JB33: 0 | JC33: 0 | JD33: 0 | JE33: 0 | JF33: 0 | JG33: 0 | JH33: 0 | JI33: 0 | JJ33: 0 | JK33: 0 | JL33: 0 | JM33: 0 | JN33: =IX33+IZ33+JB33+JD33+JF33+JH33+JJ33+JL33 -> 0 | JO33: =IY33+JA33+JC33+JE33+JG33+JI33+JK33+JM33 -> 0 | JP33: =SUM(JN33:JO33) -> 0 | JQ33: 0 | JR33: 0 | JS33: 0 | JT33: 0 | JU33: 0 | JV33: 0 | JW33: 0 | JX33: 0 | JY33: 0 | JZ33: 0 | KA33: 0 | KB33: 0 | KC33: 0 | KD33: 0 | KE33: 0 | KF33: 0 | KG33: =JQ33+JS33+JU33+JW33+JY33+KA33+KC33+KE33 -> 0 | KH33: =JR33+JT33+JV33+JX33+JZ33+KB33+KD33+KF33 -> 0 | KI33: =SUM(KG33:KH33) -> 0 | KJ33: 0 | KK33: 0 | KL33: 0 | KM33: 0 | KN33: 0 | KO33: 0 | KP33: 0 | KQ33: 0 | KR33: 0 | KS33: 0 | KT33: 0 | KU33: 0 | KV33: 0 | KW33: 0 | KX33: 0 | KY33: 0 | KZ33: =KJ33+KL33+KN33+KP33+KR33+KT33+KV33+KX33 -> 0 | LA33: =KK33+KM33+KO33+KQ33+KS33+KU33+KW33+KY33 -> 0 | LB33: =SUM(KZ33:LA33) -> 0 | LC33: 0 | LD33: 0 | LE33: 0 | LF33: 0 | LG33: 0 | LH33: 0 | LI33: 0 | LJ33: 0 | LK33: 0 | LL33: 0 | LM33: 0 | LN33: 0 | LO33: 0 | LP33: 0 | LQ33: 0 | LR33: 0 | LS33: =LC33+LE33+LG33+LI33+LK33+LM33+LO33+LQ33 -> 0 | LT33: =LD33+LF33+LH33+LJ33+LL33+LN33+LP33+LR33 -> 0 | LU33: =SUM(LS33:LT33) -> 0 | LV33: 0 | LW33: 0 | LX33: 0 | LY33: 0 | LZ33: 0 | MA33: 0 | MB33: 0 | MC33: 0 | MD33: 0 | ME33: 0 | MF33: 0 | MG33: 0 | MH33: 0 | MI33: 0 | MJ33: 0 | MK33: 0 | ML33: =LV33+LX33+LZ33+MB33+MD33+MF33+MH33+MJ33 -> 0 | MM33: =LW33+LY33+MA33+MC33+ME33+MG33+MI33+MK33 -> 0 | MN33: =SUM(ML33:MM33) -> 0 | MO33: =K33+AD33+AW33+BP33+CI33+DB33+DU33+EN33+FG33+FZ33+GS33+HL33+IE33+IX33+JQ33+KJ33+LC33+LV33 -> 0 | MP33: =L33+AE33+AX33+BQ33+CJ33+DC33+DV33+EO33+FH33+GA33+GT33+HM33+IF33+IY33+JR33+KK33+LD33+LW33 -> 0 | MQ33: =M33+AF33+AY33+BR33+CK33+DD33+DW33+EP33+FI33+GB33+GU33+HN33+IG33+IZ33+JS33+KL33+LE33+LX33 -> 0 | MR33: =N33+AG33+AZ33+BS33+CL33+DE33+DX33+EQ33+FJ33+GC33+GV33+HO33+IH33+JA33+JT33+KM33+LF33+LY33 -> 0 | MS33: =O33+AH33+BA33+BT33+CM33+DF33+DY33+ER33+FK33+GD33+GW33+HP33+II33+JB33+JU33+KN33+LG33+LZ33 -> 0 | MT33: =P33+AI33+BB33+BU33+CN33+DG33+DZ33+ES33+FL33+GE33+GX33+HQ33+IJ33+JC33+JV33+KO33+LH33+MA33 -> 0 | MU33: =Q33+AJ33+BC33+BV33+CO33+DH33+EA33+ET33+FM33+GF33+GY33+HR33+IK33+JD33+JW33+KP33+LI33+MB33 -> 0 | MV33: =R33+AK33+BD33+BW33+CP33+DI33+EB33+EU33+FN33+GG33+GZ33+HS33+IL33+JE33+JX33+KQ33+LJ33+MC33 -> 0 | ... NG33: =AC33+AV33+BO33+CH33+DA33+DT33+EM33+FF33+FY33+GR33+HK33+ID33+IW33+JP33+KI33+LB33+LU33+MN33 -> 1 | NI33: 0 | NJ33: 0 | NK33: 0 | NL33: 0 | NM33: 0 | NN33: 0 | NO33: 0 | NP33: 0 | NQ33: 0 | NR33: 0 | NS33: 0 | NT33: 0 | NU33: 0 | NV33: 0 | NW33: 0 | NX33: 0 | NY33: =NI33+NK33+NM33+NO33+NQ33+NS33+NU33+NW33 -> 0 | NZ33: =NJ33+NL33+NN33+NP33+NR33+NT33+NV33+NX33 -> 0 | OA33: =SUM(NY33:NZ33) -> 0
A34: Region XI | B34: Mati City | C34: DAVAO ORIENTAL | D34: CITY OF MATI (Capital) | E34: 129387 | F34: Alberto V. Ravelo ES | G34: DepED Managed | H34: Public | I34: Kinder & Grade 1-6 | J34: School with no Annexes | K34: 0 | L34: 0 | M34: 0 | N34: 0 | O34: 0 | P34: 0 | Q34: 0 | R34: 0 | S34: 0 | T34: 0 | U34: 0 | V34: 0 | W34: 0 | X34: 0 | Y34: 0 | Z34: 0 | AA34: =K34+M34+O34+Q34+S34+U34+W34+Y34 -> 0 | AB34: =L34+N34+P34+R34+T34+V34+X34+Z34 -> 0 | AC34: =SUM(AA34:AB34) -> 0 | AD34: 0 | AE34: 0 | AF34: 0 | AG34: 0 | AH34: 0 | AI34: 0 | AJ34: 0 | AK34: 0 | AL34: 0 | AM34: 0 | AN34: 0 | AO34: 0 | AP34: 0 | AQ34: 0 | AR34: 0 | AS34: 0 | AT34: =AD34+AF34+AH34+AJ34+AL34+AN34+AP34+AR34 -> 0 | AU34: =AE34+AG34+AI34+AK34+AM34+AO34+AQ34+AS34 -> 0 | AV34: =SUM(AT34:AU34) -> 0 | AW34: 2 | AX34: 0 | AY34: 0 | AZ34: 1 | BA34: 0 | BB34: 0 | BC34: 0 | BD34: 0 | BE34: 0 | BF34: 0 | BG34: 0 | BH34: 0 | BI34: 0 | BJ34: 0 | BK34: 0 | BL34: 0 | BM34: =AW34+AY34+BA34+BC34+BE34+BG34+BI34+BK34 -> 2 | BN34: =AX34+AZ34+BB34+BD34+BF34+BH34+BJ34+BL34 -> 1 | BO34: =SUM(BM34:BN34) -> 3 | BP34: 0 | BQ34: 1 | BR34: 0 | BS34: 0 | BT34: 0 | BU34: 0 | BV34: 0 | BW34: 0 | BX34: 0 | BY34: 0 | BZ34: 0 | CA34: 0 | CB34: 0 | CC34: 0 | CD34: 0 | CE34: 0 | CF34: =BP34+BR34+BT34+BV34+BX34+BZ34+CB34+CD34 -> 0 | CG34: =BQ34+BS34+BU34+BW34+BY34+CA34+CC34+CE34 -> 1 | CH34: =SUM(CF34:CG34) -> 1 | CI34: 0 | CJ34: 0 | CK34: 0 | CL34: 0 | CM34: 0 | CN34: 0 | CO34: 0 | CP34: 0 | CQ34: 0 | CR34: 0 | CS34: 0 | CT34: 0 | CU34: 0 | CV34: 0 | CW34: 0 | CX34: 0 | CY34: =CI34+CK34+CM34+CO34+CQ34+CS34+CU34+CW34 -> 0 | CZ34: =CJ34+CL34+CN34+CP34+CR34+CT34+CV34+CX34 -> 0 | DA34: =SUM(CY34:CZ34) -> 0 | DB34: 0 | DC34: 0 | DD34: 0 | DE34: 0 | DF34: 0 | DG34: 0 | DH34: 0 | DI34: 0 | DJ34: 0 | DK34: 0 | DL34: 0 | DM34: 0 | DN34: 0 | DO34: 0 | DP34: 0 | DQ34: 0 | DR34: =DB34+DD34+DF34+DH34+DJ34+DL34+DN34+DP34 -> 0 | DS34: =DC34+DE34+DG34+DI34+DK34+DM34+DO34+DQ34 -> 0 | DT34: =SUM(DR34:DS34) -> 0 | DU34: 0 | DV34: 0 | DW34: 0 | DX34: 0 | DY34: 0 | DZ34: 0 | EA34: 0 | EB34: 0 | EC34: 0 | ED34: 0 | EE34: 0 | EF34: 0 | EG34: 0 | EH34: 0 | EI34: 0 | EJ34: 0 | EK34: =DU34+DW34+DY34+EA34+EC34+EE34+EG34+EI34 -> 0 | EL34: =DV34+DX34+DZ34+EB34+ED34+EF34+EH34+EJ34 -> 0 | EM34: =SUM(EK34:EL34) -> 0 | EN34: 0 | EO34: 0 | EP34: 0 | EQ34: 0 | ER34: 0 | ES34: 0 | ET34: 0 | EU34: 0 | EV34: 0 | EW34: 0 | EX34: 0 | EY34: 0 | EZ34: 0 | FA34: 0 | FB34: 0 | FC34: 0 | FD34: =EN34+EP34+ER34+ET34+EV34+EX34+EZ34+FB34 -> 0 | FE34: =EO34+EQ34+ES34+EU34+EW34+EY34+FA34+FC34 -> 0 | FF34: =SUM(FD34:FE34) -> 0 | FG34: 0 | FH34: 1 | FI34: 0 | FJ34: 0 | FK34: 0 | FL34: 0 | FM34: 0 | FN34: 0 | FO34: 0 | FP34: 0 | FQ34: 0 | FR34: 0 | FS34: 0 | FT34: 0 | FU34: 0 | FV34: 0 | FW34: =FG34+FI34+FK34+FM34+FO34+FQ34+FS34+FU34 -> 0 | FX34: =FH34+FJ34+FL34+FN34+FP34+FR34+FT34+FV34 -> 1 | FY34: =SUM(FW34:FX34) -> 1 | FZ34: 0 | GA34: 0 | GB34: 0 | GC34: 0 | GD34: 0 | GE34: 0 | GF34: 0 | GG34: 0 | GH34: 0 | GI34: 0 | GJ34: 0 | GK34: 0 | GL34: 0 | GM34: 0 | GN34: 0 | GO34: 0 | GP34: =FZ34+GB34+GD34+GF34+GH34+GJ34+GL34+GN34 -> 0 | GQ34: =GA34+GC34+GE34+GG34+GI34+GK34+GM34+GO34 -> 0 | GR34: =SUM(GP34:GQ34) -> 0 | GS34: 0 | GT34: 0 | GU34: 0 | GV34: 0 | GW34: 0 | GX34: 0 | GY34: 0 | GZ34: 0 | HA34: 0 | HB34: 0 | HC34: 0 | HD34: 0 | HE34: 0 | HF34: 0 | HG34: 0 | HH34: 0 | HI34: =GS34+GU34+GW34+GY34+HA34+HC34+HE34+HG34 -> 0 | HJ34: =GT34+GV34+GX34+GZ34+HB34+HD34+HF34+HH34 -> 0 | HK34: =SUM(HI34:HJ34) -> 0 | HL34: 0 | HM34: 0 | HN34: 0 | HO34: 0 | HP34: 0 | HQ34: 0 | HR34: 0 | HS34: 0 | HT34: 0 | HU34: 0 | HV34: 0 | HW34: 0 | HX34: 0 | HY34: 0 | HZ34: 0 | IA34: 0 | IB34: =HL34+HN34+HP34+HR34+HT34+HV34+HX34+HZ34 -> 0 | IC34: =HM34+HO34+HQ34+HS34+HU34+HW34+HY34+IA34 -> 0 | ID34: =SUM(IB34:IC34) -> 0 | IE34: 0 | IF34: 0 | IG34: 0 | IH34: 0 | II34: 0 | IJ34: 0 | IK34: 0 | IL34: 0 | IM34: 0 | IN34: 0 | IO34: 0 | IP34: 0 | IQ34: 0 | IR34: 0 | IS34: 0 | IT34: 0 | IU34: =IE34+IG34+II34+IK34+IM34+IO34+IQ34+IS34 -> 0 | IV34: =IF34+IH34+IJ34+IL34+IN34+IP34+IR34+IT34 -> 0 | IW34: =SUM(IU34:IV34) -> 0 | IX34: 0 | IY34: 0 | IZ34: 0 | JA34: 0 | JB34: 0 | JC34: 0 | JD34: 0 | JE34: 0 | JF34: 0 | JG34: 0 | JH34: 0 | JI34: 0 | JJ34: 0 | JK34: 0 | JL34: 0 | JM34: 0 | JN34: =IX34+IZ34+JB34+JD34+JF34+JH34+JJ34+JL34 -> 0 | JO34: =IY34+JA34+JC34+JE34+JG34+JI34+JK34+JM34 -> 0 | JP34: =SUM(JN34:JO34) -> 0 | JQ34: 0 | JR34: 0 | JS34: 0 | JT34: 0 | JU34: 0 | JV34: 0 | JW34: 0 | JX34: 0 | JY34: 0 | JZ34: 0 | KA34: 0 | KB34: 0 | KC34: 0 | KD34: 0 | KE34: 0 | KF34: 0 | KG34: =JQ34+JS34+JU34+JW34+JY34+KA34+KC34+KE34 -> 0 | KH34: =JR34+JT34+JV34+JX34+JZ34+KB34+KD34+KF34 -> 0 | KI34: =SUM(KG34:KH34) -> 0 | KJ34: 0 | KK34: 0 | KL34: 0 | KM34: 0 | KN34: 0 | KO34: 0 | KP34: 0 | KQ34: 0 | KR34: 0 | KS34: 0 | KT34: 0 | KU34: 0 | KV34: 0 | KW34: 0 | KX34: 0 | KY34: 0 | KZ34: =KJ34+KL34+KN34+KP34+KR34+KT34+KV34+KX34 -> 0 | LA34: =KK34+KM34+KO34+KQ34+KS34+KU34+KW34+KY34 -> 0 | LB34: =SUM(KZ34:LA34) -> 0 | LC34: 0 | LD34: 0 | LE34: 0 | LF34: 0 | LG34: 0 | LH34: 0 | LI34: 0 | LJ34: 0 | LK34: 0 | LL34: 0 | LM34: 0 | LN34: 0 | LO34: 0 | LP34: 0 | LQ34: 0 | LR34: 0 | LS34: =LC34+LE34+LG34+LI34+LK34+LM34+LO34+LQ34 -> 0 | LT34: =LD34+LF34+LH34+LJ34+LL34+LN34+LP34+LR34 -> 0 | LU34: =SUM(LS34:LT34) -> 0 | LV34: 0 | LW34: 0 | LX34: 0 | LY34: 0 | LZ34: 0 | MA34: 0 | MB34: 0 | MC34: 0 | MD34: 0 | ME34: 0 | MF34: 0 | MG34: 0 | MH34: 0 | MI34: 0 | MJ34: 0 | MK34: 0 | ML34: =LV34+LX34+LZ34+MB34+MD34+MF34+MH34+MJ34 -> 0 | MM34: =LW34+LY34+MA34+MC34+ME34+MG34+MI34+MK34 -> 0 | MN34: =SUM(ML34:MM34) -> 0 | MO34: =K34+AD34+AW34+BP34+CI34+DB34+DU34+EN34+FG34+FZ34+GS34+HL34+IE34+IX34+JQ34+KJ34+LC34+LV34 -> 2 | MP34: =L34+AE34+AX34+BQ34+CJ34+DC34+DV34+EO34+FH34+GA34+GT34+HM34+IF34+IY34+JR34+KK34+LD34+LW34 -> 2 | MQ34: =M34+AF34+AY34+BR34+CK34+DD34+DW34+EP34+FI34+GB34+GU34+HN34+IG34+IZ34+JS34+KL34+LE34+LX34 -> 0 | MR34: =N34+AG34+AZ34+BS34+CL34+DE34+DX34+EQ34+FJ34+GC34+GV34+HO34+IH34+JA34+JT34+KM34+LF34+LY34 -> 1 | MS34: =O34+AH34+BA34+BT34+CM34+DF34+DY34+ER34+FK34+GD34+GW34+HP34+II34+JB34+JU34+KN34+LG34+LZ34 -> 0 | MT34: =P34+AI34+BB34+BU34+CN34+DG34+DZ34+ES34+FL34+GE34+GX34+HQ34+IJ34+JC34+JV34+KO34+LH34+MA34 -> 0 | MU34: =Q34+AJ34+BC34+BV34+CO34+DH34+EA34+ET34+FM34+GF34+GY34+HR34+IK34+JD34+JW34+KP34+LI34+MB34 -> 0 | MV34: =R34+AK34+BD34+BW34+CP34+DI34+EB34+EU34+FN34+GG34+GZ34+HS34+IL34+JE34+JX34+KQ34+LJ34+MC34 -> 0 | ... NG34: =AC34+AV34+BO34+CH34+DA34+DT34+EM34+FF34+FY34+GR34+HK34+ID34+IW34+JP34+KI34+LB34+LU34+MN34 -> 5 | NI34: 0 | NJ34: 0 | NK34: 0 | NL34: 0 | NM34: 0 | NN34: 0 | NO34: 0 | NP34: 0 | NQ34: 0 | NR34: 0 | NS34: 0 | NT34: 0 | NU34: 0 | NV34: 0 | NW34: 0 | NX34: 0 | NY34: =NI34+NK34+NM34+NO34+NQ34+NS34+NU34+NW34 -> 0 | NZ34: =NJ34+NL34+NN34+NP34+NR34+NT34+NV34+NX34 -> 0 | OA34: =SUM(NY34:NZ34) -> 0
A35: Region XI | B35: Mati City | C35: DAVAO ORIENTAL | D35: CITY OF MATI (Capital) | E35: 129388 | F35: Antonino Vicentino ES | G35: DepED Managed | H35: Public | I35: Kinder & Grade 1-6 | J35: School with no Annexes | K35: 0 | L35: 0 | M35: 0 | N35: 0 | O35: 0 | P35: 0 | Q35: 0 | R35: 0 | S35: 0 | T35: 0 | U35: 0 | V35: 0 | W35: 0 | X35: 0 | Y35: 0 | Z35: 0 | AA35: =K35+M35+O35+Q35+S35+U35+W35+Y35 -> 0 | AB35: =L35+N35+P35+R35+T35+V35+X35+Z35 -> 0 | AC35: =SUM(AA35:AB35) -> 0 | AD35: 0 | AE35: 0 | AF35: 0 | AG35: 0 | AH35: 0 | AI35: 0 | AJ35: 0 | AK35: 0 | AL35: 0 | AM35: 0 | AN35: 0 | AO35: 0 | AP35: 0 | AQ35: 0 | AR35: 0 | AS35: 0 | AT35: =AD35+AF35+AH35+AJ35+AL35+AN35+AP35+AR35 -> 0 | AU35: =AE35+AG35+AI35+AK35+AM35+AO35+AQ35+AS35 -> 0 | AV35: =SUM(AT35:AU35) -> 0 | AW35: 0 | AX35: 0 | AY35: 0 | AZ35: 0 | BA35: 0 | BB35: 0 | BC35: 0 | BD35: 0 | BE35: 0 | BF35: 0 | BG35: 0 | BH35: 1 | BI35: 0 | BJ35: 0 | BK35: 0 | BL35: 0 | BM35: =AW35+AY35+BA35+BC35+BE35+BG35+BI35+BK35 -> 0 | BN35: =AX35+AZ35+BB35+BD35+BF35+BH35+BJ35+BL35 -> 1 | BO35: =SUM(BM35:BN35) -> 1 | BP35: 1 | BQ35: 0 | BR35: 0 | BS35: 0 | BT35: 0 | BU35: 0 | BV35: 1 | BW35: 1 | BX35: 0 | BY35: 0 | BZ35: 0 | CA35: 0 | CB35: 0 | CC35: 0 | CD35: 0 | CE35: 0 | CF35: =BP35+BR35+BT35+BV35+BX35+BZ35+CB35+CD35 -> 2 | CG35: =BQ35+BS35+BU35+BW35+BY35+CA35+CC35+CE35 -> 1 | CH35: =SUM(CF35:CG35) -> 3 | CI35: 0 | CJ35: 0 | CK35: 0 | CL35: 0 | CM35: 0 | CN35: 0 | CO35: 0 | CP35: 0 | CQ35: 0 | CR35: 0 | CS35: 0 | CT35: 0 | CU35: 0 | CV35: 0 | CW35: 0 | CX35: 0 | CY35: =CI35+CK35+CM35+CO35+CQ35+CS35+CU35+CW35 -> 0 | CZ35: =CJ35+CL35+CN35+CP35+CR35+CT35+CV35+CX35 -> 0 | DA35: =SUM(CY35:CZ35) -> 0 | DB35: 0 | DC35: 0 | DD35: 0 | DE35: 0 | DF35: 0 | DG35: 0 | DH35: 0 | DI35: 0 | DJ35: 0 | DK35: 0 | DL35: 0 | DM35: 0 | DN35: 0 | DO35: 0 | DP35: 0 | DQ35: 0 | DR35: =DB35+DD35+DF35+DH35+DJ35+DL35+DN35+DP35 -> 0 | DS35: =DC35+DE35+DG35+DI35+DK35+DM35+DO35+DQ35 -> 0 | DT35: =SUM(DR35:DS35) -> 0 | DU35: 0 | DV35: 0 | DW35: 0 | DX35: 0 | DY35: 0 | DZ35: 0 | EA35: 0 | EB35: 0 | EC35: 0 | ED35: 0 | EE35: 0 | EF35: 0 | EG35: 0 | EH35: 0 | EI35: 0 | EJ35: 0 | EK35: =DU35+DW35+DY35+EA35+EC35+EE35+EG35+EI35 -> 0 | EL35: =DV35+DX35+DZ35+EB35+ED35+EF35+EH35+EJ35 -> 0 | EM35: =SUM(EK35:EL35) -> 0 | EN35: 0 | EO35: 0 | EP35: 0 | EQ35: 0 | ER35: 0 | ES35: 0 | ET35: 0 | EU35: 0 | EV35: 0 | EW35: 0 | EX35: 0 | EY35: 0 | EZ35: 0 | FA35: 0 | FB35: 0 | FC35: 0 | FD35: =EN35+EP35+ER35+ET35+EV35+EX35+EZ35+FB35 -> 0 | FE35: =EO35+EQ35+ES35+EU35+EW35+EY35+FA35+FC35 -> 0 | FF35: =SUM(FD35:FE35) -> 0 | FG35: 0 | FH35: 0 | FI35: 0 | FJ35: 0 | FK35: 0 | FL35: 0 | FM35: 0 | FN35: 0 | FO35: 1 | FP35: 0 | FQ35: 1 | FR35: 0 | FS35: 0 | FT35: 0 | FU35: 0 | FV35: 0 | FW35: =FG35+FI35+FK35+FM35+FO35+FQ35+FS35+FU35 -> 2 | FX35: =FH35+FJ35+FL35+FN35+FP35+FR35+FT35+FV35 -> 0 | FY35: =SUM(FW35:FX35) -> 2 | FZ35: 0 | GA35: 1 | GB35: 0 | GC35: 0 | GD35: 0 | GE35: 0 | GF35: 0 | GG35: 0 | GH35: 0 | GI35: 0 | GJ35: 0 | GK35: 0 | GL35: 0 | GM35: 0 | GN35: 0 | GO35: 0 | GP35: =FZ35+GB35+GD35+GF35+GH35+GJ35+GL35+GN35 -> 0 | GQ35: =GA35+GC35+GE35+GG35+GI35+GK35+GM35+GO35 -> 1 | GR35: =SUM(GP35:GQ35) -> 1 | GS35: 0 | GT35: 0 | GU35: 0 | GV35: 0 | GW35: 0 | GX35: 0 | GY35: 0 | GZ35: 0 | HA35: 0 | HB35: 0 | HC35: 0 | HD35: 0 | HE35: 0 | HF35: 0 | HG35: 0 | HH35: 0 | HI35: =GS35+GU35+GW35+GY35+HA35+HC35+HE35+HG35 -> 0 | HJ35: =GT35+GV35+GX35+GZ35+HB35+HD35+HF35+HH35 -> 0 | HK35: =SUM(HI35:HJ35) -> 0 | HL35: 0 | HM35: 0 | HN35: 0 | HO35: 0 | HP35: 0 | HQ35: 0 | HR35: 0 | HS35: 0 | HT35: 0 | HU35: 0 | HV35: 0 | HW35: 0 | HX35: 0 | HY35: 0 | HZ35: 0 | IA35: 0 | IB35: =HL35+HN35+HP35+HR35+HT35+HV35+HX35+HZ35 -> 0 | IC35: =HM35+HO35+HQ35+HS35+HU35+HW35+HY35+IA35 -> 0 | ID35: =SUM(IB35:IC35) -> 0 | IE35: 0 | IF35: 0 | IG35: 0 | IH35: 0 | II35: 0 | IJ35: 0 | IK35: 0 | IL35: 0 | IM35: 0 | IN35: 0 | IO35: 0 | IP35: 0 | IQ35: 0 | IR35: 0 | IS35: 0 | IT35: 0 | IU35: =IE35+IG35+II35+IK35+IM35+IO35+IQ35+IS35 -> 0 | IV35: =IF35+IH35+IJ35+IL35+IN35+IP35+IR35+IT35 -> 0 | IW35: =SUM(IU35:IV35) -> 0 | IX35: 0 | IY35: 0 | IZ35: 0 | JA35: 0 | JB35: 0 | JC35: 0 | JD35: 0 | JE35: 0 | JF35: 0 | JG35: 0 | JH35: 0 | JI35: 0 | JJ35: 0 | JK35: 0 | JL35: 0 | JM35: 0 | JN35: =IX35+IZ35+JB35+JD35+JF35+JH35+JJ35+JL35 -> 0 | JO35: =IY35+JA35+JC35+JE35+JG35+JI35+JK35+JM35 -> 0 | JP35: =SUM(JN35:JO35) -> 0 | JQ35: 0 | JR35: 0 | JS35: 0 | JT35: 0 | JU35: 0 | JV35: 0 | JW35: 0 | JX35: 0 | JY35: 0 | JZ35: 0 | KA35: 0 | KB35: 0 | KC35: 0 | KD35: 0 | KE35: 0 | KF35: 0 | KG35: =JQ35+JS35+JU35+JW35+JY35+KA35+KC35+KE35 -> 0 | KH35: =JR35+JT35+JV35+JX35+JZ35+KB35+KD35+KF35 -> 0 | KI35: =SUM(KG35:KH35) -> 0 | KJ35: 0 | KK35: 0 | KL35: 0 | KM35: 0 | KN35: 0 | KO35: 0 | KP35: 0 | KQ35: 0 | KR35: 0 | KS35: 0 | KT35: 0 | KU35: 0 | KV35: 0 | KW35: 0 | KX35: 0 | KY35: 0 | KZ35: =KJ35+KL35+KN35+KP35+KR35+KT35+KV35+KX35 -> 0 | LA35: =KK35+KM35+KO35+KQ35+KS35+KU35+KW35+KY35 -> 0 | LB35: =SUM(KZ35:LA35) -> 0 | LC35: 0 | LD35: 0 | LE35: 0 | LF35: 0 | LG35: 0 | LH35: 0 | LI35: 0 | LJ35: 0 | LK35: 0 | LL35: 0 | LM35: 0 | LN35: 0 | LO35: 0 | LP35: 0 | LQ35: 0 | LR35: 0 | LS35: =LC35+LE35+LG35+LI35+LK35+LM35+LO35+LQ35 -> 0 | LT35: =LD35+LF35+LH35+LJ35+LL35+LN35+LP35+LR35 -> 0 | LU35: =SUM(LS35:LT35) -> 0 | LV35: 0 | LW35: 0 | LX35: 0 | LY35: 0 | LZ35: 0 | MA35: 0 | MB35: 0 | MC35: 0 | MD35: 0 | ME35: 0 | MF35: 0 | MG35: 0 | MH35: 0 | MI35: 0 | MJ35: 0 | MK35: 0 | ML35: =LV35+LX35+LZ35+MB35+MD35+MF35+MH35+MJ35 -> 0 | MM35: =LW35+LY35+MA35+MC35+ME35+MG35+MI35+MK35 -> 0 | MN35: =SUM(ML35:MM35) -> 0 | MO35: =K35+AD35+AW35+BP35+CI35+DB35+DU35+EN35+FG35+FZ35+GS35+HL35+IE35+IX35+JQ35+KJ35+LC35+LV35 -> 1 | MP35: =L35+AE35+AX35+BQ35+CJ35+DC35+DV35+EO35+FH35+GA35+GT35+HM35+IF35+IY35+JR35+KK35+LD35+LW35 -> 1 | MQ35: =M35+AF35+AY35+BR35+CK35+DD35+DW35+EP35+FI35+GB35+GU35+HN35+IG35+IZ35+JS35+KL35+LE35+LX35 -> 0 | MR35: =N35+AG35+AZ35+BS35+CL35+DE35+DX35+EQ35+FJ35+GC35+GV35+HO35+IH35+JA35+JT35+KM35+LF35+LY35 -> 0 | MS35: =O35+AH35+BA35+BT35+CM35+DF35+DY35+ER35+FK35+GD35+GW35+HP35+II35+JB35+JU35+KN35+LG35+LZ35 -> 0 | MT35: =P35+AI35+BB35+BU35+CN35+DG35+DZ35+ES35+FL35+GE35+GX35+HQ35+IJ35+JC35+JV35+KO35+LH35+MA35 -> 0 | MU35: =Q35+AJ35+BC35+BV35+CO35+DH35+EA35+ET35+FM35+GF35+GY35+HR35+IK35+JD35+JW35+KP35+LI35+MB35 -> 1 | MV35: =R35+AK35+BD35+BW35+CP35+DI35+EB35+EU35+FN35+GG35+GZ35+HS35+IL35+JE35+JX35+KQ35+LJ35+MC35 -> 1 | ... NG35: =AC35+AV35+BO35+CH35+DA35+DT35+EM35+FF35+FY35+GR35+HK35+ID35+IW35+JP35+KI35+LB35+LU35+MN35 -> 7 | NI35: 0 | NJ35: 0 | NK35: 0 | NL35: 0 | NM35: 0 | NN35: 0 | NO35: 0 | NP35: 0 | NQ35: 0 | NR35: 0 | NS35: 0 | NT35: 0 | NU35: 0 | NV35: 0 | NW35: 0 | NX35: 0 | NY35: =NI35+NK35+NM35+NO35+NQ35+NS35+NU35+NW35 -> 0 | NZ35: =NJ35+NL35+NN35+NP35+NR35+NT35+NV35+NX35 -> 0 | OA35: =SUM(NY35:NZ35) -> 0
A36: Region XI | B36: Mati City | C36: DAVAO ORIENTAL | D36: CITY OF MATI (Capital) | E36: 129389 | F36: Benito G. Rabat Exec. ES | G36: DepED Managed | H36: Public | I36: Kinder & Grade 1-6 | J36: School with no Annexes | K36: 0 | L36: 0 | M36: 0 | N36: 0 | O36: 0 | P36: 0 | Q36: 0 | R36: 0 | S36: 0 | T36: 0 | U36: 0 | V36: 0 | W36: 0 | X36: 0 | Y36: 0 | Z36: 0 | AA36: =K36+M36+O36+Q36+S36+U36+W36+Y36 -> 0 | AB36: =L36+N36+P36+R36+T36+V36+X36+Z36 -> 0 | AC36: =SUM(AA36:AB36) -> 0 | AD36: 0 | AE36: 0 | AF36: 0 | AG36: 0 | AH36: 0 | AI36: 0 | AJ36: 0 | AK36: 0 | AL36: 0 | AM36: 0 | AN36: 0 | AO36: 0 | AP36: 0 | AQ36: 0 | AR36: 0 | AS36: 0 | AT36: =AD36+AF36+AH36+AJ36+AL36+AN36+AP36+AR36 -> 0 | AU36: =AE36+AG36+AI36+AK36+AM36+AO36+AQ36+AS36 -> 0 | AV36: =SUM(AT36:AU36) -> 0 | AW36: 1 | AX36: 0 | AY36: 1 | AZ36: 1 | BA36: 0 | BB36: 0 | BC36: 0 | BD36: 0 | BE36: 1 | BF36: 0 | BG36: 0 | BH36: 0 | BI36: 0 | BJ36: 0 | BK36: 0 | BL36: 0 | BM36: =AW36+AY36+BA36+BC36+BE36+BG36+BI36+BK36 -> 3 | BN36: =AX36+AZ36+BB36+BD36+BF36+BH36+BJ36+BL36 -> 1 | BO36: =SUM(BM36:BN36) -> 4 | BP36: 0 | BQ36: 2 | BR36: 0 | BS36: 1 | BT36: 1 | BU36: 1 | BV36: 0 | BW36: 0 | BX36: 1 | BY36: 1 | BZ36: 1 | CA36: 0 | CB36: 0 | CC36: 0 | CD36: 0 | CE36: 0 | CF36: =BP36+BR36+BT36+BV36+BX36+BZ36+CB36+CD36 -> 3 | CG36: =BQ36+BS36+BU36+BW36+BY36+CA36+CC36+CE36 -> 5 | CH36: =SUM(CF36:CG36) -> 8 | CI36: 0 | CJ36: 0 | CK36: 1 | CL36: 0 | CM36: 0 | CN36: 0 | CO36: 0 | CP36: 0 | CQ36: 0 | CR36: 0 | CS36: 0 | CT36: 0 | CU36: 0 | CV36: 0 | CW36: 0 | CX36: 0 | CY36: =CI36+CK36+CM36+CO36+CQ36+CS36+CU36+CW36 -> 1 | CZ36: =CJ36+CL36+CN36+CP36+CR36+CT36+CV36+CX36 -> 0 | DA36: =SUM(CY36:CZ36) -> 1 | DB36: 0 | DC36: 0 | DD36: 0 | DE36: 0 | DF36: 0 | DG36: 0 | DH36: 0 | DI36: 0 | DJ36: 0 | DK36: 0 | DL36: 0 | DM36: 0 | DN36: 0 | DO36: 0 | DP36: 0 | DQ36: 0 | DR36: =DB36+DD36+DF36+DH36+DJ36+DL36+DN36+DP36 -> 0 | DS36: =DC36+DE36+DG36+DI36+DK36+DM36+DO36+DQ36 -> 0 | DT36: =SUM(DR36:DS36) -> 0 | DU36: 0 | DV36: 0 | DW36: 0 | DX36: 0 | DY36: 0 | DZ36: 0 | EA36: 0 | EB36: 0 | EC36: 0 | ED36: 0 | EE36: 0 | EF36: 0 | EG36: 0 | EH36: 0 | EI36: 0 | EJ36: 0 | EK36: =DU36+DW36+DY36+EA36+EC36+EE36+EG36+EI36 -> 0 | EL36: =DV36+DX36+DZ36+EB36+ED36+EF36+EH36+EJ36 -> 0 | EM36: =SUM(EK36:EL36) -> 0 | EN36: 2 | EO36: 1 | EP36: 0 | EQ36: 0 | ER36: 0 | ES36: 0 | ET36: 0 | EU36: 0 | EV36: 0 | EW36: 0 | EX36: 0 | EY36: 0 | EZ36: 0 | FA36: 0 | FB36: 0 | FC36: 0 | FD36: =EN36+EP36+ER36+ET36+EV36+EX36+EZ36+FB36 -> 2 | FE36: =EO36+EQ36+ES36+EU36+EW36+EY36+FA36+FC36 -> 1 | FF36: =SUM(FD36:FE36) -> 3 | FG36: 1 | FH36: 2 | FI36: 2 | FJ36: 0 | FK36: 0 | FL36: 0 | FM36: 0 | FN36: 0 | FO36: 0 | FP36: 0 | FQ36: 1 | FR36: 1 | FS36: 4 | FT36: 0 | FU36: 0 | FV36: 0 | FW36: =FG36+FI36+FK36+FM36+FO36+FQ36+FS36+FU36 -> 8 | FX36: =FH36+FJ36+FL36+FN36+FP36+FR36+FT36+FV36 -> 3 | FY36: =SUM(FW36:FX36) -> 11 | FZ36: 0 | GA36: 0 | GB36: 0 | GC36: 0 | GD36: 0 | GE36: 0 | GF36: 0 | GG36: 0 | GH36: 0 | GI36: 0 | GJ36: 0 | GK36: 0 | GL36: 0 | GM36: 0 | GN36: 0 | GO36: 0 | GP36: =FZ36+GB36+GD36+GF36+GH36+GJ36+GL36+GN36 -> 0 | GQ36: =GA36+GC36+GE36+GG36+GI36+GK36+GM36+GO36 -> 0 | GR36: =SUM(GP36:GQ36) -> 0 | GS36: 0 | GT36: 0 | GU36: 0 | GV36: 0 | GW36: 0 | GX36: 0 | GY36: 0 | GZ36: 0 | HA36: 0 | HB36: 0 | HC36: 0 | HD36: 0 | HE36: 0 | HF36: 0 | HG36: 0 | HH36: 0 | HI36: =GS36+GU36+GW36+GY36+HA36+HC36+HE36+HG36 -> 0 | HJ36: =GT36+GV36+GX36+GZ36+HB36+HD36+HF36+HH36 -> 0 | HK36: =SUM(HI36:HJ36) -> 0 | HL36: 0 | HM36: 0 | HN36: 0 | HO36: 0 | HP36: 0 | HQ36: 0 | HR36: 0 | HS36: 0 | HT36: 0 | HU36: 0 | HV36: 0 | HW36: 0 | HX36: 0 | HY36: 0 | HZ36: 0 | IA36: 0 | IB36: =HL36+HN36+HP36+HR36+HT36+HV36+HX36+HZ36 -> 0 | IC36: =HM36+HO36+HQ36+HS36+HU36+HW36+HY36+IA36 -> 0 | ID36: =SUM(IB36:IC36) -> 0 | IE36: 0 | IF36: 0 | IG36: 0 | IH36: 0 | II36: 0 | IJ36: 0 | IK36: 0 | IL36: 0 | IM36: 0 | IN36: 0 | IO36: 0 | IP36: 0 | IQ36: 0 | IR36: 0 | IS36: 0 | IT36: 0 | IU36: =IE36+IG36+II36+IK36+IM36+IO36+IQ36+IS36 -> 0 | IV36: =IF36+IH36+IJ36+IL36+IN36+IP36+IR36+IT36 -> 0 | IW36: =SUM(IU36:IV36) -> 0 | IX36: 0 | IY36: 0 | IZ36: 0 | JA36: 0 | JB36: 0 | JC36: 0 | JD36: 0 | JE36: 0 | JF36: 0 | JG36: 0 | JH36: 0 | JI36: 0 | JJ36: 0 | JK36: 0 | JL36: 0 | JM36: 0 | JN36: =IX36+IZ36+JB36+JD36+JF36+JH36+JJ36+JL36 -> 0 | JO36: =IY36+JA36+JC36+JE36+JG36+JI36+JK36+JM36 -> 0 | JP36: =SUM(JN36:JO36) -> 0 | JQ36: 0 | JR36: 0 | JS36: 0 | JT36: 0 | JU36: 0 | JV36: 0 | JW36: 0 | JX36: 0 | JY36: 0 | JZ36: 0 | KA36: 0 | KB36: 0 | KC36: 0 | KD36: 0 | KE36: 0 | KF36: 0 | KG36: =JQ36+JS36+JU36+JW36+JY36+KA36+KC36+KE36 -> 0 | KH36: =JR36+JT36+JV36+JX36+JZ36+KB36+KD36+KF36 -> 0 | KI36: =SUM(KG36:KH36) -> 0 | KJ36: 0 | KK36: 0 | KL36: 0 | KM36: 0 | KN36: 0 | KO36: 0 | KP36: 0 | KQ36: 0 | KR36: 0 | KS36: 0 | KT36: 0 | KU36: 0 | KV36: 0 | KW36: 0 | KX36: 0 | KY36: 0 | KZ36: =KJ36+KL36+KN36+KP36+KR36+KT36+KV36+KX36 -> 0 | LA36: =KK36+KM36+KO36+KQ36+KS36+KU36+KW36+KY36 -> 0 | LB36: =SUM(KZ36:LA36) -> 0 | LC36: 0 | LD36: 0 | LE36: 0 | LF36: 0 | LG36: 0 | LH36: 0 | LI36: 0 | LJ36: 0 | LK36: 0 | LL36: 0 | LM36: 0 | LN36: 0 | LO36: 0 | LP36: 0 | LQ36: 0 | LR36: 0 | LS36: =LC36+LE36+LG36+LI36+LK36+LM36+LO36+LQ36 -> 0 | LT36: =LD36+LF36+LH36+LJ36+LL36+LN36+LP36+LR36 -> 0 | LU36: =SUM(LS36:LT36) -> 0 | LV36: 0 | LW36: 0 | LX36: 0 | LY36: 0 | LZ36: 0 | MA36: 0 | MB36: 0 | MC36: 0 | MD36: 0 | ME36: 0 | MF36: 0 | MG36: 0 | MH36: 0 | MI36: 0 | MJ36: 0 | MK36: 0 | ML36: =LV36+LX36+LZ36+MB36+MD36+MF36+MH36+MJ36 -> 0 | MM36: =LW36+LY36+MA36+MC36+ME36+MG36+MI36+MK36 -> 0 | MN36: =SUM(ML36:MM36) -> 0 | MO36: =K36+AD36+AW36+BP36+CI36+DB36+DU36+EN36+FG36+FZ36+GS36+HL36+IE36+IX36+JQ36+KJ36+LC36+LV36 -> 4 | MP36: =L36+AE36+AX36+BQ36+CJ36+DC36+DV36+EO36+FH36+GA36+GT36+HM36+IF36+IY36+JR36+KK36+LD36+LW36 -> 5 | MQ36: =M36+AF36+AY36+BR36+CK36+DD36+DW36+EP36+FI36+GB36+GU36+HN36+IG36+IZ36+JS36+KL36+LE36+LX36 -> 4 | MR36: =N36+AG36+AZ36+BS36+CL36+DE36+DX36+EQ36+FJ36+GC36+GV36+HO36+IH36+JA36+JT36+KM36+LF36+LY36 -> 2 | MS36: =O36+AH36+BA36+BT36+CM36+DF36+DY36+ER36+FK36+GD36+GW36+HP36+II36+JB36+JU36+KN36+LG36+LZ36 -> 1 | MT36: =P36+AI36+BB36+BU36+CN36+DG36+DZ36+ES36+FL36+GE36+GX36+HQ36+IJ36+JC36+JV36+KO36+LH36+MA36 -> 1 | MU36: =Q36+AJ36+BC36+BV36+CO36+DH36+EA36+ET36+FM36+GF36+GY36+HR36+IK36+JD36+JW36+KP36+LI36+MB36 -> 0 | MV36: =R36+AK36+BD36+BW36+CP36+DI36+EB36+EU36+FN36+GG36+GZ36+HS36+IL36+JE36+JX36+KQ36+LJ36+MC36 -> 0 | ... NG36: =AC36+AV36+BO36+CH36+DA36+DT36+EM36+FF36+FY36+GR36+HK36+ID36+IW36+JP36+KI36+LB36+LU36+MN36 -> 27 | NI36: 0 | NJ36: 0 | NK36: 1 | NL36: 0 | NM36: 0 | NN36: 0 | NO36: 0 | NP36: 0 | NQ36: 0 | NR36: 0 | NS36: 0 | NT36: 0 | NU36: 0 | NV36: 0 | NW36: 0 | NX36: 0 | NY36: =NI36+NK36+NM36+NO36+NQ36+NS36+NU36+NW36 -> 1 | NZ36: =NJ36+NL36+NN36+NP36+NR36+NT36+NV36+NX36 -> 0 | OA36: =SUM(NY36:NZ36) -> 1
A37: Region XI | B37: Mati City | C37: DAVAO ORIENTAL | D37: CITY OF MATI (Capital) | E37: 129390 | F37: Bobon ES | G37: DepED Managed | H37: Public | I37: Kinder & Grade 1-6 | J37: School with no Annexes | K37: 0 | L37: 0 | M37: 0 | N37: 0 | O37: 0 | P37: 0 | Q37: 0 | R37: 0 | S37: 0 | T37: 0 | U37: 0 | V37: 0 | W37: 0 | X37: 0 | Y37: 0 | Z37: 0 | AA37: =K37+M37+O37+Q37+S37+U37+W37+Y37 -> 0 | AB37: =L37+N37+P37+R37+T37+V37+X37+Z37 -> 0 | AC37: =SUM(AA37:AB37) -> 0 | AD37: 0 | AE37: 0 | AF37: 0 | AG37: 0 | AH37: 0 | AI37: 0 | AJ37: 0 | AK37: 0 | AL37: 0 | AM37: 0 | AN37: 0 | AO37: 0 | AP37: 0 | AQ37: 0 | AR37: 0 | AS37: 0 | AT37: =AD37+AF37+AH37+AJ37+AL37+AN37+AP37+AR37 -> 0 | AU37: =AE37+AG37+AI37+AK37+AM37+AO37+AQ37+AS37 -> 0 | AV37: =SUM(AT37:AU37) -> 0 | AW37: 0 | AX37: 0 | AY37: 0 | AZ37: 0 | BA37: 0 | BB37: 0 | BC37: 0 | BD37: 0 | BE37: 0 | BF37: 0 | BG37: 0 | BH37: 0 | BI37: 0 | BJ37: 0 | BK37: 0 | BL37: 0 | BM37: =AW37+AY37+BA37+BC37+BE37+BG37+BI37+BK37 -> 0 | BN37: =AX37+AZ37+BB37+BD37+BF37+BH37+BJ37+BL37 -> 0 | BO37: =SUM(BM37:BN37) -> 0 | BP37: 0 | BQ37: 0 | BR37: 1 | BS37: 0 | BT37: 0 | BU37: 0 | BV37: 0 | BW37: 0 | BX37: 2 | BY37: 0 | BZ37: 1 | CA37: 0 | CB37: 0 | CC37: 0 | CD37: 0 | CE37: 0 | CF37: =BP37+BR37+BT37+BV37+BX37+BZ37+CB37+CD37 -> 4 | CG37: =BQ37+BS37+BU37+BW37+BY37+CA37+CC37+CE37 -> 0 | CH37: =SUM(CF37:CG37) -> 4 | CI37: 0 | CJ37: 0 | CK37: 0 | CL37: 0 | CM37: 0 | CN37: 0 | CO37: 0 | CP37: 0 | CQ37: 0 | CR37: 0 | CS37: 0 | CT37: 0 | CU37: 0 | CV37: 0 | CW37: 0 | CX37: 0 | CY37: =CI37+CK37+CM37+CO37+CQ37+CS37+CU37+CW37 -> 0 | CZ37: =CJ37+CL37+CN37+CP37+CR37+CT37+CV37+CX37 -> 0 | DA37: =SUM(CY37:CZ37) -> 0 | DB37: 0 | DC37: 0 | DD37: 0 | DE37: 0 | DF37: 0 | DG37: 0 | DH37: 0 | DI37: 0 | DJ37: 0 | DK37: 0 | DL37: 0 | DM37: 0 | DN37: 0 | DO37: 0 | DP37: 0 | DQ37: 0 | DR37: =DB37+DD37+DF37+DH37+DJ37+DL37+DN37+DP37 -> 0 | DS37: =DC37+DE37+DG37+DI37+DK37+DM37+DO37+DQ37 -> 0 | DT37: =SUM(DR37:DS37) -> 0 | DU37: 0 | DV37: 0 | DW37: 0 | DX37: 0 | DY37: 0 | DZ37: 0 | EA37: 0 | EB37: 0 | EC37: 0 | ED37: 0 | EE37: 0 | EF37: 0 | EG37: 0 | EH37: 0 | EI37: 0 | EJ37: 0 | EK37: =DU37+DW37+DY37+EA37+EC37+EE37+EG37+EI37 -> 0 | EL37: =DV37+DX37+DZ37+EB37+ED37+EF37+EH37+EJ37 -> 0 | EM37: =SUM(EK37:EL37) -> 0 | EN37: 0 | EO37: 0 | EP37: 0 | EQ37: 0 | ER37: 0 | ES37: 0 | ET37: 0 | EU37: 0 | EV37: 0 | EW37: 0 | EX37: 0 | EY37: 0 | EZ37: 0 | FA37: 0 | FB37: 0 | FC37: 0 | FD37: =EN37+EP37+ER37+ET37+EV37+EX37+EZ37+FB37 -> 0 | FE37: =EO37+EQ37+ES37+EU37+EW37+EY37+FA37+FC37 -> 0 | FF37: =SUM(FD37:FE37) -> 0 | FG37: 0 | FH37: 0 | FI37: 1 | FJ37: 1 | FK37: 0 | FL37: 0 | FM37: 0 | FN37: 0 | FO37: 0 | FP37: 0 | FQ37: 0 | FR37: 0 | FS37: 0 | FT37: 0 | FU37: 0 | FV37: 0 | FW37: =FG37+FI37+FK37+FM37+FO37+FQ37+FS37+FU37 -> 1 | FX37: =FH37+FJ37+FL37+FN37+FP37+FR37+FT37+FV37 -> 1 | FY37: =SUM(FW37:FX37) -> 2 | FZ37: 0 | GA37: 0 | GB37: 0 | GC37: 0 | GD37: 0 | GE37: 0 | GF37: 0 | GG37: 0 | GH37: 0 | GI37: 0 | GJ37: 0 | GK37: 0 | GL37: 0 | GM37: 0 | GN37: 0 | GO37: 0 | GP37: =FZ37+GB37+GD37+GF37+GH37+GJ37+GL37+GN37 -> 0 | GQ37: =GA37+GC37+GE37+GG37+GI37+GK37+GM37+GO37 -> 0 | GR37: =SUM(GP37:GQ37) -> 0 | GS37: 0 | GT37: 0 | GU37: 0 | GV37: 0 | GW37: 0 | GX37: 0 | GY37: 0 | GZ37: 0 | HA37: 0 | HB37: 0 | HC37: 0 | HD37: 0 | HE37: 0 | HF37: 0 | HG37: 0 | HH37: 0 | HI37: =GS37+GU37+GW37+GY37+HA37+HC37+HE37+HG37 -> 0 | HJ37: =GT37+GV37+GX37+GZ37+HB37+HD37+HF37+HH37 -> 0 | HK37: =SUM(HI37:HJ37) -> 0 | HL37: 0 | HM37: 0 | HN37: 0 | HO37: 0 | HP37: 0 | HQ37: 0 | HR37: 0 | HS37: 0 | HT37: 0 | HU37: 0 | HV37: 0 | HW37: 0 | HX37: 0 | HY37: 0 | HZ37: 0 | IA37: 0 | IB37: =HL37+HN37+HP37+HR37+HT37+HV37+HX37+HZ37 -> 0 | IC37: =HM37+HO37+HQ37+HS37+HU37+HW37+HY37+IA37 -> 0 | ID37: =SUM(IB37:IC37) -> 0 | IE37: 0 | IF37: 0 | IG37: 0 | IH37: 0 | II37: 0 | IJ37: 0 | IK37: 0 | IL37: 0 | IM37: 0 | IN37: 0 | IO37: 0 | IP37: 0 | IQ37: 0 | IR37: 0 | IS37: 0 | IT37: 0 | IU37: =IE37+IG37+II37+IK37+IM37+IO37+IQ37+IS37 -> 0 | IV37: =IF37+IH37+IJ37+IL37+IN37+IP37+IR37+IT37 -> 0 | IW37: =SUM(IU37:IV37) -> 0 | IX37: 0 | IY37: 0 | IZ37: 0 | JA37: 1 | JB37: 0 | JC37: 0 | JD37: 0 | JE37: 0 | JF37: 0 | JG37: 0 | JH37: 0 | JI37: 0 | JJ37: 0 | JK37: 0 | JL37: 0 | JM37: 0 | JN37: =IX37+IZ37+JB37+JD37+JF37+JH37+JJ37+JL37 -> 0 | JO37: =IY37+JA37+JC37+JE37+JG37+JI37+JK37+JM37 -> 1 | JP37: =SUM(JN37:JO37) -> 1 | JQ37: 0 | JR37: 0 | JS37: 0 | JT37: 0 | JU37: 0 | JV37: 0 | JW37: 0 | JX37: 0 | JY37: 0 | JZ37: 0 | KA37: 0 | KB37: 0 | KC37: 0 | KD37: 0 | KE37: 0 | KF37: 0 | KG37: =JQ37+JS37+JU37+JW37+JY37+KA37+KC37+KE37 -> 0 | KH37: =JR37+JT37+JV37+JX37+JZ37+KB37+KD37+KF37 -> 0 | KI37: =SUM(KG37:KH37) -> 0 | KJ37: 0 | KK37: 0 | KL37: 0 | KM37: 0 | KN37: 0 | KO37: 0 | KP37: 0 | KQ37: 0 | KR37: 0 | KS37: 0 | KT37: 0 | KU37: 0 | KV37: 0 | KW37: 0 | KX37: 0 | KY37: 0 | KZ37: =KJ37+KL37+KN37+KP37+KR37+KT37+KV37+KX37 -> 0 | LA37: =KK37+KM37+KO37+KQ37+KS37+KU37+KW37+KY37 -> 0 | LB37: =SUM(KZ37:LA37) -> 0 | LC37: 0 | LD37: 0 | LE37: 0 | LF37: 0 | LG37: 0 | LH37: 0 | LI37: 0 | LJ37: 0 | LK37: 0 | LL37: 0 | LM37: 0 | LN37: 0 | LO37: 0 | LP37: 0 | LQ37: 0 | LR37: 0 | LS37: =LC37+LE37+LG37+LI37+LK37+LM37+LO37+LQ37 -> 0 | LT37: =LD37+LF37+LH37+LJ37+LL37+LN37+LP37+LR37 -> 0 | LU37: =SUM(LS37:LT37) -> 0 | LV37: 0 | LW37: 0 | LX37: 0 | LY37: 0 | LZ37: 0 | MA37: 0 | MB37: 0 | MC37: 0 | MD37: 0 | ME37: 0 | MF37: 0 | MG37: 0 | MH37: 0 | MI37: 0 | MJ37: 0 | MK37: 0 | ML37: =LV37+LX37+LZ37+MB37+MD37+MF37+MH37+MJ37 -> 0 | MM37: =LW37+LY37+MA37+MC37+ME37+MG37+MI37+MK37 -> 0 | MN37: =SUM(ML37:MM37) -> 0 | MO37: =K37+AD37+AW37+BP37+CI37+DB37+DU37+EN37+FG37+FZ37+GS37+HL37+IE37+IX37+JQ37+KJ37+LC37+LV37 -> 0 | MP37: =L37+AE37+AX37+BQ37+CJ37+DC37+DV37+EO37+FH37+GA37+GT37+HM37+IF37+IY37+JR37+KK37+LD37+LW37 -> 0 | MQ37: =M37+AF37+AY37+BR37+CK37+DD37+DW37+EP37+FI37+GB37+GU37+HN37+IG37+IZ37+JS37+KL37+LE37+LX37 -> 2 | MR37: =N37+AG37+AZ37+BS37+CL37+DE37+DX37+EQ37+FJ37+GC37+GV37+HO37+IH37+JA37+JT37+KM37+LF37+LY37 -> 2 | MS37: =O37+AH37+BA37+BT37+CM37+DF37+DY37+ER37+FK37+GD37+GW37+HP37+II37+JB37+JU37+KN37+LG37+LZ37 -> 0 | MT37: =P37+AI37+BB37+BU37+CN37+DG37+DZ37+ES37+FL37+GE37+GX37+HQ37+IJ37+JC37+JV37+KO37+LH37+MA37 -> 0 | MU37: =Q37+AJ37+BC37+BV37+CO37+DH37+EA37+ET37+FM37+GF37+GY37+HR37+IK37+JD37+JW37+KP37+LI37+MB37 -> 0 | MV37: =R37+AK37+BD37+BW37+CP37+DI37+EB37+EU37+FN37+GG37+GZ37+HS37+IL37+JE37+JX37+KQ37+LJ37+MC37 -> 0 | ... NG37: =AC37+AV37+BO37+CH37+DA37+DT37+EM37+FF37+FY37+GR37+HK37+ID37+IW37+JP37+KI37+LB37+LU37+MN37 -> 7 | NI37: 0 | NJ37: 0 | NK37: 0 | NL37: 0 | NM37: 0 | NN37: 0 | NO37: 0 | NP37: 0 | NQ37: 0 | NR37: 0 | NS37: 0 | NT37: 0 | NU37: 0 | NV37: 0 | NW37: 0 | NX37: 0 | NY37: =NI37+NK37+NM37+NO37+NQ37+NS37+NU37+NW37 -> 0 | NZ37: =NJ37+NL37+NN37+NP37+NR37+NT37+NV37+NX37 -> 0 | OA37: =SUM(NY37:NZ37) -> 0
A38: Region XI | B38: Mati City | C38: DAVAO ORIENTAL | D38: CITY OF MATI (Capital) | E38: 129391 | F38: Buso ES | G38: DepED Managed | H38: Public | I38: Kinder & Grade 1-6 | J38: School with no Annexes | K38: 0 | L38: 0 | M38: 0 | N38: 0 | O38: 0 | P38: 0 | Q38: 0 | R38: 0 | S38: 0 | T38: 0 | U38: 0 | V38: 0 | W38: 0 | X38: 0 | Y38: 0 | Z38: 0 | AA38: =K38+M38+O38+Q38+S38+U38+W38+Y38 -> 0 | AB38: =L38+N38+P38+R38+T38+V38+X38+Z38 -> 0 | AC38: =SUM(AA38:AB38) -> 0 | AD38: 0 | AE38: 0 | AF38: 0 | AG38: 0 | AH38: 0 | AI38: 0 | AJ38: 0 | AK38: 0 | AL38: 0 | AM38: 0 | AN38: 0 | AO38: 0 | AP38: 0 | AQ38: 0 | AR38: 0 | AS38: 0 | AT38: =AD38+AF38+AH38+AJ38+AL38+AN38+AP38+AR38 -> 0 | AU38: =AE38+AG38+AI38+AK38+AM38+AO38+AQ38+AS38 -> 0 | AV38: =SUM(AT38:AU38) -> 0 | AW38: 0 | AX38: 0 | AY38: 0 | AZ38: 0 | BA38: 0 | BB38: 0 | BC38: 0 | BD38: 0 | BE38: 0 | BF38: 0 | BG38: 0 | BH38: 0 | BI38: 0 | BJ38: 0 | BK38: 0 | BL38: 0 | BM38: =AW38+AY38+BA38+BC38+BE38+BG38+BI38+BK38 -> 0 | BN38: =AX38+AZ38+BB38+BD38+BF38+BH38+BJ38+BL38 -> 0 | BO38: =SUM(BM38:BN38) -> 0 | BP38: 0 | BQ38: 0 | BR38: 0 | BS38: 0 | BT38: 0 | BU38: 0 | BV38: 0 | BW38: 0 | BX38: 0 | BY38: 0 | BZ38: 0 | CA38: 0 | CB38: 0 | CC38: 0 | CD38: 0 | CE38: 0 | CF38: =BP38+BR38+BT38+BV38+BX38+BZ38+CB38+CD38 -> 0 | CG38: =BQ38+BS38+BU38+BW38+BY38+CA38+CC38+CE38 -> 0 | CH38: =SUM(CF38:CG38) -> 0 | CI38: 0 | CJ38: 0 | CK38: 0 | CL38: 0 | CM38: 0 | CN38: 0 | CO38: 0 | CP38: 0 | CQ38: 0 | CR38: 0 | CS38: 0 | CT38: 0 | CU38: 0 | CV38: 0 | CW38: 0 | CX38: 0 | CY38: =CI38+CK38+CM38+CO38+CQ38+CS38+CU38+CW38 -> 0 | CZ38: =CJ38+CL38+CN38+CP38+CR38+CT38+CV38+CX38 -> 0 | DA38: =SUM(CY38:CZ38) -> 0 | DB38: 0 | DC38: 0 | DD38: 0 | DE38: 0 | DF38: 0 | DG38: 0 | DH38: 0 | DI38: 0 | DJ38: 0 | DK38: 0 | DL38: 0 | DM38: 0 | DN38: 0 | DO38: 0 | DP38: 0 | DQ38: 0 | DR38: =DB38+DD38+DF38+DH38+DJ38+DL38+DN38+DP38 -> 0 | DS38: =DC38+DE38+DG38+DI38+DK38+DM38+DO38+DQ38 -> 0 | DT38: =SUM(DR38:DS38) -> 0 | DU38: 0 | DV38: 0 | DW38: 0 | DX38: 0 | DY38: 0 | DZ38: 0 | EA38: 0 | EB38: 0 | EC38: 0 | ED38: 0 | EE38: 0 | EF38: 0 | EG38: 0 | EH38: 0 | EI38: 0 | EJ38: 0 | EK38: =DU38+DW38+DY38+EA38+EC38+EE38+EG38+EI38 -> 0 | EL38: =DV38+DX38+DZ38+EB38+ED38+EF38+EH38+EJ38 -> 0 | EM38: =SUM(EK38:EL38) -> 0 | EN38: 0 | EO38: 0 | EP38: 0 | EQ38: 0 | ER38: 0 | ES38: 0 | ET38: 0 | EU38: 0 | EV38: 0 | EW38: 0 | EX38: 0 | EY38: 0 | EZ38: 0 | FA38: 0 | FB38: 0 | FC38: 0 | FD38: =EN38+EP38+ER38+ET38+EV38+EX38+EZ38+FB38 -> 0 | FE38: =EO38+EQ38+ES38+EU38+EW38+EY38+FA38+FC38 -> 0 | FF38: =SUM(FD38:FE38) -> 0 | FG38: 0 | FH38: 0 | FI38: 0 | FJ38: 0 | FK38: 0 | FL38: 0 | FM38: 0 | FN38: 0 | FO38: 0 | FP38: 0 | FQ38: 0 | FR38: 0 | FS38: 0 | FT38: 0 | FU38: 0 | FV38: 0 | FW38: =FG38+FI38+FK38+FM38+FO38+FQ38+FS38+FU38 -> 0 | FX38: =FH38+FJ38+FL38+FN38+FP38+FR38+FT38+FV38 -> 0 | FY38: =SUM(FW38:FX38) -> 0 | FZ38: 0 | GA38: 0 | GB38: 0 | GC38: 0 | GD38: 0 | GE38: 0 | GF38: 0 | GG38: 0 | GH38: 0 | GI38: 0 | GJ38: 0 | GK38: 0 | GL38: 0 | GM38: 0 | GN38: 0 | GO38: 0 | GP38: =FZ38+GB38+GD38+GF38+GH38+GJ38+GL38+GN38 -> 0 | GQ38: =GA38+GC38+GE38+GG38+GI38+GK38+GM38+GO38 -> 0 | GR38: =SUM(GP38:GQ38) -> 0 | GS38: 0 | GT38: 0 | GU38: 0 | GV38: 0 | GW38: 0 | GX38: 0 | GY38: 0 | GZ38: 0 | HA38: 0 | HB38: 0 | HC38: 0 | HD38: 0 | HE38: 0 | HF38: 0 | HG38: 0 | HH38: 0 | HI38: =GS38+GU38+GW38+GY38+HA38+HC38+HE38+HG38 -> 0 | HJ38: =GT38+GV38+GX38+GZ38+HB38+HD38+HF38+HH38 -> 0 | HK38: =SUM(HI38:HJ38) -> 0 | HL38: 0 | HM38: 0 | HN38: 0 | HO38: 0 | HP38: 0 | HQ38: 0 | HR38: 0 | HS38: 0 | HT38: 0 | HU38: 0 | HV38: 0 | HW38: 0 | HX38: 0 | HY38: 0 | HZ38: 0 | IA38: 0 | IB38: =HL38+HN38+HP38+HR38+HT38+HV38+HX38+HZ38 -> 0 | IC38: =HM38+HO38+HQ38+HS38+HU38+HW38+HY38+IA38 -> 0 | ID38: =SUM(IB38:IC38) -> 0 | IE38: 0 | IF38: 0 | IG38: 0 | IH38: 0 | II38: 0 | IJ38: 0 | IK38: 0 | IL38: 0 | IM38: 0 | IN38: 0 | IO38: 0 | IP38: 0 | IQ38: 0 | IR38: 0 | IS38: 0 | IT38: 0 | IU38: =IE38+IG38+II38+IK38+IM38+IO38+IQ38+IS38 -> 0 | IV38: =IF38+IH38+IJ38+IL38+IN38+IP38+IR38+IT38 -> 0 | IW38: =SUM(IU38:IV38) -> 0 | IX38: 0 | IY38: 0 | IZ38: 0 | JA38: 0 | JB38: 0 | JC38: 0 | JD38: 0 | JE38: 0 | JF38: 0 | JG38: 0 | JH38: 0 | JI38: 0 | JJ38: 0 | JK38: 0 | JL38: 0 | JM38: 0 | JN38: =IX38+IZ38+JB38+JD38+JF38+JH38+JJ38+JL38 -> 0 | JO38: =IY38+JA38+JC38+JE38+JG38+JI38+JK38+JM38 -> 0 | JP38: =SUM(JN38:JO38) -> 0 | JQ38: 0 | JR38: 0 | JS38: 0 | JT38: 0 | JU38: 0 | JV38: 0 | JW38: 0 | JX38: 0 | JY38: 0 | JZ38: 0 | KA38: 0 | KB38: 0 | KC38: 0 | KD38: 0 | KE38: 0 | KF38: 0 | KG38: =JQ38+JS38+JU38+JW38+JY38+KA38+KC38+KE38 -> 0 | KH38: =JR38+JT38+JV38+JX38+JZ38+KB38+KD38+KF38 -> 0 | KI38: =SUM(KG38:KH38) -> 0 | KJ38: 0 | KK38: 0 | KL38: 0 | KM38: 0 | KN38: 0 | KO38: 0 | KP38: 0 | KQ38: 0 | KR38: 0 | KS38: 0 | KT38: 0 | KU38: 0 | KV38: 0 | KW38: 0 | KX38: 0 | KY38: 0 | KZ38: =KJ38+KL38+KN38+KP38+KR38+KT38+KV38+KX38 -> 0 | LA38: =KK38+KM38+KO38+KQ38+KS38+KU38+KW38+KY38 -> 0 | LB38: =SUM(KZ38:LA38) -> 0 | LC38: 0 | LD38: 0 | LE38: 0 | LF38: 0 | LG38: 0 | LH38: 0 | LI38: 0 | LJ38: 0 | LK38: 0 | LL38: 0 | LM38: 0 | LN38: 0 | LO38: 0 | LP38: 0 | LQ38: 0 | LR38: 0 | LS38: =LC38+LE38+LG38+LI38+LK38+LM38+LO38+LQ38 -> 0 | LT38: =LD38+LF38+LH38+LJ38+LL38+LN38+LP38+LR38 -> 0 | LU38: =SUM(LS38:LT38) -> 0 | LV38: 0 | LW38: 0 | LX38: 0 | LY38: 0 | LZ38: 0 | MA38: 0 | MB38: 0 | MC38: 0 | MD38: 0 | ME38: 0 | MF38: 0 | MG38: 0 | MH38: 0 | MI38: 0 | MJ38: 0 | MK38: 0 | ML38: =LV38+LX38+LZ38+MB38+MD38+MF38+MH38+MJ38 -> 0 | MM38: =LW38+LY38+MA38+MC38+ME38+MG38+MI38+MK38 -> 0 | MN38: =SUM(ML38:MM38) -> 0 | MO38: =K38+AD38+AW38+BP38+CI38+DB38+DU38+EN38+FG38+FZ38+GS38+HL38+IE38+IX38+JQ38+KJ38+LC38+LV38 -> 0 | MP38: =L38+AE38+AX38+BQ38+CJ38+DC38+DV38+EO38+FH38+GA38+GT38+HM38+IF38+IY38+JR38+KK38+LD38+LW38 -> 0 | MQ38: =M38+AF38+AY38+BR38+CK38+DD38+DW38+EP38+FI38+GB38+GU38+HN38+IG38+IZ38+JS38+KL38+LE38+LX38 -> 0 | MR38: =N38+AG38+AZ38+BS38+CL38+DE38+DX38+EQ38+FJ38+GC38+GV38+HO38+IH38+JA38+JT38+KM38+LF38+LY38 -> 0 | MS38: =O38+AH38+BA38+BT38+CM38+DF38+DY38+ER38+FK38+GD38+GW38+HP38+II38+JB38+JU38+KN38+LG38+LZ38 -> 0 | MT38: =P38+AI38+BB38+BU38+CN38+DG38+DZ38+ES38+FL38+GE38+GX38+HQ38+IJ38+JC38+JV38+KO38+LH38+MA38 -> 0 | MU38: =Q38+AJ38+BC38+BV38+CO38+DH38+EA38+ET38+FM38+GF38+GY38+HR38+IK38+JD38+JW38+KP38+LI38+MB38 -> 0 | MV38: =R38+AK38+BD38+BW38+CP38+DI38+EB38+EU38+FN38+GG38+GZ38+HS38+IL38+JE38+JX38+KQ38+LJ38+MC38 -> 0 | ... NG38: =AC38+AV38+BO38+CH38+DA38+DT38+EM38+FF38+FY38+GR38+HK38+ID38+IW38+JP38+KI38+LB38+LU38+MN38 -> 0 | NI38: 0 | NJ38: 0 | NK38: 0 | NL38: 0 | NM38: 0 | NN38: 0 | NO38: 0 | NP38: 0 | NQ38: 0 | NR38: 0 | NS38: 0 | NT38: 0 | NU38: 0 | NV38: 0 | NW38: 0 | NX38: 0 | NY38: =NI38+NK38+NM38+NO38+NQ38+NS38+NU38+NW38 -> 0 | NZ38: =NJ38+NL38+NN38+NP38+NR38+NT38+NV38+NX38 -> 0 | OA38: =SUM(NY38:NZ38) -> 0
A39: Region XI | B39: Mati City | C39: DAVAO ORIENTAL | D39: CITY OF MATI (Capital) | E39: 129392 | F39: Cabubuanan Elementary School | G39: DepED Managed | H39: Public | I39: Kinder & Grade 1-6 | J39: School with no Annexes | K39: 0 | L39: 0 | M39: 0 | N39: 0 | O39: 0 | P39: 0 | Q39: 0 | R39: 0 | S39: 0 | T39: 0 | U39: 0 | V39: 0 | W39: 0 | X39: 0 | Y39: 0 | Z39: 0 | AA39: =K39+M39+O39+Q39+S39+U39+W39+Y39 -> 0 | AB39: =L39+N39+P39+R39+T39+V39+X39+Z39 -> 0 | AC39: =SUM(AA39:AB39) -> 0 | AD39: 0 | AE39: 0 | AF39: 0 | AG39: 0 | AH39: 0 | AI39: 0 | AJ39: 0 | AK39: 0 | AL39: 0 | AM39: 0 | AN39: 0 | AO39: 0 | AP39: 0 | AQ39: 0 | AR39: 0 | AS39: 0 | AT39: =AD39+AF39+AH39+AJ39+AL39+AN39+AP39+AR39 -> 0 | AU39: =AE39+AG39+AI39+AK39+AM39+AO39+AQ39+AS39 -> 0 | AV39: =SUM(AT39:AU39) -> 0 | AW39: 0 | AX39: 0 | AY39: 0 | AZ39: 0 | BA39: 0 | BB39: 0 | BC39: 0 | BD39: 1 | BE39: 0 | BF39: 0 | BG39: 0 | BH39: 0 | BI39: 0 | BJ39: 0 | BK39: 0 | BL39: 0 | BM39: =AW39+AY39+BA39+BC39+BE39+BG39+BI39+BK39 -> 0 | BN39: =AX39+AZ39+BB39+BD39+BF39+BH39+BJ39+BL39 -> 1 | BO39: =SUM(BM39:BN39) -> 1 | BP39: 0 | BQ39: 0 | BR39: 0 | BS39: 0 | BT39: 0 | BU39: 0 | BV39: 0 | BW39: 0 | BX39: 0 | BY39: 1 | BZ39: 1 | CA39: 0 | CB39: 0 | CC39: 0 | CD39: 0 | CE39: 0 | CF39: =BP39+BR39+BT39+BV39+BX39+BZ39+CB39+CD39 -> 1 | CG39: =BQ39+BS39+BU39+BW39+BY39+CA39+CC39+CE39 -> 1 | CH39: =SUM(CF39:CG39) -> 2 | CI39: 0 | CJ39: 0 | CK39: 0 | CL39: 0 | CM39: 0 | CN39: 0 | CO39: 0 | CP39: 0 | CQ39: 0 | CR39: 0 | CS39: 0 | CT39: 0 | CU39: 0 | CV39: 0 | CW39: 0 | CX39: 0 | CY39: =CI39+CK39+CM39+CO39+CQ39+CS39+CU39+CW39 -> 0 | CZ39: =CJ39+CL39+CN39+CP39+CR39+CT39+CV39+CX39 -> 0 | DA39: =SUM(CY39:CZ39) -> 0 | DB39: 0 | DC39: 0 | DD39: 0 | DE39: 0 | DF39: 0 | DG39: 0 | DH39: 0 | DI39: 0 | DJ39: 0 | DK39: 0 | DL39: 0 | DM39: 0 | DN39: 0 | DO39: 0 | DP39: 0 | DQ39: 0 | DR39: =DB39+DD39+DF39+DH39+DJ39+DL39+DN39+DP39 -> 0 | DS39: =DC39+DE39+DG39+DI39+DK39+DM39+DO39+DQ39 -> 0 | DT39: =SUM(DR39:DS39) -> 0 | DU39: 0 | DV39: 0 | DW39: 0 | DX39: 0 | DY39: 0 | DZ39: 0 | EA39: 0 | EB39: 0 | EC39: 0 | ED39: 0 | EE39: 0 | EF39: 0 | EG39: 0 | EH39: 0 | EI39: 0 | EJ39: 0 | EK39: =DU39+DW39+DY39+EA39+EC39+EE39+EG39+EI39 -> 0 | EL39: =DV39+DX39+DZ39+EB39+ED39+EF39+EH39+EJ39 -> 0 | EM39: =SUM(EK39:EL39) -> 0 | EN39: 0 | EO39: 0 | EP39: 0 | EQ39: 0 | ER39: 0 | ES39: 0 | ET39: 0 | EU39: 0 | EV39: 0 | EW39: 0 | EX39: 0 | EY39: 0 | EZ39: 0 | FA39: 0 | FB39: 0 | FC39: 0 | FD39: =EN39+EP39+ER39+ET39+EV39+EX39+EZ39+FB39 -> 0 | FE39: =EO39+EQ39+ES39+EU39+EW39+EY39+FA39+FC39 -> 0 | FF39: =SUM(FD39:FE39) -> 0 | FG39: 1 | FH39: 1 | FI39: 1 | FJ39: 0 | FK39: 0 | FL39: 0 | FM39: 0 | FN39: 0 | FO39: 0 | FP39: 0 | FQ39: 0 | FR39: 0 | FS39: 0 | FT39: 0 | FU39: 0 | FV39: 0 | FW39: =FG39+FI39+FK39+FM39+FO39+FQ39+FS39+FU39 -> 2 | FX39: =FH39+FJ39+FL39+FN39+FP39+FR39+FT39+FV39 -> 1 | FY39: =SUM(FW39:FX39) -> 3 | FZ39: 0 | GA39: 0 | GB39: 0 | GC39: 0 | GD39: 0 | GE39: 0 | GF39: 0 | GG39: 0 | GH39: 0 | GI39: 0 | GJ39: 0 | GK39: 0 | GL39: 0 | GM39: 0 | GN39: 0 | GO39: 0 | GP39: =FZ39+GB39+GD39+GF39+GH39+GJ39+GL39+GN39 -> 0 | GQ39: =GA39+GC39+GE39+GG39+GI39+GK39+GM39+GO39 -> 0 | GR39: =SUM(GP39:GQ39) -> 0 | GS39: 0 | GT39: 0 | GU39: 0 | GV39: 0 | GW39: 0 | GX39: 0 | GY39: 0 | GZ39: 0 | HA39: 0 | HB39: 0 | HC39: 0 | HD39: 0 | HE39: 0 | HF39: 0 | HG39: 0 | HH39: 0 | HI39: =GS39+GU39+GW39+GY39+HA39+HC39+HE39+HG39 -> 0 | HJ39: =GT39+GV39+GX39+GZ39+HB39+HD39+HF39+HH39 -> 0 | HK39: =SUM(HI39:HJ39) -> 0 | HL39: 0 | HM39: 0 | HN39: 0 | HO39: 0 | HP39: 0 | HQ39: 0 | HR39: 0 | HS39: 0 | HT39: 0 | HU39: 0 | HV39: 0 | HW39: 0 | HX39: 0 | HY39: 0 | HZ39: 0 | IA39: 0 | IB39: =HL39+HN39+HP39+HR39+HT39+HV39+HX39+HZ39 -> 0 | IC39: =HM39+HO39+HQ39+HS39+HU39+HW39+HY39+IA39 -> 0 | ID39: =SUM(IB39:IC39) -> 0 | IE39: 0 | IF39: 0 | IG39: 0 | IH39: 0 | II39: 0 | IJ39: 0 | IK39: 0 | IL39: 0 | IM39: 0 | IN39: 0 | IO39: 0 | IP39: 0 | IQ39: 0 | IR39: 0 | IS39: 0 | IT39: 0 | IU39: =IE39+IG39+II39+IK39+IM39+IO39+IQ39+IS39 -> 0 | IV39: =IF39+IH39+IJ39+IL39+IN39+IP39+IR39+IT39 -> 0 | IW39: =SUM(IU39:IV39) -> 0 | IX39: 0 | IY39: 0 | IZ39: 0 | JA39: 0 | JB39: 0 | JC39: 0 | JD39: 1 | JE39: 0 | JF39: 0 | JG39: 0 | JH39: 0 | JI39: 0 | JJ39: 0 | JK39: 0 | JL39: 0 | JM39: 0 | JN39: =IX39+IZ39+JB39+JD39+JF39+JH39+JJ39+JL39 -> 1 | JO39: =IY39+JA39+JC39+JE39+JG39+JI39+JK39+JM39 -> 0 | JP39: =SUM(JN39:JO39) -> 1 | JQ39: 0 | JR39: 0 | JS39: 0 | JT39: 0 | JU39: 0 | JV39: 0 | JW39: 0 | JX39: 0 | JY39: 0 | JZ39: 0 | KA39: 0 | KB39: 0 | KC39: 0 | KD39: 0 | KE39: 0 | KF39: 0 | KG39: =JQ39+JS39+JU39+JW39+JY39+KA39+KC39+KE39 -> 0 | KH39: =JR39+JT39+JV39+JX39+JZ39+KB39+KD39+KF39 -> 0 | KI39: =SUM(KG39:KH39) -> 0 | KJ39: 0 | KK39: 0 | KL39: 0 | KM39: 0 | KN39: 0 | KO39: 0 | KP39: 0 | KQ39: 0 | KR39: 0 | KS39: 0 | KT39: 0 | KU39: 0 | KV39: 0 | KW39: 0 | KX39: 0 | KY39: 0 | KZ39: =KJ39+KL39+KN39+KP39+KR39+KT39+KV39+KX39 -> 0 | LA39: =KK39+KM39+KO39+KQ39+KS39+KU39+KW39+KY39 -> 0 | LB39: =SUM(KZ39:LA39) -> 0 | LC39: 0 | LD39: 0 | LE39: 0 | LF39: 0 | LG39: 0 | LH39: 0 | LI39: 0 | LJ39: 0 | LK39: 0 | LL39: 0 | LM39: 0 | LN39: 0 | LO39: 0 | LP39: 0 | LQ39: 0 | LR39: 0 | LS39: =LC39+LE39+LG39+LI39+LK39+LM39+LO39+LQ39 -> 0 | LT39: =LD39+LF39+LH39+LJ39+LL39+LN39+LP39+LR39 -> 0 | LU39: =SUM(LS39:LT39) -> 0 | LV39: 0 | LW39: 0 | LX39: 0 | LY39: 0 | LZ39: 0 | MA39: 0 | MB39: 0 | MC39: 0 | MD39: 0 | ME39: 0 | MF39: 0 | MG39: 0 | MH39: 0 | MI39: 0 | MJ39: 0 | MK39: 0 | ML39: =LV39+LX39+LZ39+MB39+MD39+MF39+MH39+MJ39 -> 0 | MM39: =LW39+LY39+MA39+MC39+ME39+MG39+MI39+MK39 -> 0 | MN39: =SUM(ML39:MM39) -> 0 | MO39: =K39+AD39+AW39+BP39+CI39+DB39+DU39+EN39+FG39+FZ39+GS39+HL39+IE39+IX39+JQ39+KJ39+LC39+LV39 -> 1 | MP39: =L39+AE39+AX39+BQ39+CJ39+DC39+DV39+EO39+FH39+GA39+GT39+HM39+IF39+IY39+JR39+KK39+LD39+LW39 -> 1 | MQ39: =M39+AF39+AY39+BR39+CK39+DD39+DW39+EP39+FI39+GB39+GU39+HN39+IG39+IZ39+JS39+KL39+LE39+LX39 -> 1 | MR39: =N39+AG39+AZ39+BS39+CL39+DE39+DX39+EQ39+FJ39+GC39+GV39+HO39+IH39+JA39+JT39+KM39+LF39+LY39 -> 0 | MS39: =O39+AH39+BA39+BT39+CM39+DF39+DY39+ER39+FK39+GD39+GW39+HP39+II39+JB39+JU39+KN39+LG39+LZ39 -> 0 | MT39: =P39+AI39+BB39+BU39+CN39+DG39+DZ39+ES39+FL39+GE39+GX39+HQ39+IJ39+JC39+JV39+KO39+LH39+MA39 -> 0 | MU39: =Q39+AJ39+BC39+BV39+CO39+DH39+EA39+ET39+FM39+GF39+GY39+HR39+IK39+JD39+JW39+KP39+LI39+MB39 -> 1 | MV39: =R39+AK39+BD39+BW39+CP39+DI39+EB39+EU39+FN39+GG39+GZ39+HS39+IL39+JE39+JX39+KQ39+LJ39+MC39 -> 1 | ... NG39: =AC39+AV39+BO39+CH39+DA39+DT39+EM39+FF39+FY39+GR39+HK39+ID39+IW39+JP39+KI39+LB39+LU39+MN39 -> 7 | NI39: 0 | NJ39: 0 | NK39: 0 | NL39: 0 | NM39: 0 | NN39: 0 | NO39: 0 | NP39: 0 | NQ39: 0 | NR39: 0 | NS39: 0 | NT39: 0 | NU39: 0 | NV39: 0 | NW39: 0 | NX39: 0 | NY39: =NI39+NK39+NM39+NO39+NQ39+NS39+NU39+NW39 -> 0 | NZ39: =NJ39+NL39+NN39+NP39+NR39+NT39+NV39+NX39 -> 0 | OA39: =SUM(NY39:NZ39) -> 0
