Workbook
Name __xlnm.Print_Area_4: #REF!
Name AgeProfileWorks: #REF!
Name AgeProfileWorks: #REF!
Name AgeProfileWorks: #REF!
Name AgeProfileWorks: #REF!
Name AgeProfileWorks: #REF!
Name AgeProfileWorks: #REF!
Name AgeProfileWorks: #REF!
Name AgeProfileWorks: #REF!
Name AgeProfileWorks: #REF!
Name cmd_shifting: #REF!
Name cmd_shifting: #REF!
Name cmd_shifting: #REF!
Name cmd_shifting: #REF!
Name cmd_shifting: #REF!
Name cmd_shifting: #REF!
Name cmd_shifting: #REF!
Name cmd_shifting: #REF!
Name cmd_shifting: #REF!
Name PRINT_AREA_MI: #REF!
Name PRINT_AREA_MI: #REF!
Name PRINT_AREA_MI: #REF!
Name PRINT_AREA_MI: #REF!
Name PRINT_AREA_MI: #REF!
Name PRINT_AREA_MI: #REF!
Name PRINT_AREA_MI: #REF!
Name PRINT_AREA_MI: #REF!
Name PRINT_AREA_MI: #REF!
Name PRINT_AREA_MI: #REF!
Name PRINT_AREA_MI: #REF!
Name PRINT_AREA_MI: #REF!
Name PRINT_AREA_MI: #REF!
Name PRINT_AREA_MI: #REF!
Name PRINT_AREA_MI: #REF!
Name PRINT_AREA_MI: #REF!
Name PRINT_AREA_MI: #REF!
Name PRINT_AREA_MI: #REF!
Name PRINT_AREA_MI: #REF!
Name PRINT_AREA_MI: #REF!
Name PRINT_AREA_MI: #REF!
Name PRINT_AREA_MI: #REF!
Name PRINT_AREA_MI: #REF!
Name PRINT_AREA_MI: #REF!
Name PRINT_AREA_MI: #REF!

Sheet GER-NER KINDER
A1: DEPARTMENT OF EDUCATION
A2: GROSS AND NET ENROLMENT RATE IN KINDERGARTEN
A3: (Based on Learners' School Address)
A4: SY 2023-2024
A6: Region/Division | C6: Total Enrollment (All Ages) | F6: Total Enrollment (Age 5) | I6: Population | J6: Gross Enrollment Rate (GER) | M6: Net Enrollment Rate (NER) | P6: Gender Parity Index (GER) | S6: Gender Parity Index (NER)
C7: Total | D7: Public | E7: Private | F7: Total | G7: Public | H7: Private | I7: (Age 5) | J7: Both | K7: Public | L7: Private | M7: Both | N7: Public | O7: Private | P7: Both | Q7: Public | R7: Private | S7: Both | T7: Public | U7: Private
A8: REGION XI - DAVAO REGION
A10: Davao City | B10: Total (MF) | C10: 34825 | D10: 30107 | E10: 4718 | F10: 27566 | G10: 23527 | H10: 4039 | I10: 35303 | J10: 0.98646007 | K10: 0.85281704 | L10: 0.13364303 | M10: 0.78084016 | N10: 0.66643061 | O10: 0.11440954 | P10: 1.0079003 | Q10: 1.0116282 | R10: 0.98442319 | S10: 1.0850407 | T10: 1.0946974 | U10: 1.0304637
B11: Male (M) | C11: 17894 | D11: 15442 | E11: 2452 | F11: 13656 | G11: 11603 | H11: 2053 | I11: 18209 | J11: 0.98270086 | K11: 0.84804218 | L11: 0.13465869 | M11: 0.74995881 | N11: 0.63721237 | O11: 0.11274644
B12: Female (F) | C12: 16931 | D12: 14665 | E12: 2266 | F12: 13910 | G12: 11924 | H12: 1986 | I12: 17094 | J12: 0.99046449 | K12: 0.85790336 | L12: 0.13256113 | M12: 0.81373581 | N12: 0.6975547 | O12: 0.11618112
A13: Davao de Oro (Compostela Valley) | B13: Total (MF) | C13: 14722 | D13: 14025 | E13: 697 | F13: 12701 | G13: 12053 | H13: 648 | I13: 16531 | J13: 0.89056923 | K13: 0.84840603 | L13: 0.042163209 | M13: 0.76831408 | N13: 0.729115 | O13: 0.039199081 | P13: 1.0005279 | Q13: 1.0004281 | R13: 1.0025374 | S13: 1.0495843 | T13: 1.0513804 | U13: 1.0167137
B14: Male (M) | C14: 7738 | D14: 7372 | E14: 366 | F14: 6524 | G14: 6186 | H14: 338 | I14: 8691 | J14: 0.89034634 | K14: 0.84823381 | L14: 0.04211253 | M14: 0.7506616 | N14: 0.7117708 | O14: 0.038890807
B15: Female (F) | C15: 6984 | D15: 6653 | E15: 331 | F15: 6177 | G15: 5867 | H15: 310 | I15: 7840 | J15: 0.89081633 | K15: 0.84859694 | L15: 0.042219388 | M15: 0.78788265 | N15: 0.74834184 | O15: 0.039540816
A16: Davao del Norte | B16: Total (MF) | C16: 10241 | D16: 9377 | E16: 864 | F16: 8692 | G16: 7901 | H16: 791 | I16: 10911 | J16: 0.93859408 | K16: 0.85940794 | L16: 0.079186142 | M16: 0.79662726 | N16: 0.72413161 | O16: 0.072495647 | P16: 1.0248842 | Q16: 1.0243004 | R16: 1.031241 | S16: 1.0667454 | T16: 1.0661801 | U16: 1.0724087
B17: Male (M) | C17: 5243 | D17: 4802 | E17: 441 | F17: 4363 | G17: 3967 | H17: 396 | I17: 5653 | J17: 0.92747214 | K17: 0.84946046 | L17: 0.078011675 | M17: 0.77180258 | N17: 0.70175128 | O17: 0.0700513
B18: Female (F) | C18: 4998 | D18: 4575 | E18: 423 | F18: 4329 | G18: 3934 | H18: 395 | I18: 5258 | J18: 0.95055154 | K18: 0.8701027 | L18: 0.08044884 | M18: 0.82331685 | N18: 0.74819323 | O18: 0.075123621
A19: Davao del Sur | B19: Total (MF) | C19: 9022 | D19: 8578 | E19: 444 | F19: 7609 | G19: 7217 | H19: 392 | I19: 10031 | J19: 0.89941182 | K19: 0.85514904 | L19: 0.044262785 | M19: 0.7585485 | N19: 0.71946964 | O19: 0.039078856 | P19: 0.98870803 | Q19: 0.99144266 | R19: 0.93725572 | S19: 1.0461943 | T19: 1.0488806 | U19: 0.99791952
B20: Male (M) | C20: 4716 | D20: 4478 | E20: 238 | F20: 3870 | G20: 3666 | H20: 204 | I20: 5215 | J20: 0.90431448 | K20: 0.85867689 | L20: 0.045637584 | M20: 0.74209012 | N20: 0.7029722 | O20: 0.039117929
B21: Female (F) | C21: 4306 | D21: 4100 | E21: 206 | F21: 3739 | G21: 3551 | H21: 188 | I21: 4816 | J21: 0.89410299 | K21: 0.8513289 | L21: 0.042774086 | M21: 0.77637043 | N21: 0.73733389 | O21: 0.039036545
A22: Davao Occidental | B22: Total (MF) | C22: 7020 | D22: 6864 | E22: 156 | F22: 4696 | G22: 4582 | H22: 114 | I22: 7546 | J22: 0.9302942 | K22: 0.90962099 | L22: 0.020673204 | M22: 0.62231646 | N22: 0.60720912 | O22: 0.015107342 | P22: 0.9918823 | Q22: 0.99658429 | R22: 0.8044975 | S22: 1.0482331 | T22: 1.0529972 | U22: 0.87319274
B23: Male (M) | C23: 3595 | D23: 3507 | E23: 88 | F23: 2340 | G23: 2278 | H23: 62 | I23: 3849 | J23: 0.93400883 | K23: 0.91114575 | L23: 0.022863081 | M23: 0.60795012 | N23: 0.59184204 | O23: 0.01610808
B24: Female (F) | C24: 3425 | D24: 3357 | E24: 68 | F24: 2356 | G24: 2304 | H24: 52 | I24: 3697 | J24: 0.92642683 | K24: 0.90803354 | L24: 0.018393292 | M24: 0.63727346 | N24: 0.62320801 | O24: 0.014065458
A25: Davao Oriental | B25: Total (MF) | C25: 8984 | D25: 8817 | E25: 167 | F25: 7486 | G25: 7337 | H25: 149 | I25: 9287 | J25: 0.96737375 | K25: 0.94939162 | L25: 0.017982126 | M25: 0.80607301 | N25: 0.79002907 | O25: 0.016043932 | P25: 0.98505259 | Q25: 0.97903287 | R25: 1.3627283 | S25: 1.043688 | T25: 1.0368719 | U25: 1.4446485
B26: Male (M) | C26: 4653 | D26: 4580 | E26: 73 | F26: 3769 | G26: 3706 | H26: 63 | I26: 4775 | J26: 0.97445026 | K26: 0.9591623 | L26: 0.015287958 | M26: 0.78931937 | N26: 0.77612565 | O26: 0.013193717
B27: Female (F) | C27: 4331 | D27: 4237 | E27: 94 | F27: 3717 | G27: 3631 | H27: 86 | I27: 4512 | J27: 0.95988475 | K27: 0.93905142 | L27: 0.020833333 | M27: 0.82380319 | N27: 0.80474291 | O27: 0.019060284
A28: Digos City | B28: Total (MF) | C28: 3987 | D28: 3424 | E28: 563 | F28: 3434 | G28: 2906 | H28: 528 | I28: 3711 | J28: 1.0743735 | K28: 0.92266236 | L28: 0.15171113 | M28: 0.92535705 | N28: 0.78307734 | O28: 0.14227971 | P28: 0.95534758 | Q28: 0.94629741 | R28: 1.0122028 | S28: 1.0235252 | T28: 1.0253726 | U28: 1.0134162
B29: Male (M) | C29: 2090 | D29: 1803 | E29: 287 | F29: 1741 | G29: 1472 | H29: 269 | I29: 1903 | J29: 1.0982659 | K29: 0.94745139 | L29: 0.1508145 | M29: 0.91487126 | N29: 0.7735155 | O29: 0.14135575
B30: Female (F) | C30: 1897 | D30: 1621 | E30: 276 | F30: 1693 | G30: 1434 | H30: 259 | I30: 1808 | J30: 1.0492257 | K30: 0.8965708 | L30: 0.15265487 | M30: 0.93639381 | N30: 0.79314159 | O30: 0.14325221
A31: Island Garden City of Samal | B31: Total (MF) | C31: 2273 | D31: 2158 | E31: 115 | F31: 1969 | G31: 1863 | H31: 106 | I31: 2394 | J31: 0.94945698 | K31: 0.90142022 | L31: 0.048036759 | M31: 0.82247285 | N31: 0.77819549 | O31: 0.04427736 | P31: 1.0162967 | Q31: 1.0045865 | R31: 1.2633149 | S31: 1.0854291 | T31: 1.0787718 | U31: 1.2095222
B32: Male (M) | C32: 1171 | D32: 1118 | E32: 53 | F32: 982 | G32: 932 | H32: 50 | I32: 1243 | J32: 0.94207562 | K32: 0.89943685 | L32: 0.042638777 | M32: 0.79002414 | N32: 0.74979887 | O32: 0.040225261
B33: Female (F) | C33: 1102 | D33: 1040 | E33: 62 | F33: 987 | G33: 931 | H33: 56 | I33: 1151 | J33: 0.95742832 | K33: 0.90356212 | L33: 0.053866203 | M33: 0.8575152 | N33: 0.80886186 | O33: 0.048653345
A34: Mati City | B34: Total (MF) | C34: 3400 | D34: 3112 | E34: 288 | F34: 2791 | G34: 2525 | H34: 266 | I34: 3198 | J34: 1.0631645 | K34: 0.97310819 | L34: 0.090056285 | M34: 0.87273296 | N34: 0.78955597 | O34: 0.083176986 | P34: 0.98818257 | Q34: 0.99584426 | R34: 0.90889641 | S34: 1.0599995 | T34: 1.077007 | U34: 0.9110947
B35: Male (M) | C35: 1759 | D35: 1604 | E35: 155 | F35: 1395 | G35: 1252 | H35: 143 | I35: 1645 | J35: 1.0693009 | K35: 0.97507599 | L35: 0.094224924 | M35: 0.84802432 | N35: 0.76109422 | O35: 0.086930091
B36: Female (F) | C36: 1641 | D36: 1508 | E36: 133 | F36: 1396 | G36: 1273 | H36: 123 | I36: 1553 | J36: 1.0566645 | K36: 0.97102382 | L36: 0.085640695 | M36: 0.89890534 | N36: 0.8197038 | O36: 0.079201545
A37: Panabo City | B37: Total (MF) | C37: 4161 | D37: 3661 | E37: 500 | F37: 3685 | G37: 3237 | H37: 448 | I37: 4358 | J37: 0.95479578 | K37: 0.84006425 | L37: 0.11473153 | M37: 0.84557136 | N37: 0.74277191 | O37: 0.10279945 | P37: 1.0053216 | Q37: 1.0310195 | R37: 0.83479819 | S37: 1.0618939 | T37: 1.0924273 | U37: 0.86460144
B38: Male (M) | C38: 2138 | D38: 1858 | E38: 280 | F38: 1843 | G38: 1596 | H38: 247 | I38: 2245 | J38: 0.95233853 | K38: 0.82761693 | L38: 0.1247216 | M38: 0.82093541 | N38: 0.71091314 | O38: 0.11002227
B39: Female (F) | C39: 2023 | D39: 1803 | E39: 220 | F39: 1842 | G39: 1641 | H39: 201 | I39: 2113 | J39: 0.95740653 | K39: 0.85328916 | L39: 0.10411737 | M39: 0.87174633 | N39: 0.77662092 | O39: 0.095125414
A40: Tagum City | B40: Total (MF) | C40: 5650 | D40: 4736 | E40: 914 | F40: 4931 | G40: 4100 | H40: 831 | I40: 5834 | J40: 0.96846075 | K40: 0.81179294 | L40: 0.15666781 | M40: 0.84521769 | N40: 0.70277683 | O40: 0.14244086 | P40: 0.93337938 | Q40: 0.9312522 | R40: 0.94447524 | S40: 0.99325725 | T40: 1.0011666 | U40: 0.95511064
B41: Male (M) | C41: 2990 | D41: 2509 | E41: 481 | F41: 2533 | G41: 2098 | H41: 435 | I41: 2987 | J41: 1.0010044 | K41: 0.83997322 | L41: 0.16103113 | M41: 0.84800803 | N41: 0.70237697 | O41: 0.14563107
B42: Female (F) | C42: 2660 | D42: 2227 | E42: 433 | F42: 2398 | G42: 2002 | H42: 396 | I42: 2847 | J42: 0.93431682 | K42: 0.78222691 | L42: 0.15208992 | M42: 0.84229013 | N42: 0.70319635 | O42: 0.13909378
A43: TOTAL | B43: Total (MF) | C43: 104285 | D43: 94859 | E43: 9426 | F43: 85560 | G43: 77248 | H43: 8312 | I43: 109104 | J43: 0.95583113 | K43: 0.8694365 | L43: 0.086394633 | M43: 0.7842059 | N43: 0.7080217 | O43: 0.076184191 | P43: 0.99755341 | Q43: 0.99899826 | R43: 0.98312463 | S43: 1.0589682 | T43: 1.0634233 | U43: 1.0184377
B44: Male (M) | C44: 53987 | D44: 49073 | E44: 4914 | F44: 43016 | G44: 38756 | H44: 4260 | I44: 56415 | J44: 0.9569618 | K44: 0.86985731 | L44: 0.087104493 | M44: 0.76249224 | N44: 0.68698041 | O44: 0.075511832
B45: Female (F) | C45: 50298 | D45: 45786 | E45: 4512 | F45: 42544 | G45: 38492 | H45: 4052 | I45: 52689 | J45: 0.95462051 | K45: 0.86898594 | L45: 0.085634573 | M45: 0.80745507 | N45: 0.73055097 | O45: 0.076904098

Sheet GER-NER G1toG6wLSENs
A1: DEPARTMENT OF EDUCATION
A2: GROSS AND NET ENROLMENT RATE IN ELEMENTARY (GRADE 1 TO GRADE 6)
A3: (Based on Learners' School Address)
A4: SY 2023-2024
A6: Region/Division | C6: Total Enrollment (All Ages) | F6: Total Enrollment (Ages 6-11) | I6: Population | J6: Gross Enrollment Rate (GER) | M6: Net Enrollment Rate (NER) | P6: Gender Parity Index (GER) | S6: Gender Parity Index (NER)
C7: Total | D7: Public | E7: Private | F7: Total | G7: Public | H7: Private | I7: (Ages 6-11) | J7: Both | K7: Public | L7: Private | M7: Both | N7: Public | O7: Private | P7: Both | Q7: Public | R7: Private | S7: Both | T7: Public | U7: Private
A8: REGION XI - DAVAO REGION
A10: Davao City | B10: Total (MF) | C10: 222340 | D10: 198245 | E10: 24095 | F10: 198977 | G10: 176285 | H10: 22692 | I10: 216865 | J10: 1.0252461 | K10: 0.91414013 | L10: 0.11110599 | M10: 0.91751551 | N10: 0.81287898 | O10: 0.10463653 | P10: 1.0017691 | Q10: 1.0000523 | R10: 1.0160029 | S10: 1.0307176 | T10: 1.0304072 | U10: 1.0331319
B11: Male (M) | C11: 115077 | D11: 102691 | E11: 12386 | F11: 101569 | G11: 89999 | H11: 11570 | I11: 112339 | J11: 1.0243727 | K11: 0.91411709 | L11: 0.11025557 | M11: 0.90412947 | N11: 0.80113763 | O11: 0.10299184
B12: Female (F) | C12: 107263 | D12: 95554 | E12: 11709 | F12: 97408 | G12: 86286 | H12: 11122 | I12: 104526 | J12: 1.0261849 | K12: 0.9141649 | L12: 0.11201998 | M12: 0.93190211 | N12: 0.82549796 | O12: 0.10640415
A13: Davao de Oro (Compostela Valley) | B13: Total (MF) | C13: 100230 | D13: 97465 | E13: 2765 | F13: 91317 | G13: 88703 | H13: 2614 | I13: 104770 | J13: 0.95666698 | K13: 0.93027584 | L13: 0.026391143 | M13: 0.87159492 | N13: 0.84664503 | O13: 0.02494989 | P13: 0.98594723 | Q13: 0.98746262 | R13: 0.93392088 | S13: 1.0114601 | T13: 1.013681 | U13: 0.93880522
B14: Male (M) | C14: 52150 | D14: 50674 | E14: 1476 | F14: 46930 | G14: 45538 | H14: 1392 | I14: 54142 | J14: 0.96320786 | K14: 0.93594622 | L14: 0.027261645 | M14: 0.86679472 | N14: 0.84108456 | O14: 0.02571017
B15: Female (F) | C15: 48080 | D15: 46791 | E15: 1289 | F15: 44387 | G15: 43165 | H15: 1222 | I15: 50628 | J15: 0.94967212 | K15: 0.9242119 | L15: 0.02546022 | M15: 0.87672829 | N15: 0.85259145 | O15: 0.024136841
A16: Davao del Norte | B16: Total (MF) | C16: 64953 | D16: 63265 | E16: 1688 | F16: 59231 | G16: 57595 | H16: 1636 | I16: 67771 | J16: 0.95841879 | K16: 0.93351138 | L16: 0.024907409 | M16: 0.8739874 | N16: 0.84984728 | O16: 0.024140119 | P16: 0.9833751 | Q16: 0.98605633 | R16: 0.88771834 | S16: 1.0052829 | T16: 1.0087096 | U16: 0.89148857
B17: Male (M) | C17: 33669 | D17: 32751 | E17: 918 | F17: 30377 | G17: 29489 | H17: 888 | I17: 34846 | J17: 0.96622281 | K17: 0.93987832 | L17: 0.026344487 | M17: 0.87174999 | N17: 0.84626643 | O17: 0.025483556
B18: Female (F) | C18: 31284 | D18: 30514 | E18: 770 | F18: 28854 | G18: 28106 | H18: 748 | I18: 32925 | J18: 0.95015945 | K18: 0.92677297 | L18: 0.023386484 | M18: 0.87635535 | N18: 0.85363705 | O18: 0.022718299
A19: Davao del Sur | B19: Total (MF) | C19: 60891 | D19: 59832 | E19: 1059 | F19: 55856 | G19: 54882 | H19: 974 | I19: 63754 | J19: 0.95509301 | K19: 0.93848229 | L19: 0.016610722 | M19: 0.87611758 | N19: 0.8608401 | O19: 0.015277473 | P19: 0.99322162 | Q19: 0.99279697 | R19: 1.0175005 | S19: 1.0161194 | T19: 1.0162123 | U19: 1.0109
B20: Male (M) | C20: 31589 | D20: 31046 | E20: 543 | F20: 28659 | G20: 28158 | H20: 501 | I20: 32966 | J20: 0.95822969 | K20: 0.94175818 | L20: 0.016471516 | M20: 0.86935024 | N20: 0.85415276 | O20: 0.015197476
B21: Female (F) | C21: 29302 | D21: 28786 | E21: 516 | F21: 27197 | G21: 26724 | H21: 473 | I21: 30788 | J21: 0.95173444 | K21: 0.93497467 | L21: 0.016759777 | M21: 0.88336365 | N21: 0.86800052 | O21: 0.015363128
A22: Davao Occidental | B22: Total (MF) | C22: 42242 | D22: 41917 | E22: 325 | F22: 36049 | G22: 35742 | H22: 307 | I22: 47682 | J22: 0.88591083 | K22: 0.87909484 | L22: 0.0068159893 | M22: 0.75602953 | N22: 0.74959104 | O22: 0.0064384883 | P22: 0.98518498 | Q22: 0.98735405 | R22: 0.73960063 | S22: 1.024135 | T22: 1.0266888 | U22: 0.76451708
B23: Male (M) | C23: 21702 | D23: 21512 | E23: 190 | F23: 18171 | G23: 17994 | H23: 177 | I23: 24319 | J23: 0.89238867 | K23: 0.88457585 | L23: 0.0078128213 | M23: 0.74719355 | N23: 0.73991529 | O23: 0.0072782598
B24: Female (F) | C24: 20540 | D24: 20405 | E24: 135 | F24: 17878 | G24: 17748 | H24: 130 | I24: 23363 | J24: 0.87916792 | K24: 0.87338955 | L24: 0.0057783675 | M24: 0.76522707 | N24: 0.75966271 | O24: 0.0055643539
A25: Davao Oriental | B25: Total (MF) | C25: 61164 | D25: 60184 | E25: 980 | F25: 54207 | G25: 53285 | H25: 922 | I25: 60934 | J25: 1.0037746 | K25: 0.9876916 | L25: 0.016082975 | M25: 0.88960186 | N25: 0.87447074 | O25: 0.015131125 | P25: 0.97034728 | Q25: 0.97095291 | R25: 0.93383414 | S25: 1.0093908 | T25: 1.0099772 | U25: 0.97605843
B26: Male (M) | C26: 31932 | D26: 31411 | E26: 521 | F26: 27766 | G26: 27286 | H26: 480 | I26: 31354 | J26: 1.0184346 | K26: 1.0018179 | L26: 0.0166167 | M26: 0.88556484 | N26: 0.87025579 | O26: 0.015309051
B27: Female (F) | C27: 29232 | D27: 28773 | E27: 459 | F27: 26441 | G27: 25999 | H27: 442 | I27: 29580 | J27: 0.98823529 | K27: 0.97271805 | L27: 0.015517241 | M27: 0.893881 | N27: 0.87893847 | O27: 0.014942529
A28: Digos City | B28: Total (MF) | C28: 24269 | D28: 22576 | E28: 1693 | F28: 22176 | G28: 20572 | H28: 1604 | I28: 23053 | J28: 1.052748 | K28: 0.97930855 | L28: 0.073439466 | M28: 0.96195723 | N28: 0.89237843 | O28: 0.069578797 | P28: 0.99973621 | Q28: 1.0038688 | R28: 0.946145 | S28: 1.0246391 | T28: 1.0301581 | U28: 0.95631667
B29: Male (M) | C29: 12683 | D29: 11775 | E29: 908 | F29: 11453 | G29: 10597 | H29: 856 | I29: 12046 | J29: 1.0528806 | K29: 0.97750291 | L29: 0.075377719 | M29: 0.95077204 | N29: 0.87971111 | O29: 0.071060933
B30: Female (F) | C30: 11586 | D30: 10801 | E30: 785 | F30: 10723 | G30: 9975 | H30: 748 | I30: 11007 | J30: 1.0526029 | K30: 0.98128464 | L30: 0.071318252 | M30: 0.97419824 | N30: 0.90624148 | O30: 0.067956755
A31: Island Garden City of Samal | B31: Total (MF) | C31: 15376 | D31: 14982 | E31: 394 | F31: 14094 | G31: 13722 | H31: 372 | I31: 14965 | J31: 1.0274641 | K31: 1.001136 | L31: 0.026328099 | M31: 0.94179753 | N31: 0.91693953 | O31: 0.024858002 | P31: 0.97493012 | Q31: 0.98507773 | R31: 0.65191189 | S31: 1.0044763 | T31: 1.0156593 | U31: 0.66219824
B32: Male (M) | C32: 8011 | D32: 7767 | E32: 244 | F32: 7238 | G32: 7009 | H32: 229 | I32: 7702 | J32: 1.0401194 | K32: 1.0084394 | L32: 0.031680083 | M32: 0.93975591 | N32: 0.91002337 | O32: 0.029732537
B33: Female (F) | C33: 7365 | D33: 7215 | E33: 150 | F33: 6856 | G33: 6713 | H33: 143 | I33: 7263 | J33: 1.0140438 | K33: 0.99339116 | L33: 0.020652623 | M33: 0.94396255 | N33: 0.92427372 | O33: 0.019688834
A34: Mati City | B34: Total (MF) | C34: 21488 | D34: 20119 | E34: 1369 | F34: 19067 | G34: 17762 | H34: 1305 | I34: 20058 | J34: 1.0712932 | K34: 1.0030412 | L34: 0.068252069 | M34: 0.95059328 | N34: 0.88553196 | O34: 0.065061322 | P34: 0.96752056 | Q34: 0.96716397 | R34: 0.9727757 | S34: 1.0059259 | T34: 1.0066426 | U34: 0.9962202
B35: Male (M) | C35: 11189 | D35: 10478 | E35: 711 | F35: 9743 | G35: 9073 | H35: 670 | I35: 10279 | J35: 1.08853 | K35: 1.0193599 | L35: 0.069170153 | M35: 0.94785485 | N35: 0.88267341 | O35: 0.065181438
B36: Female (F) | C36: 10299 | D36: 9641 | E36: 658 | F36: 9324 | G36: 8689 | H36: 635 | I36: 9779 | J36: 1.0531752 | K36: 0.98588813 | L36: 0.067287044 | M36: 0.95347173 | N36: 0.88853666 | O36: 0.064935065
A37: Panabo City | B37: Total (MF) | C37: 27441 | D37: 25216 | E37: 2225 | F37: 25380 | G37: 23249 | H37: 2131 | I37: 26553 | J37: 1.0334425 | K37: 0.94964787 | L37: 0.083794675 | M37: 0.9558242 | N37: 0.87556962 | O37: 0.080254585 | P37: 1.0000911 | Q37: 1.0042144 | R37: 0.95448796 | S37: 1.0157066 | T37: 1.0205258 | U37: 0.96454545
B38: Male (M) | C38: 14110 | D38: 12940 | E38: 1170 | F38: 12952 | G38: 11837 | H38: 1115 | I38: 13654 | J38: 1.0333968 | K38: 0.94770763 | L38: 0.085689175 | M38: 0.94858649 | N38: 0.86692544 | O38: 0.081661052
B39: Female (F) | C39: 13331 | D39: 12276 | E39: 1055 | F39: 12428 | G39: 11412 | H39: 1016 | I39: 12899 | J39: 1.033491 | K39: 0.95170168 | L39: 0.081789286 | M39: 0.96348554 | N39: 0.88471975 | O39: 0.078765796
A40: Tagum City | B40: Total (MF) | C40: 35612 | D40: 32502 | E40: 3110 | F40: 32729 | G40: 29750 | H40: 2979 | I40: 36222 | J40: 0.98315941 | K40: 0.89729998 | L40: 0.085859422 | M40: 0.90356689 | N40: 0.82132406 | O40: 0.082242836 | P40: 0.9882427 | Q40: 0.98641793 | R40: 1.00751 | S40: 1.0127415 | T40: 1.0117709 | U40: 1.0224847
B41: Male (M) | C41: 18390 | D41: 16799 | E41: 1591 | F41: 16701 | G41: 15188 | H41: 1513 | I41: 18598 | J41: 0.988816 | K41: 0.90326917 | L41: 0.085546833 | M41: 0.89799978 | N41: 0.81664695 | O41: 0.081352834
B42: Female (F) | C42: 17222 | D42: 15703 | E42: 1519 | F42: 16028 | G42: 14562 | H42: 1466 | I42: 17624 | J42: 0.9771902 | K42: 0.89100091 | L42: 0.086189287 | M42: 0.90944167 | N42: 0.82625965 | O42: 0.083182025
A43: TOTAL | B43: Total (MF) | C43: 676006 | D43: 636303 | E43: 39703 | F43: 609083 | G43: 571547 | H43: 37536 | I43: 682627 | J43: 0.99030071 | K43: 0.93213864 | L43: 0.058162071 | M43: 0.89226327 | N43: 0.8372757 | O43: 0.05498757 | P43: 0.99013472 | Q43: 0.99058615 | R43: 0.98292677 | S43: 1.0181462 | T43: 1.0195055 | U43: 0.99766612
B44: Male (M) | C44: 350502 | D44: 329844 | E44: 20658 | F44: 311559 | G44: 292168 | H44: 19391 | I44: 352245 | J44: 0.99505174 | K44: 0.93640506 | L44: 0.058646681 | M44: 0.88449517 | N44: 0.82944541 | O44: 0.055049752
B45: Female (F) | C45: 325504 | D45: 306459 | E45: 19045 | F45: 297524 | G45: 279379 | H45: 18145 | I45: 330382 | J45: 0.98523527 | K45: 0.92758988 | L45: 0.057645392 | M45: 0.90054543 | N45: 0.84562416 | O45: 0.054921273

Sheet GER-NER KtoG6wLSENs
A1: DEPARTMENT OF EDUCATION
A2: GROSS AND NET ENROLMENT RATE IN ELEMENTARY (KINDERGARTEN TO GRADE 6)
A3: (Based on Learners' School Address)
A4: SY 2023-2024
A6: Region/Division | C6: Total Enrollment (All Ages) | F6: Total Enrollment (Ages 5-11) | I6: Population | J6: Gross Enrollment Rate (GER) | M6: Net Enrollment Rate (NER) | P6: Gender Parity Index (GER) | S6: Gender Parity Index (NER)
C7: Total | D7: Public | E7: Private | F7: Total | G7: Public | H7: Private | I7: (Ages 5-11) | J7: Both | K7: Public | L7: Private | M7: Both | N7: Public | O7: Private | P7: Both | Q7: Public | R7: Private | S7: Both | T7: Public | U7: Private
A8: REGION XI - DAVAO REGION
A10: Davao City | B10: Total (MF) | C10: 260259 | D10: 231446 | E10: 28813 | F10: 234098 | G10: 206685 | H10: 27413 | I10: 252168 | J10: 1.0320858 | K10: 0.91782462 | L10: 0.11426113 | M10: 0.92834142 | N10: 0.81963215 | O10: 0.10870927 | P10: 0.99769014 | Q10: 0.99604778 | R10: 1.0109779 | S10: 1.0261615 | T10: 1.0263614 | U10: 1.0246559
B11: Male (M) | C11: 134887 | D11: 120049 | E11: 14838 | F11: 119683 | G11: 105658 | H11: 14025 | I11: 130548 | J11: 1.0332368 | K11: 0.91957747 | L11: 0.11365934 | M11: 0.91677391 | N11: 0.80934216 | O11: 0.10743175
B12: Female (F) | C12: 125372 | D12: 111397 | E12: 13975 | F12: 114415 | G12: 101027 | H12: 13388 | I12: 121620 | J12: 1.0308502 | K12: 0.9159431 | L12: 0.11490709 | M12: 0.9407581 | N12: 0.83067752 | O12: 0.11008058
A13: Davao de Oro (Compostela Valley) | B13: Total (MF) | C13: 117419 | D13: 113957 | E13: 3462 | F13: 106068 | G13: 102756 | H13: 3312 | I13: 121301 | J13: 0.96799697 | K13: 0.93945639 | L13: 0.028540573 | M13: 0.87441983 | N13: 0.84711585 | O13: 0.027303979 | P13: 0.98174772 | Q13: 0.98288073 | R13: 0.94513739 | S13: 1.0096137 | T13: 1.0115952 | U13: 0.94995209
B14: Male (M) | C14: 61362 | D14: 59520 | E14: 1842 | F14: 54689 | G14: 52931 | H14: 1758 | I14: 62833 | J14: 0.97658874 | K14: 0.94727293 | L14: 0.029315805 | M14: 0.87038658 | N14: 0.84240765 | O14: 0.027978928
B15: Female (F) | C15: 56057 | D15: 54437 | E15: 1620 | F15: 51379 | G15: 49825 | H15: 1554 | I15: 58468 | J15: 0.95876377 | K15: 0.9310563 | L15: 0.027707464 | M15: 0.87875419 | N15: 0.85217555 | O15: 0.026578641
A16: Davao del Norte | B16: Total (MF) | C16: 78125 | D16: 75573 | E16: 2552 | F16: 69440 | G16: 66938 | H16: 2502 | I16: 78682 | J16: 0.99292087 | K16: 0.96048652 | L16: 0.032434356 | M16: 0.88253984 | N16: 0.85074096 | O16: 0.031798887 | P16: 0.98500826 | Q16: 0.98687974 | R16: 0.93109767 | S16: 1.0079278 | T16: 1.0107108 | U16: 0.93615397
B17: Male (M) | C17: 40507 | D17: 39148 | E17: 1359 | F17: 35605 | G17: 34276 | H17: 1329 | I17: 40499 | J17: 1.0001975 | K17: 0.96664115 | L17: 0.033556384 | M17: 0.87915751 | N17: 0.84634188 | O17: 0.032815625
B18: Female (F) | C18: 37618 | D18: 36425 | E18: 1193 | F18: 33835 | G18: 32662 | H18: 1173 | I18: 38183 | J18: 0.98520284 | K18: 0.95395857 | L18: 0.031244271 | M18: 0.88612733 | N18: 0.85540686 | O18: 0.030720478
A19: Davao del Sur | B19: Total (MF) | C19: 70955 | D19: 69452 | E19: 1503 | F19: 64896 | G19: 63478 | H19: 1418 | I19: 73785 | J19: 0.96164532 | K19: 0.94127533 | L19: 0.020369994 | M19: 0.87952836 | N19: 0.86031036 | O19: 0.019217998 | P19: 0.98529344 | Q19: 0.98516239 | R19: 0.99136748 | S19: 1.0126833 | T19: 1.013303 | U19: 0.98531216
B20: Male (M) | C20: 36979 | D20: 36198 | E20: 781 | F20: 33377 | G20: 32638 | H20: 739 | I20: 38181 | J20: 0.96851837 | K20: 0.94806317 | L20: 0.0204552 | M20: 0.87417826 | N20: 0.85482308 | O20: 0.019355177
B21: Female (F) | C21: 33976 | D21: 33254 | E21: 722 | F21: 31519 | G21: 30840 | H21: 679 | I21: 35604 | J21: 0.9542748 | K21: 0.93399618 | L21: 0.02027862 | M21: 0.8852657 | N21: 0.86619481 | O21: 0.019070891
A22: Davao Occidental | B22: Total (MF) | C22: 50777 | D22: 50296 | E22: 481 | F22: 42874 | G22: 42418 | H22: 456 | I22: 55228 | J22: 0.91940682 | K22: 0.91069747 | L22: 0.0087093503 | M22: 0.77630912 | N22: 0.76805244 | O22: 0.0082566814 | P22: 0.99542772 | Q22: 0.9979753 | R22: 0.76011528 | S22: 1.0172314 | T22: 1.0199571 | U22: 0.79176205
B23: Male (M) | C23: 25956 | D23: 25678 | E23: 278 | F23: 21684 | G23: 21425 | H23: 259 | I23: 28168 | J23: 0.92147117 | K23: 0.91160182 | L23: 0.0098693553 | M23: 0.76980971 | N23: 0.76061488 | O23: 0.009194831
B24: Female (F) | C24: 24821 | D24: 24618 | E24: 203 | F24: 21190 | G24: 20993 | H24: 197 | I24: 27060 | J24: 0.91725795 | K24: 0.9097561 | L24: 0.0075018477 | M24: 0.78307465 | N24: 0.77579453 | O24: 0.0072801183
A25: Davao Oriental | B25: Total (MF) | C25: 71747 | D25: 70600 | E25: 1147 | F25: 63197 | G25: 62109 | H25: 1088 | I25: 70221 | J25: 1.0217314 | K25: 1.0053972 | L25: 0.016334145 | M25: 0.89997294 | N25: 0.884479 | O25: 0.015493941 | P25: 0.95775965 | Q25: 0.95729777 | R25: 0.98660235 | S25: 1.0057886 | T25: 1.005386 | U25: 1.0290327
B26: Male (M) | C26: 37687 | D26: 37093 | E26: 594 | F26: 32424 | G26: 31872 | H26: 552 | I26: 36129 | J26: 1.0431233 | K26: 1.0266822 | L26: 0.016441086 | M26: 0.8974508 | N26: 0.88217222 | O26: 0.015278585
B27: Female (F) | C27: 34060 | D27: 33507 | E27: 553 | F27: 30773 | G27: 30237 | H27: 536 | I27: 34092 | J27: 0.99906136 | K27: 0.98284055 | L27: 0.016220814 | M27: 0.90264578 | N27: 0.88692362 | O27: 0.015722164
A28: Digos City | B28: Total (MF) | C28: 28658 | D28: 26402 | E28: 2256 | F28: 26170 | G28: 24003 | H28: 2167 | I28: 26764 | J28: 1.0707667 | K28: 0.98647437 | L28: 0.084292333 | M28: 0.97780601 | N28: 0.89683904 | O28: 0.080966971 | P28: 0.98557563 | Q28: 0.98722785 | R28: 0.96643343 | S28: 1.0136267 | T28: 1.0171697 | U28: 0.97516519
B29: Male (M) | C29: 15040 | D29: 13845 | E29: 1195 | F29: 13551 | G29: 12408 | H29: 1143 | I29: 13949 | J29: 1.0782135 | K29: 0.99254427 | L29: 0.085669224 | M29: 0.97146749 | N29: 0.88952613 | O29: 0.081941358
B30: Female (F) | C30: 13618 | D30: 12557 | E30: 1061 | F30: 12619 | G30: 11595 | H30: 1024 | I30: 12815 | J30: 1.0626609 | K30: 0.97986734 | L30: 0.082793601 | M30: 0.98470542 | N30: 0.90479906 | O30: 0.07990636
A31: Island Garden City of Samal | B31: Total (MF) | C31: 17928 | D31: 17419 | E31: 509 | F31: 16368 | G31: 15883 | H31: 485 | I31: 17359 | J31: 1.0327784 | K31: 1.0034564 | L31: 0.029321966 | M31: 0.94291146 | N31: 0.91497206 | O31: 0.027939397 | P31: 0.96816235 | Q31: 0.9750042 | R31: 0.75885229 | S31: 1.0059717 | T31: 1.0143222 | U31: 0.76528776
B32: Male (M) | C32: 9383 | D32: 9086 | E32: 297 | F32: 8410 | G32: 8128 | H32: 282 | I32: 8945 | J32: 1.0489659 | K32: 1.015763 | L32: 0.033202907 | M32: 0.94019005 | N32: 0.90866406 | O32: 0.031525992
B33: Female (F) | C33: 8545 | D33: 8333 | E33: 212 | F33: 7958 | G33: 7755 | H33: 203 | I33: 8414 | J33: 1.0155693 | K33: 0.99037319 | L33: 0.025196102 | M33: 0.94580461 | N33: 0.92167816 | O33: 0.024126456
A34: Mati City | B34: Total (MF) | C34: 25476 | D34: 23819 | E34: 1657 | F34: 22466 | G34: 20873 | H34: 1593 | I34: 23256 | J34: 1.0954592 | K34: 1.0242088 | L34: 0.07125043 | M34: 0.96603027 | N34: 0.89753182 | O34: 0.068498452 | P34: 0.95396294 | Q34: 0.9534675 | R34: 0.96111199 | S34: 1.0024875 | T34: 1.00426 | U34: 0.97954112
B35: Male (M) | C35: 13362 | D35: 12496 | E35: 866 | F35: 11505 | G35: 10680 | H35: 825 | I35: 11924 | J35: 1.1205971 | K35: 1.0479705 | L35: 0.072626635 | M35: 0.96486078 | N35: 0.89567259 | O35: 0.069188192
B36: Female (F) | C36: 12114 | D36: 11323 | E36: 791 | F36: 10961 | G36: 10193 | H36: 768 | I36: 11332 | J36: 1.0690081 | K36: 0.99920579 | L36: 0.06980233 | M36: 0.96726085 | N36: 0.89948818 | O36: 0.067772679
A37: Panabo City | B37: Total (MF) | C37: 32391 | D37: 29666 | E37: 2725 | F37: 29573 | G37: 26941 | H37: 2632 | I37: 30911 | J37: 1.0478794 | K37: 0.95972308 | L37: 0.08815632 | M37: 0.95671444 | N37: 0.87156676 | O37: 0.085147682 | P37: 0.99055585 | Q37: 0.99617966 | R37: 0.93126533 | S37: 1.0134624 | T37: 1.0210217 | U37: 0.93913223
B38: Male (M) | C38: 16737 | D38: 15287 | E38: 1450 | F38: 15112 | G38: 13717 | H38: 1395 | I38: 15899 | J38: 1.0527077 | K38: 0.96150701 | L38: 0.091200704 | M38: 0.95050003 | N38: 0.86275866 | O38: 0.087741367
B39: Female (F) | C39: 15654 | D39: 14379 | E39: 1275 | F39: 14461 | G39: 13224 | H39: 1237 | I39: 15012 | J39: 1.0427658 | K39: 0.95783373 | L39: 0.084932054 | M39: 0.96329603 | N39: 0.88089528 | O39: 0.082400746
A40: Tagum City | B40: Total (MF) | C40: 41637 | D40: 37613 | E40: 4024 | F40: 38440 | G40: 34546 | H40: 3894 | I40: 42056 | J40: 0.99003709 | K40: 0.89435515 | L40: 0.095681948 | M40: 0.9140194 | N40: 0.82142857 | O40: 0.092590831 | P40: 0.97370651 | Q40: 0.97162707 | R40: 0.99335174 | S40: 0.99834656 | T40: 0.99763156 | U40: 1.0047117
B41: Male (M) | C41: 21647 | D41: 19575 | E41: 2072 | F41: 19745 | G41: 17751 | H41: 1994 | I41: 21585 | J41: 1.0028724 | K41: 0.90687978 | L41: 0.095992587 | M41: 0.91475562 | N41: 0.82237665 | O41: 0.092378967
B42: Female (F) | C42: 19990 | D42: 18038 | E42: 1952 | F42: 18695 | G42: 16795 | H42: 1900 | I42: 20471 | J42: 0.97650335 | K42: 0.88114894 | L42: 0.095354404 | M42: 0.91324312 | N42: 0.8204289 | O42: 0.092814225
A43: TOTAL | B43: Total (MF) | C43: 795372 | D43: 746243 | E43: 49129 | F43: 713590 | G43: 666630 | H43: 46960 | I43: 791731 | J43: 1.0045988 | K43: 0.94254614 | L43: 0.062052642 | M43: 0.9013036 | N43: 0.84199052 | O43: 0.059313075 | P43: 0.9849685 | Q43: 0.98511546 | R43: 0.98273889 | S43: 1.0143616 | T43: 1.0157595 | U43: 0.99471679
B44: Male (M) | C44: 413547 | D44: 387975 | E44: 25572 | F44: 365785 | G44: 341484 | H44: 24301 | I44: 408660 | J44: 1.0119586 | K44: 0.94938335 | L44: 0.062575246 | M44: 0.89508393 | N44: 0.83561885 | O44: 0.059465081
B45: Female (F) | C45: 381825 | D45: 358268 | E45: 23557 | F45: 347805 | G45: 325146 | H45: 22659 | I45: 383071 | J45: 0.99674734 | K45: 0.93525221 | L45: 0.061495128 | M45: 0.90793874 | N45: 0.84878782 | O45: 0.059150915

Sheet GER-NER G7toG10wLSENs
A1: DEPARTMENT OF EDUCATION
A2: GROSS AND NET ENROLMENT RATE IN JUNIOR HIGH SCHOOL
A3: (Based on Learners' School Address)
A4: SY 2023-2024
A6: Region/Division | C6: Total Enrollment (All Ages) | F6: Total Enrollment (Ages 12-15) | I6: Population | J6: Gross Enrollment Rate (GER) | M6: Net Enrollment Rate (NER) | P6: Gender Parity Index (GER) | S6: Gender Parity Index (NER)
C7: Total | D7: Public | E7: Private | F7: Total | G7: Public | H7: Private | I7: (Ages 12-15) | J7: Both | K7: Public | L7: Private | M7: Both | N7: Public | O7: Private | P7: Both | Q7: Public | R7: Private | S7: Both | T7: Public | U7: Private
A8: REGION XI - DAVAO REGION
A10: Davao City | B10: Total (MF) | C10: 133656 | D10: 112797 | E10: 20859 | F10: 118018 | G10: 99351 | H10: 18667 | I10: 139829 | J10: 0.95585322 | K10: 0.80667816 | L10: 0.14917506 | M10: 0.84401662 | N10: 0.71051785 | O10: 0.13349877 | P10: 1.0349973 | Q10: 1.0274732 | R10: 1.0766487 | S10: 1.0948724 | T10: 1.0920774 | U10: 1.1098722
B11: Male (M) | C11: 67246 | D11: 56957 | E11: 10289 | F11: 57719 | G11: 48653 | H11: 9066 | I11: 71554 | J11: 0.93979372 | K11: 0.79600022 | L11: 0.1437935 | M11: 0.80664952 | N11: 0.67994801 | O11: 0.12670151
B12: Female (F) | C12: 66410 | D12: 55840 | E12: 10570 | F12: 60299 | G12: 50698 | H12: 9601 | I12: 68275 | J12: 0.972684 | K12: 0.81786891 | L12: 0.15481509 | M12: 0.88317832 | N12: 0.74255584 | O12: 0.14062248
A13: Davao de Oro (Compostela Valley) | B13: Total (MF) | C13: 56858 | D13: 54550 | E13: 2308 | F13: 52642 | G13: 50432 | H13: 2210 | I13: 68277 | J13: 0.83275481 | K13: 0.79895133 | L13: 0.033803477 | M13: 0.77100634 | N13: 0.73863819 | O13: 0.032368147 | P13: 1.0519115 | Q13: 1.0581281 | R13: 0.91480887 | S13: 1.1059921 | T13: 1.1146932 | U13: 0.92459446
B14: Male (M) | C14: 28864 | D14: 27612 | E14: 1252 | F14: 26064 | G14: 24871 | H14: 1193 | I14: 35524 | J14: 0.81252111 | K14: 0.77727733 | L14: 0.035243779 | M14: 0.73370116 | N14: 0.70011823 | O14: 0.03358293
B15: Female (F) | C15: 27994 | D15: 26938 | E15: 1056 | F15: 26578 | G15: 25561 | H15: 1017 | I15: 32753 | J15: 0.85470033 | K15: 0.82245901 | L15: 0.032241321 | M15: 0.81146765 | N15: 0.78041706 | O15: 0.031050591
A16: Davao del Norte | B16: Total (MF) | C16: 35300 | D16: 32829 | E16: 2471 | F16: 32826 | G16: 30542 | H16: 2284 | I16: 42390 | J16: 0.83274357 | K16: 0.77445152 | L16: 0.05829205 | M16: 0.77438075 | N16: 0.72050012 | O16: 0.053880632 | P16: 1.0340449 | Q16: 1.0440527 | R16: 0.90953581 | S16: 1.0884152 | T16: 1.0993743 | U16: 0.95182491
B17: Male (M) | C17: 17971 | D17: 16634 | E17: 1337 | F17: 16291 | G17: 15081 | H17: 1210 | I17: 21935 | J17: 0.81928425 | K17: 0.75833143 | L17: 0.060952815 | M17: 0.74269432 | N17: 0.68753134 | O17: 0.055162982
B18: Female (F) | C18: 17329 | D18: 16195 | E18: 1134 | F18: 16535 | G18: 15461 | H18: 1074 | I18: 20455 | J18: 0.84717673 | K18: 0.79173796 | L18: 0.055438768 | M18: 0.80835981 | N18: 0.75585431 | O18: 0.0525055
A19: Davao del Sur | B19: Total (MF) | C19: 33633 | D19: 27966 | E19: 5667 | F19: 31371 | G19: 25959 | H19: 5412 | I19: 40910 | J19: 0.82212173 | K19: 0.68359814 | L19: 0.13852359 | M19: 0.76682963 | N19: 0.63453923 | O19: 0.13229039 | P19: 1.0996733 | Q19: 1.1032766 | R19: 1.082064 | S19: 1.1512826 | T19: 1.1622052 | U19: 1.1003376
B20: Male (M) | C20: 16660 | D20: 13830 | E20: 2830 | F20: 15180 | G20: 12500 | H20: 2680 | I20: 21236 | J20: 0.78451686 | K20: 0.65125259 | L20: 0.13326427 | M20: 0.71482388 | N20: 0.58862309 | O20: 0.12620079
B21: Female (F) | C21: 16973 | D21: 14136 | E21: 2837 | F21: 16191 | G21: 13459 | H21: 2732 | I21: 19674 | J21: 0.86271221 | K21: 0.71851174 | L21: 0.14420047 | M21: 0.82296432 | N21: 0.68410084 | O21: 0.13886347
A22: Davao Occidental | B22: Total (MF) | C22: 21223 | D22: 20280 | E22: 943 | F22: 18550 | G22: 17675 | H22: 875 | I22: 30735 | J22: 0.6905157 | K22: 0.65983407 | L22: 0.030681633 | M22: 0.60354645 | N22: 0.57507727 | O22: 0.028469172 | P22: 1.1684378 | Q22: 1.1746504 | R22: 1.042754 | S22: 1.2434704 | T22: 1.252156 | U22: 1.0810626
B23: Male (M) | C23: 10042 | D23: 9569 | E23: 473 | F23: 8490 | G23: 8059 | H23: 431 | I23: 15738 | J23: 0.63807345 | K23: 0.60801881 | L23: 0.030054645 | M23: 0.53945864 | N23: 0.51207269 | O23: 0.027385945
B24: Female (F) | C24: 11181 | D24: 10711 | E24: 470 | F24: 10060 | G24: 9616 | H24: 444 | I24: 14997 | J24: 0.74554911 | K24: 0.71420951 | L24: 0.031339601 | M24: 0.67080083 | N24: 0.64119491 | O24: 0.029605921
A25: Davao Oriental | B25: Total (MF) | C25: 32886 | D25: 30538 | E25: 2348 | F25: 29474 | G25: 27237 | H25: 2237 | I25: 38883 | J25: 0.84576807 | K25: 0.78538179 | L25: 0.060386287 | M25: 0.75801764 | N25: 0.70048607 | O25: 0.057531569 | P25: 1.0547311 | Q25: 1.0549773 | R25: 1.0515339 | S25: 1.1274218 | T25: 1.1314285 | U25: 1.0797979
B26: Male (M) | C26: 16320 | D26: 15153 | E26: 1167 | F26: 14136 | G26: 13039 | H26: 1097 | I26: 19814 | J26: 0.82366004 | K26: 0.76476229 | L26: 0.058897749 | M26: 0.71343494 | N26: 0.65807005 | O26: 0.055364894
B27: Female (F) | C27: 16566 | D27: 15385 | E27: 1181 | F27: 15338 | G27: 14198 | H27: 1140 | I27: 19069 | J27: 0.86873984 | K27: 0.80680686 | L27: 0.06193298 | M27: 0.80434213 | N27: 0.74455923 | O27: 0.059782894
A28: Digos City | B28: Total (MF) | C28: 15216 | D28: 13401 | E28: 1815 | F28: 13850 | G28: 12160 | H28: 1690 | I28: 14947 | J28: 1.0179969 | K28: 0.89656787 | L28: 0.12142905 | M28: 0.92660735 | N28: 0.81354118 | O28: 0.11306617 | P28: 1.0569237 | Q28: 1.0670402 | R28: 0.98512296 | S28: 1.1205516 | T28: 1.1379599 | U28: 1.0030304
B29: Male (M) | C29: 7571 | D29: 6636 | E29: 935 | F29: 6689 | G29: 5826 | H29: 863 | I29: 7644 | J29: 0.99045003 | K29: 0.86813187 | L29: 0.12231816 | M29: 0.87506541 | N29: 0.76216641 | O29: 0.11289901
B30: Female (F) | C30: 7645 | D30: 6765 | E30: 880 | F30: 7161 | G30: 6334 | H30: 827 | I30: 7303 | J30: 1.0468301 | K30: 0.92633164 | L30: 0.12049843 | M30: 0.98055594 | N30: 0.8673148 | O30: 0.11324113
A31: Island Garden City of Samal | B31: Total (MF) | C31: 8801 | D31: 8186 | E31: 615 | F31: 8225 | G31: 7627 | H31: 598 | I31: 9393 | J31: 0.93697434 | K31: 0.87150005 | L31: 0.065474289 | M31: 0.87565208 | N31: 0.81198765 | O31: 0.063664431 | P31: 1.1253468 | Q31: 1.1197237 | R31: 1.2029993 | S31: 1.1895675 | T31: 1.1854831 | U31: 1.24297
B32: Male (M) | C32: 4354 | D32: 4060 | E32: 294 | F32: 3955 | G32: 3674 | H32: 281 | I32: 4924 | J32: 0.88424045 | K32: 0.8245329 | L32: 0.059707555 | M32: 0.80320877 | N32: 0.74614135 | O32: 0.057067425
B33: Female (F) | C33: 4447 | D33: 4126 | E33: 321 | F33: 4270 | G33: 3953 | H33: 317 | I33: 4469 | J33: 0.9950772 | K33: 0.92324905 | L33: 0.071828149 | M33: 0.95547102 | N33: 0.88453793 | O33: 0.070933095
A34: Mati City | B34: Total (MF) | C34: 12198 | D34: 11190 | E34: 1008 | F34: 10737 | G34: 9841 | H34: 896 | I34: 12928 | J34: 0.94353342 | K34: 0.86556312 | L34: 0.077970297 | M34: 0.8305229 | N34: 0.76121597 | O34: 0.069306931 | P34: 1.0988491 | Q34: 1.1077253 | R34: 1.0049955 | S34: 1.208025 | T34: 1.220675 | U34: 1.0778125
B35: Male (M) | C35: 5972 | D35: 5456 | E35: 516 | F35: 5003 | G35: 4560 | H35: 443 | I35: 6634 | J35: 0.90021103 | K35: 0.82242991 | L35: 0.077781128 | M35: 0.75414531 | N35: 0.6873681 | O35: 0.066777208
B36: Female (F) | C36: 6226 | D36: 5734 | E36: 492 | F36: 5734 | G36: 5281 | H36: 453 | I36: 6294 | J36: 0.98919606 | K36: 0.91102637 | L36: 0.078169685 | M36: 0.91102637 | N36: 0.83905307 | O36: 0.071973308
A37: Panabo City | B37: Total (MF) | C37: 16474 | D37: 13696 | E37: 2778 | F37: 15346 | G37: 12724 | H37: 2622 | I37: 17102 | J37: 0.96327915 | K37: 0.80084201 | L37: 0.16243714 | M37: 0.89732195 | N37: 0.74400655 | O37: 0.1533154 | P37: 1.0461963 | Q37: 1.0374422 | R37: 1.090446 | S37: 1.0903089 | T37: 1.0871576 | U37: 1.1057337
B38: Male (M) | C38: 8289 | D38: 6920 | E38: 1369 | F38: 7563 | G38: 6280 | H38: 1283 | I38: 8798 | J38: 0.94214594 | K38: 0.7865424 | L38: 0.15560355 | M38: 0.85962719 | N38: 0.71379859 | O38: 0.1458286
B39: Female (F) | C39: 8185 | D39: 6776 | E39: 1409 | F39: 7783 | G39: 6444 | H39: 1339 | I39: 8304 | J39: 0.98566956 | K39: 0.81599229 | L39: 0.16967726 | M39: 0.93725915 | N39: 0.77601156 | O39: 0.16124759
A40: Tagum City | B40: Total (MF) | C40: 22868 | D40: 19770 | E40: 3098 | F40: 21076 | G40: 18279 | H40: 2797 | I40: 23221 | J40: 0.98479824 | K40: 0.85138452 | L40: 0.13341372 | M40: 0.90762672 | N40: 0.7871754 | O40: 0.12045132 | P40: 1.0241262 | Q40: 1.016099 | R40: 1.0768679 | S40: 1.0696775 | T40: 1.0610498 | U40: 1.1278564
B41: Male (M) | C41: 11507 | D41: 9987 | E41: 1520 | F41: 10376 | G41: 9036 | H41: 1340 | I41: 11823 | J41: 0.97327244 | K41: 0.84470946 | L41: 0.12856297 | M41: 0.87761144 | N41: 0.76427303 | O41: 0.11333841
B42: Female (F) | C42: 11361 | D42: 9783 | E42: 1578 | F42: 10700 | G42: 9243 | H42: 1457 | I42: 11398 | J42: 0.99675382 | K42: 0.85830848 | L42: 0.13844534 | M42: 0.93876119 | N42: 0.81093174 | O42: 0.12782944
A43: TOTAL | B43: Total (MF) | C43: 389113 | D43: 345203 | E43: 43910 | F43: 352115 | G43: 311827 | H43: 40288 | I43: 438615 | J43: 0.8871402 | K43: 0.78702963 | L43: 0.10011058 | M43: 0.80278832 | N43: 0.71093556 | O43: 0.091852764 | P43: 1.0567075 | Q43: 1.0567072 | R43: 1.0567101 | S43: 1.1160447 | T43: 1.1198958 | U43: 1.0866914
B44: Male (M) | C44: 194796 | D44: 172814 | E44: 21982 | F44: 171466 | G44: 151579 | H44: 19887 | I44: 225624 | J44: 0.8633656 | K44: 0.76593802 | L44: 0.097427579 | M44: 0.75996348 | N44: 0.67182126 | O44: 0.088142219
B45: Female (F) | C45: 194317 | D45: 172389 | E45: 21928 | F45: 180649 | G45: 160248 | H45: 20401 | I45: 212991 | J45: 0.91232493 | K45: 0.80937223 | L45: 0.10295271 | M45: 0.84815321 | N45: 0.75236982 | O45: 0.09578339

Sheet GER-NER G11toG12
A1: DEPARTMENT OF EDUCATION
A2: GROSS AND NET ENROLMENT RATE IN SENIOR HIGH SCHOOL
A3: (Based on Learners' School Address)
A4: SY 2023-2024
A6: Region/Division | C6: Total Enrollment (All Ages) | F6: Total Enrollment (Ages 16-17) | I6: Population | J6: Gross Enrollment Rate (GER) | M6: Net Enrollment Rate (NER) | P6: Gender Parity Index (GER) | S6: Gender Parity Index (NER)
C7: Total | D7: Public | E7: Private | F7: Total | G7: Public | H7: Private | I7: (Ages 16- 17) | J7: Both | K7: Public | L7: Private | M7: Both | N7: Public | O7: Private | P7: Both | Q7: Public | R7: Private | S7: Both | T7: Public | U7: Private
A8: REGION XI - DAVAO REGION
A10: Davao City | B10: Total (MF) | C10: 77378 | D10: 39893 | E10: 37485 | F10: 51457 | G10: 24974 | H10: 26483 | I10: 65281 | J10: 1.1853066 | K10: 0.61109664 | L10: 0.57420995 | M10: 0.78823854 | N10: 0.38256154 | O10: 0.405677 | P10: 1.0743576 | Q10: 0.97597127 | R10: 1.1902079 | S10: 1.2255608 | T10: 1.1336246 | U10: 1.3196903
B11: Male (M) | C11: 38004 | D11: 20551 | E11: 17453 | F11: 23584 | G11: 11931 | H11: 11653 | I11: 33233 | J11: 1.1435621 | K11: 0.61839136 | L11: 0.52517076 | M11: 0.70965606 | N11: 0.35901062 | O11: 0.35064544
B12: Female (F) | C12: 39374 | D12: 19342 | E12: 20032 | F12: 27873 | G12: 13043 | H12: 14830 | I12: 32048 | J12: 1.2285946 | K12: 0.6035322 | L12: 0.62506241 | M12: 0.86972666 | N12: 0.40698328 | O12: 0.46274338
A13: Davao de Oro (Compostela Valley) | B13: Total (MF) | C13: 30122 | D13: 25046 | E13: 5076 | F13: 20778 | G13: 17272 | H13: 3506 | I13: 33075 | J13: 0.91071807 | K13: 0.75724868 | L13: 0.15346939 | M13: 0.62820862 | N13: 0.52220711 | O13: 0.10600151 | P13: 1.0726224 | Q13: 1.0662512 | R13: 1.1046203 | S13: 1.2153713 | T13: 1.1988028 | U13: 1.300637
B14: Male (M) | C14: 15134 | D14: 12621 | E14: 2513 | F14: 9791 | G14: 8198 | H14: 1593 | I14: 17197 | J14: 0.88003722 | K14: 0.73390708 | L14: 0.14613014 | M14: 0.56934349 | N14: 0.47671105 | O14: 0.092632436
B15: Female (F) | C15: 14988 | D15: 12425 | E15: 2563 | F15: 10987 | G15: 9074 | H15: 1913 | I15: 15878 | J15: 0.9439476 | K15: 0.78252929 | L15: 0.16141831 | M15: 0.69196372 | N15: 0.57148255 | O15: 0.12048117
A16: Davao del Norte | B16: Total (MF) | C16: 19013 | D16: 17437 | E16: 1576 | F16: 13014 | G16: 11900 | H16: 1114 | I16: 19292 | J16: 0.98553805 | K16: 0.90384615 | L16: 0.081691893 | M16: 0.67458014 | N16: 0.61683599 | O16: 0.057744143 | P16: 1.0068345 | Q16: 1.0126167 | R16: 0.94496268 | S16: 1.1499729 | T16: 1.157891 | U16: 1.0688092
B17: Male (M) | C17: 9688 | D17: 8860 | E17: 828 | F17: 6199 | G17: 5648 | H17: 551 | I17: 9863 | J17: 0.98225692 | K17: 0.8983068 | L17: 0.083950117 | M17: 0.6285106 | N17: 0.57264524 | O17: 0.055865355
B18: Female (F) | C18: 9325 | D18: 8577 | E18: 748 | F18: 6815 | G18: 6252 | H18: 563 | I18: 9429 | J18: 0.9889702 | K18: 0.90964047 | L18: 0.079329727 | M18: 0.72277018 | N18: 0.66306077 | O18: 0.059709407
A19: Davao del Sur | B19: Total (MF) | C19: 15996 | D19: 12184 | E19: 3812 | F19: 11573 | G19: 8559 | H19: 3014 | I19: 18535 | J19: 0.86301592 | K19: 0.65735096 | L19: 0.20566496 | M19: 0.6243863 | N19: 0.46177502 | O19: 0.16261128 | P19: 1.0725912 | Q19: 1.0727724 | R19: 1.0720124 | S19: 1.2315472 | T19: 1.2424098 | U19: 1.2012457
B20: Male (M) | C20: 8042 | D20: 6125 | E20: 1917 | F20: 5419 | G20: 3989 | H20: 1430 | I20: 9643 | J20: 0.83397283 | K20: 0.63517578 | L20: 0.19879705 | M20: 0.56196205 | N20: 0.41366795 | O20: 0.1482941
B21: Female (F) | C21: 7954 | D21: 6059 | E21: 1895 | F21: 6154 | G21: 4570 | H21: 1584 | I21: 8892 | J21: 0.89451192 | K21: 0.68139901 | L21: 0.21311291 | M21: 0.69208277 | N21: 0.51394512 | O21: 0.17813765
A22: Davao Occidental | B22: Total (MF) | C22: 9838 | D22: 9225 | E22: 613 | F22: 5872 | G22: 5468 | H22: 404 | I22: 12996 | J22: 0.75700215 | K22: 0.7098338 | L22: 0.047168359 | M22: 0.45183133 | N22: 0.42074484 | O22: 0.031086488 | P22: 1.218963 | Q22: 1.2375231 | R22: 0.97217762 | S22: 1.3423322 | T22: 1.3518753 | U22: 1.2202722
B23: Male (M) | C23: 4532 | D23: 4215 | E23: 317 | F23: 2565 | G23: 2379 | H23: 186 | I23: 6629 | J23: 0.68366269 | K23: 0.63584251 | L23: 0.047820184 | M23: 0.38693619 | N23: 0.35887766 | O23: 0.028058531
B24: Female (F) | C24: 5306 | D24: 5010 | E24: 296 | F24: 3307 | G24: 3089 | H24: 218 | I24: 6367 | J24: 0.83335951 | K24: 0.7868698 | L24: 0.046489713 | M24: 0.51939689 | N24: 0.48515785 | O24: 0.034239045
A25: Davao Oriental | B25: Total (MF) | C25: 15913 | D25: 13016 | E25: 2897 | F25: 10324 | G25: 8483 | H25: 1841 | I25: 17851 | J25: 0.89143465 | K25: 0.72914683 | L25: 0.16228783 | M25: 0.57834295 | N25: 0.47521147 | O25: 0.10313148 | P25: 1.106191 | Q25: 1.0905956 | R25: 1.1791557 | S25: 1.3076083 | T25: 1.3070981 | U25: 1.3099616
B26: Male (M) | C26: 7757 | D26: 6391 | E26: 1366 | F26: 4603 | G26: 3783 | H26: 820 | I26: 9152 | J26: 0.8475743 | K26: 0.69831731 | L26: 0.14925699 | M26: 0.50295017 | N26: 0.41335227 | O26: 0.089597902
B27: Female (F) | C27: 8156 | D27: 6625 | E27: 1531 | F27: 5721 | G27: 4700 | H27: 1021 | I27: 8699 | J27: 0.93757903 | K27: 0.76158179 | L27: 0.17599724 | M27: 0.6576618 | N27: 0.54029199 | O27: 0.11736981
A28: Digos City | B28: Total (MF) | C28: 10924 | D28: 2783 | E28: 8141 | F28: 6912 | G28: 1713 | H28: 5199 | I28: 7057 | J28: 1.5479666 | K28: 0.39436021 | L28: 1.1536063 | M28: 0.97945303 | N28: 0.24273771 | O28: 0.73671532 | P28: 1.1145616 | Q28: 0.87964681 | R28: 1.2088183 | S28: 1.3213985 | T28: 1.0258575 | U28: 1.4384607
B29: Male (M) | C29: 5207 | D29: 1491 | E29: 3716 | F29: 3003 | G29: 852 | H29: 2151 | I29: 3555 | J29: 1.4646976 | K29: 0.41940928 | L29: 1.0452883 | M29: 0.84472574 | N29: 0.23966245 | O29: 0.60506329
B30: Female (F) | C30: 5717 | D30: 1292 | E30: 4425 | F30: 3909 | G30: 861 | H30: 3048 | I30: 3502 | J30: 1.6324957 | K30: 0.36893204 | L30: 1.2635637 | M30: 1.1162193 | N30: 0.24585951 | O30: 0.87035979
A31: Island Garden City of Samal | B31: Total (MF) | C31: 4707 | D31: 4266 | E31: 441 | F31: 3225 | G31: 2869 | H31: 356 | I31: 4469 | J31: 1.0532558 | K31: 0.95457597 | L31: 0.098679794 | M31: 0.72163795 | N31: 0.64197807 | O31: 0.079659879 | P31: 1.0902201 | Q31: 1.08253 | R31: 1.1674372 | S31: 1.3031353 | T31: 1.3122581 | U31: 1.2320095
B32: Male (M) | C32: 2418 | D32: 2199 | E32: 219 | F32: 1513 | G32: 1341 | H32: 172 | I32: 2392 | J32: 1.0108696 | K32: 0.91931438 | L32: 0.091555184 | M32: 0.63252508 | N32: 0.56061873 | O32: 0.071906355
B33: Female (F) | C33: 2289 | D33: 2067 | E33: 222 | F33: 1712 | G33: 1528 | H33: 184 | I33: 2077 | J33: 1.1020703 | K33: 0.99518536 | L33: 0.10688493 | M33: 0.82426577 | N33: 0.73567646 | O33: 0.088589312
A34: Mati City | B34: Total (MF) | C34: 6827 | D34: 5140 | E34: 1687 | F34: 4261 | G34: 3142 | H34: 1119 | I34: 6417 | J34: 1.0638928 | K34: 0.80099735 | L34: 0.26289543 | M34: 0.66401745 | N34: 0.4896369 | O34: 0.17438055 | P34: 1.0754189 | Q34: 1.0750974 | R34: 1.076399 | S34: 1.3122623 | T34: 1.3423226 | U34: 1.2318051
B35: Male (M) | C35: 3324 | D35: 2503 | E35: 821 | F35: 1864 | G35: 1357 | H35: 507 | I35: 3241 | J35: 1.0256094 | K35: 0.7722925 | L35: 0.25331688 | M35: 0.57513113 | N35: 0.41869793 | O35: 0.1564332
B36: Female (F) | C36: 3503 | D36: 2637 | E36: 866 | F36: 2397 | G36: 1785 | H36: 612 | I36: 3176 | J36: 1.1029597 | K36: 0.83028967 | L36: 0.27267003 | M36: 0.75472292 | N36: 0.56202771 | O36: 0.19269521
A37: Panabo City | B37: Total (MF) | C37: 9858 | D37: 6678 | E37: 3180 | F37: 7047 | G37: 4559 | H37: 2488 | I37: 8169 | J37: 1.2067573 | K37: 0.81748072 | L37: 0.38927653 | M37: 0.86265149 | N37: 0.55808544 | O37: 0.30456604 | P37: 1.068894 | Q37: 0.98329572 | R37: 1.2744853 | S37: 1.2030628 | T37: 1.1112701 | U37: 1.3932849
B38: Male (M) | C38: 4868 | D38: 3437 | E38: 1431 | F38: 3272 | G38: 2207 | H38: 1065 | I38: 4170 | J38: 1.1673861 | K38: 0.82422062 | L38: 0.34316547 | M38: 0.78465228 | N38: 0.52925659 | O38: 0.25539568
B39: Female (F) | C39: 4990 | D39: 3241 | E39: 1749 | F39: 3775 | G39: 2352 | H39: 1423 | I39: 3999 | J39: 1.247812 | K39: 0.81045261 | L39: 0.43735934 | M39: 0.943986 | N39: 0.58814704 | O39: 0.35583896
A40: Tagum City | B40: Total (MF) | C40: 14173 | D40: 6745 | E40: 7428 | F40: 10172 | G40: 4603 | H40: 5569 | I40: 11294 | J40: 1.2549141 | K40: 0.59721976 | L40: 0.65769435 | M40: 0.90065522 | N40: 0.40756154 | O40: 0.49309368 | P40: 1.0580611 | Q40: 0.87902538 | R40: 1.2527166 | S40: 1.1916122 | T40: 0.98123988 | U40: 1.4021644
B41: Male (M) | C41: 6938 | D41: 3614 | E41: 3324 | F41: 4678 | G41: 2340 | H41: 2338 | I41: 5688 | J41: 1.2197609 | K41: 0.63537271 | L41: 0.58438819 | M41: 0.82243319 | N41: 0.41139241 | O41: 0.41104079
B42: Female (F) | C42: 7235 | D42: 3131 | E42: 4104 | F42: 5494 | G42: 2263 | H42: 3231 | I42: 5606 | J42: 1.2905815 | K42: 0.55850874 | L42: 0.73207278 | M42: 0.98002141 | N42: 0.40367463 | O42: 0.57634677
A43: TOTAL | B43: Total (MF) | C43: 214749 | D43: 142413 | E43: 72336 | F43: 144635 | G43: 93542 | H43: 51093 | I43: 204436 | J43: 1.0504461 | K43: 0.6966141 | L43: 0.35383201 | M43: 0.70748303 | N43: 0.45756129 | O43: 0.24992174 | P43: 1.0800946 | Q43: 1.0276976 | R43: 1.1913746 | S43: 1.2352736 | T43: 1.1821848 | U43: 1.3393081
B44: Male (M) | C44: 105912 | D44: 72007 | E44: 33905 | F44: 66491 | G44: 44025 | H44: 22466 | I44: 104763 | J44: 1.0109676 | K44: 0.68733236 | L44: 0.32363525 | M44: 0.63468018 | N44: 0.42023424 | O44: 0.21444594
B45: Female (F) | C45: 108837 | D45: 70406 | E45: 38431 | F45: 78144 | G45: 49517 | H45: 28627 | I45: 99673 | J45: 1.0919406 | K45: 0.70636983 | L45: 0.38557082 | M45: 0.78400369 | N45: 0.49679452 | O45: 0.28720917

Sheet GER-NER G7toG12wLSENs
A1: DEPARTMENT OF EDUCATION
A2: GROSS AND NET ENROLMENT RATE IN JUNIOR HIGH SCHOOL TO SENIOR HIGH SCHOOL
A3: (Based on Learners' School Address)
A4: SY 2023-2024
A6: Region/Division | C6: Total Enrollment (All Ages) | F6: Total Enrollment (Ages 12-17) | I6: Population | J6: Gross Enrollment Rate (GER) | M6: Net Enrollment Rate (NER) | P6: Gender Parity Index (GER) | S6: Gender Parity Index (NER)
C7: Total | D7: Public | E7: Private | F7: Total | G7: Public | H7: Private | I7: (Ages 12-17) | J7: Both | K7: Public | L7: Private | M7: Both | N7: Public | O7: Private | P7: Both | Q7: Public | R7: Private | S7: Both | T7: Public | U7: Private
A8: REGION XI - DAVAO REGION
A10: Davao City | B10: Total (MF) | C10: 218663 | D10: 160319 | E10: 58344 | F10: 184625 | G10: 137258 | H10: 47367 | I10: 205110 | J10: 1.0660767 | K10: 0.78162449 | L10: 0.28445225 | M10: 0.90012676 | N10: 0.66919214 | O10: 0.23093462 | P10: 1.0425015 | Q10: 1.0052577 | R10: 1.1521763 | S10: 1.0941796 | T10: 1.05502 | U10: 1.2163754
B11: Male (M) | C11: 109436 | D11: 81694 | E11: 27742 | F11: 90168 | G11: 68285 | H11: 21883 | I11: 104787 | J11: 1.0443662 | K11: 0.77961961 | L11: 0.26474658 | M11: 0.86048842 | N11: 0.65165526 | O11: 0.20883316
B12: Female (F) | C12: 109227 | D12: 78625 | E12: 30602 | F12: 94457 | G12: 68973 | H12: 25484 | I12: 100323 | J12: 1.0887533 | K12: 0.78371859 | L12: 0.30503474 | M12: 0.94152886 | N12: 0.68750934 | O12: 0.25401952
A13: Davao de Oro (Compostela Valley) | B13: Total (MF) | C13: 93687 | D13: 86303 | E13: 7384 | F13: 78463 | G13: 72609 | H13: 5854 | I13: 101352 | J13: 0.92437248 | K13: 0.85151748 | L13: 0.072855 | M13: 0.77416331 | N13: 0.71640422 | O13: 0.057759097 | P13: 1.04736 | Q13: 1.0478145 | R13: 1.0420632 | S13: 1.096358 | T13: 1.0927672 | U13: 1.1419013
B14: Male (M) | C14: 47651 | D14: 43886 | E14: 3765 | F14: 39011 | G14: 36160 | H14: 2851 | I14: 52721 | J14: 0.90383339 | K14: 0.83241972 | L14: 0.071413668 | M14: 0.73995182 | N14: 0.6858747 | O14: 0.054077123
B15: Female (F) | C15: 46036 | D15: 42417 | E15: 3619 | F15: 39452 | G15: 36449 | H15: 3003 | I15: 48631 | J15: 0.94663898 | K15: 0.87222142 | L15: 0.074417553 | M15: 0.81125208 | N15: 0.74950135 | O15: 0.061750735
A16: Davao del Norte | B16: Total (MF) | C16: 58675 | D16: 54628 | E16: 4047 | F16: 48902 | G16: 45346 | H16: 3556 | I16: 61682 | J16: 0.95124996 | K16: 0.88563925 | L16: 0.065610713 | M16: 0.79280827 | N16: 0.73515774 | O16: 0.05765053 | P16: 1.0113794 | Q16: 1.0180813 | R16: 0.92495967 | S16: 1.0616135 | T16: 1.0684683 | U16: 0.97791319
B17: Male (M) | C17: 30082 | D17: 27917 | E17: 2165 | F17: 24479 | G17: 22626 | H17: 1853 | I17: 31798 | J17: 0.94603434 | K17: 0.8779483 | L17: 0.068086043 | M17: 0.76982829 | N17: 0.71155419 | O17: 0.058274105
B18: Female (F) | C18: 28593 | D18: 26711 | E18: 1882 | F18: 24423 | G18: 22720 | H18: 1703 | I18: 29884 | J18: 0.95679963 | K18: 0.89382278 | L18: 0.062976844 | M18: 0.81726007 | N18: 0.76027306 | O18: 0.056987016
A19: Davao del Sur | B19: Total (MF) | C19: 52809 | D19: 43330 | E19: 9479 | F19: 45882 | G19: 37207 | H19: 8675 | I19: 59445 | J19: 0.8883674 | K19: 0.72890908 | L19: 0.15945832 | M19: 0.77183952 | N19: 0.6259063 | O19: 0.14593322 | P19: 1.0611349 | Q19: 1.0575762 | R19: 1.0775546 | S19: 1.1231485 | T19: 1.12333 | U19: 1.1223703
B20: Male (M) | C20: 26649 | D20: 21902 | E20: 4747 | F20: 22502 | G20: 18246 | H20: 4256 | I20: 30879 | J20: 0.8630137 | K20: 0.70928463 | L20: 0.15372907 | M20: 0.72871531 | N20: 0.59088701 | O20: 0.1378283
B21: Female (F) | C21: 26160 | D21: 21428 | E21: 4732 | F21: 23380 | G21: 18961 | H21: 4419 | I21: 28566 | J21: 0.915774 | K21: 0.75012252 | L21: 0.16565147 | M21: 0.81845551 | N21: 0.66376111 | O21: 0.15469439
A22: Davao Occidental | B22: Total (MF) | C22: 32985 | D22: 31429 | E22: 1556 | F22: 27135 | G22: 25795 | H22: 1340 | I22: 43731 | J22: 0.75427043 | K22: 0.71868926 | L22: 0.035581167 | M22: 0.62049804 | N22: 0.58985617 | O22: 0.030641879 | P22: 1.1965122 | Q22: 1.206324 | R22: 1.0151421 | S22: 1.2150901 | T22: 1.2218939 | U22: 1.0916349
B23: Male (M) | C23: 15393 | D23: 14603 | E23: 790 | F23: 12559 | G23: 11903 | H23: 656 | I23: 22367 | J23: 0.68820137 | K23: 0.65288148 | L23: 0.035319891 | M23: 0.56149685 | N23: 0.53216793 | O23: 0.029328922
B24: Female (F) | C24: 17592 | D24: 16826 | E24: 766 | F24: 14576 | G24: 13892 | H24: 684 | I24: 21364 | J24: 0.8234413 | K24: 0.78758659 | L24: 0.035854709 | M24: 0.68226924 | N24: 0.65025276 | O24: 0.032016476
A25: Davao Oriental | B25: Total (MF) | C25: 52842 | D25: 47597 | E25: 5245 | F25: 43559 | G25: 39349 | H25: 4210 | I25: 56734 | J25: 0.93139916 | K25: 0.83895019 | L25: 0.092448972 | M25: 0.76777594 | N25: 0.69356999 | O25: 0.074205944 | P25: 1.0287144 | Q25: 1.0194393 | R25: 1.1168592 | S25: 1.1119637 | T25: 1.1070214 | U25: 1.1592805
B26: Male (M) | C26: 26605 | D26: 24072 | E26: 2533 | F26: 21084 | G26: 19090 | H26: 1994 | I26: 28966 | J26: 0.91849064 | K26: 0.83104329 | L26: 0.087447352 | M26: 0.72788787 | N26: 0.65904854 | O26: 0.068839329
B27: Female (F) | C27: 26237 | D27: 23525 | E27: 2712 | F27: 22475 | G27: 20259 | H27: 2216 | I27: 27768 | J27: 0.94486459 | K27: 0.84719821 | L27: 0.097666379 | M27: 0.8093849 | N27: 0.72958081 | O27: 0.079804091
A28: Digos City | B28: Total (MF) | C28: 27561 | D28: 17605 | E28: 9956 | F28: 22331 | G28: 15270 | H28: 7061 | I28: 22004 | J28: 1.252545 | K28: 0.8000818 | L28: 0.45246319 | M28: 1.0148609 | N28: 0.69396473 | O28: 0.3208962 | P28: 1.0538325 | Q28: 0.98760188 | R28: 1.182207 | S28: 1.1296834 | T28: 1.0493043 | U28: 1.3266211
B29: Male (M) | C29: 13666 | D29: 9015 | E29: 4651 | F29: 10685 | G29: 7588 | H29: 3097 | I29: 11199 | J29: 1.2202875 | K29: 0.80498259 | L29: 0.41530494 | M29: 0.95410304 | N29: 0.6775605 | O29: 0.27654255
B30: Female (F) | C30: 13895 | D30: 8590 | E30: 5305 | F30: 11646 | G30: 7682 | H30: 3964 | I30: 10805 | J30: 1.2859787 | K30: 0.79500231 | L30: 0.4909764 | M30: 1.0778343 | N30: 0.71096714 | O30: 0.36686719
A31: Island Garden City of Samal | B31: Total (MF) | C31: 14631 | D31: 13575 | E31: 1056 | F31: 12190 | G31: 11221 | H31: 969 | I31: 13862 | J31: 1.0554754 | K31: 0.97929592 | L31: 0.076179483 | M31: 0.87938248 | N31: 0.80947915 | O31: 0.069903333 | P31: 1.0831826 | Q31: 1.0757806 | R31: 1.1829875 | S31: 1.1690273 | T31: 1.1646122 | U31: 1.2214262
B32: Male (M) | C32: 7430 | D32: 6917 | E32: 513 | F32: 5958 | G32: 5495 | H32: 463 | I32: 7316 | J32: 1.0155823 | K32: 0.945462 | L32: 0.070120284 | M32: 0.81437944 | N32: 0.75109349 | O32: 0.063285949
B33: Female (F) | C33: 7201 | D33: 6658 | E33: 543 | F33: 6232 | G33: 5726 | H33: 506 | I33: 6546 | J33: 1.1000611 | K33: 1.0171097 | L33: 0.082951421 | M33: 0.95203178 | N33: 0.87473266 | O33: 0.077299114
A34: Mati City | B34: Total (MF) | C34: 20532 | D34: 17837 | E34: 2695 | F34: 16601 | G34: 14469 | H34: 2132 | I34: 19345 | J34: 1.0613595 | K34: 0.92204704 | L34: 0.13931248 | M34: 0.85815456 | N34: 0.74794521 | O34: 0.11020936 | P34: 1.0616254 | Q34: 1.0620006 | R34: 1.0591452 | S34: 1.1523854 | T34: 1.1543777 | U34: 1.138959
B35: Male (M) | C35: 10174 | D35: 8837 | E35: 1337 | F35: 7886 | G35: 6867 | H35: 1019 | I35: 9875 | J35: 1.0302785 | K35: 0.89488608 | L35: 0.13539241 | M35: 0.79858228 | N35: 0.69539241 | O35: 0.10318987
B36: Female (F) | C36: 10358 | D36: 9000 | E36: 1358 | F36: 8715 | G36: 7602 | H36: 1113 | I36: 9470 | J36: 1.0937698 | K36: 0.95036959 | L36: 0.14340021 | M36: 0.92027455 | N36: 0.80274551 | O36: 0.11752904
A37: Panabo City | B37: Total (MF) | C37: 28997 | D37: 23039 | E37: 5958 | F37: 23922 | G37: 18627 | H37: 5295 | I37: 25271 | J37: 1.1474417 | K37: 0.91167742 | L37: 0.23576431 | M37: 0.94661865 | N37: 0.73708994 | O37: 0.20952871 | P37: 1.0339616 | Q37: 0.99733357 | R37: 1.1888199 | S37: 1.0877156 | T37: 1.0503237 | U37: 1.2305182
B38: Male (M) | C38: 14638 | D38: 11838 | E38: 2800 | F38: 11773 | G38: 9330 | H38: 2443 | I38: 12968 | J38: 1.1287785 | K38: 0.91286243 | L38: 0.2159161 | M38: 0.90785009 | N38: 0.71946329 | O38: 0.1883868
B39: Female (F) | C39: 14359 | D39: 11201 | E39: 3158 | F39: 12149 | G39: 9297 | H39: 2852 | I39: 12303 | J39: 1.1671137 | K39: 0.91042835 | L39: 0.25668536 | M39: 0.98748273 | N39: 0.75566935 | O39: 0.23181338
A40: Tagum City | B40: Total (MF) | C40: 38344 | D40: 27818 | E40: 10526 | F40: 33191 | G40: 24520 | H40: 8671 | I40: 34515 | J40: 1.1109373 | K40: 0.80596842 | L40: 0.30496885 | M40: 0.96163987 | N40: 0.71041576 | O40: 0.25122411 | P40: 1.0261704 | Q40: 0.96485246 | R40: 1.2079722 | S40: 1.078928 | T40: 1.0116663 | U40: 1.2955843
B41: Male (M) | C41: 19206 | D41: 14362 | E41: 4844 | F41: 16209 | G41: 12369 | H41: 3840 | I41: 17511 | J41: 1.0967963 | K41: 0.82017018 | L41: 0.27662612 | M41: 0.92564674 | N41: 0.706356 | O41: 0.21929073
B42: Female (F) | C42: 19138 | D42: 13456 | E42: 5682 | F42: 16982 | G42: 12151 | H42: 4831 | I42: 17004 | J42: 1.1254999 | K42: 0.79134321 | L42: 0.33415667 | M42: 0.99870619 | N42: 0.71459657 | O42: 0.28410962
A43: TOTAL | B43: Total (MF) | C43: 639726 | D43: 523480 | E43: 116246 | F43: 536801 | G43: 441671 | H43: 95130 | I43: 643051 | J43: 0.99482934 | K43: 0.81405674 | L43: 0.1807726 | M43: 0.83477205 | N43: 0.68683666 | O43: 0.14793539 | P43: 1.0496575 | Q43: 1.0303468 | R43: 1.1412382 | S43: 1.1057206 | T43: 1.0845749 | U43: 1.2096296
B44: Male (M) | C44: 320930 | D44: 265043 | E44: 55887 | F44: 262314 | G44: 217959 | H44: 44355 | I44: 330387 | J44: 0.97137599 | K44: 0.80221982 | L44: 0.16915617 | M44: 0.79395981 | N44: 0.65970816 | O44: 0.13425165
B45: Female (F) | C45: 318796 | D45: 258437 | E45: 60359 | F45: 274487 | G45: 223712 | H45: 50775 | I45: 312664 | J45: 1.0196121 | K45: 0.82656462 | L45: 0.19304749 | M45: 0.87789768 | N45: 0.7155029 | O45: 0.16239478

Sheet AIR-NIR Kinder
A1: DEPARTMENT OF EDUCATION
A2: APPARENT (GROSS) AND NET INTAKE RATE IN KINDERGARTEN EDUCATION
A3: (Based on Learners' School Address)
A4: SY 2023-2024
A6: Region/Division | C6: New Entrants to Kinder (All Ages) | F6: New Entrants to Kinder (Age 5) | I6: Population | J6: Apparent Intake Rate (AIR) | M6: Net Intake Rate (NIR) | P6: Gender Parity Index (AIR) | S6: Gender Parity Index (NIR)
C7: Total | D7: Public | E7: Private | F7: Total | G7: Public | H7: Private | I7: (Age 5) | J7: Both | K7: Public | L7: Private | M7: Both | N7: Public | O7: Private | P7: Both | Q7: Public | R7: Private | S7: Both | T7: Public | U7: Private
A8: REGION XI - DAVAO REGION
A10: Davao City | B10: Total (MF) | C10: 34178 | D10: 29520 | E10: 4658 | F10: 27565 | G10: 23526 | H10: 4039 | I10: 35303 | J10: 0.96813302 | K10: 0.83618956 | L10: 0.13194346 | M10: 0.78081183 | N10: 0.66640229 | O10: 0.11440954 | P10: 1.0162628 | Q10: 1.0211258 | R10: 0.98596301 | S10: 1.0851201 | T10: 1.0947917 | U10: 1.0304637
B11: Male (M) | C11: 17491 | D11: 15072 | E11: 2419 | F11: 13655 | G11: 11602 | H11: 2053 | I11: 18209 | J11: 0.96056895 | K11: 0.82772255 | L11: 0.13284639 | M11: 0.74990389 | N11: 0.63715745 | O11: 0.11274644
B12: Female (F) | C12: 16687 | D12: 14448 | E12: 2239 | F12: 13910 | G12: 11924 | H12: 1986 | I12: 17094 | J12: 0.97619048 | K12: 0.84520885 | L12: 0.13098163 | M12: 0.81373581 | N12: 0.6975547 | O12: 0.11618112
A13: Davao de Oro (Compostela Valley) | B13: Total (MF) | C13: 14346 | D13: 13653 | E13: 693 | F13: 12700 | G13: 12052 | H13: 648 | I13: 16531 | J13: 0.86782409 | K13: 0.82590285 | L13: 0.041921239 | M13: 0.76825358 | N13: 0.7290545 | O13: 0.039199081 | P13: 1.0118807 | Q13: 1.0126843 | R13: 0.99617277 | S13: 1.0494144 | T13: 1.0512012 | U13: 1.0167137
B14: Male (M) | C14: 7500 | D14: 7135 | E14: 365 | F14: 6524 | G14: 6186 | H14: 338 | I14: 8691 | J14: 0.86296168 | K14: 0.82096422 | L14: 0.041997469 | M14: 0.7506616 | N14: 0.7117708 | O14: 0.038890807
B15: Female (F) | C15: 6846 | D15: 6518 | E15: 328 | F15: 6176 | G15: 5866 | H15: 310 | I15: 7840 | J15: 0.87321429 | K15: 0.83137755 | L15: 0.041836735 | M15: 0.7877551 | N15: 0.74821429 | O15: 0.039540816
A16: Davao del Norte | B16: Total (MF) | C16: 10142 | D16: 9287 | E16: 855 | F16: 8692 | G16: 7901 | H16: 791 | I16: 10911 | J16: 0.92952067 | K16: 0.85115938 | L16: 0.078361287 | M16: 0.79662726 | N16: 0.72413161 | O16: 0.072495647 | P16: 1.0298771 | Q16: 1.0286844 | R16: 1.0429195 | S16: 1.0667454 | T16: 1.0661801 | U16: 1.0724087
B17: Male (M) | C17: 5180 | D17: 4746 | E17: 434 | F17: 4363 | G17: 3967 | H17: 396 | I17: 5653 | J17: 0.91632761 | K17: 0.83955422 | L17: 0.076773395 | M17: 0.77180258 | N17: 0.70175128 | O17: 0.0700513
B18: Female (F) | C18: 4962 | D18: 4541 | E18: 421 | F18: 4329 | G18: 3934 | H18: 395 | I18: 5258 | J18: 0.94370483 | K18: 0.86363636 | L18: 0.080068467 | M18: 0.82331685 | N18: 0.74819323 | O18: 0.075123621
A19: Davao del Sur | B19: Total (MF) | C19: 8891 | D19: 8455 | E19: 436 | F19: 7607 | G19: 7215 | H19: 392 | I19: 10031 | J19: 0.88635231 | K19: 0.84288705 | L19: 0.043465258 | M19: 0.75834912 | N19: 0.71927026 | O19: 0.039078856 | P19: 0.99296164 | Q19: 0.99605373 | R19: 0.93476694 | S19: 1.0461848 | T19: 1.0488713 | U19: 0.99791952
B20: Male (M) | C20: 4638 | D20: 4404 | E20: 234 | F20: 3869 | G20: 3665 | H20: 204 | I20: 5215 | J20: 0.88935762 | K20: 0.84448706 | L20: 0.044870566 | M20: 0.74189837 | N20: 0.70278044 | O20: 0.039117929
B21: Female (F) | C21: 4253 | D21: 4051 | E21: 202 | F21: 3738 | G21: 3550 | H21: 188 | I21: 4816 | J21: 0.88309801 | K21: 0.84115449 | L21: 0.041943522 | M21: 0.77616279 | N21: 0.73712625 | O21: 0.039036545
A22: Davao Occidental | B22: Total (MF) | C22: 6882 | D22: 6728 | E22: 154 | F22: 4696 | G22: 4582 | H22: 114 | I22: 7546 | J22: 0.91200636 | K22: 0.8915982 | L22: 0.020408163 | M22: 0.62231646 | N22: 0.60720912 | O22: 0.015107342 | P22: 1.0001817 | Q22: 1.0058224 | R22: 0.78083581 | S22: 1.0482331 | T22: 1.0529972 | U22: 0.87319274
B23: Male (M) | C23: 3510 | D23: 3422 | E23: 88 | F23: 2340 | G23: 2278 | H23: 62 | I23: 3849 | J23: 0.91192518 | K23: 0.88906209 | L23: 0.022863081 | M23: 0.60795012 | N23: 0.59184204 | O23: 0.01610808
B24: Female (F) | C24: 3372 | D24: 3306 | E24: 66 | F24: 2356 | G24: 2304 | H24: 52 | I24: 3697 | J24: 0.91209088 | K24: 0.89423857 | L24: 0.017852313 | M24: 0.63727346 | N24: 0.62320801 | O24: 0.014065458
A25: Davao Oriental | B25: Total (MF) | C25: 8724 | D25: 8564 | E25: 160 | F25: 7485 | G25: 7336 | H25: 149 | I25: 9287 | J25: 0.93937762 | K25: 0.92214924 | L25: 0.017228384 | M25: 0.80596533 | N25: 0.7899214 | O25: 0.016043932 | P25: 0.99155853 | Q25: 0.98480997 | R25: 1.4318028 | S25: 1.0434073 | T25: 1.0365864 | U25: 1.4446485
B26: Male (M) | C26: 4504 | D26: 4436 | E26: 68 | F26: 3769 | G26: 3706 | H26: 63 | I26: 4775 | J26: 0.94324607 | K26: 0.92900524 | L26: 0.014240838 | M26: 0.78931937 | N26: 0.77612565 | O26: 0.013193717
B27: Female (F) | C27: 4220 | D27: 4128 | E27: 92 | F27: 3716 | G27: 3630 | H27: 86 | I27: 4512 | J27: 0.93528369 | K27: 0.91489362 | L27: 0.020390071 | M27: 0.82358156 | N27: 0.80452128 | O27: 0.019060284
A28: Digos City | B28: Total (MF) | C28: 3928 | D28: 3369 | E28: 559 | F28: 3434 | G28: 2906 | H28: 528 | I28: 3711 | J28: 1.0584748 | K28: 0.90784155 | L28: 0.15063325 | M28: 0.92535705 | N28: 0.78307734 | O28: 0.14227971 | P28: 0.96521749 | Q28: 0.95653313 | R28: 1.019189 | S28: 1.0235252 | T28: 1.0253726 | U28: 1.0134162
B29: Male (M) | C29: 2049 | D29: 1765 | E29: 284 | F29: 1741 | G29: 1472 | H29: 269 | I29: 1903 | J29: 1.076721 | K29: 0.92748292 | L29: 0.14923805 | M29: 0.91487126 | N29: 0.7735155 | O29: 0.14135575
B30: Female (F) | C30: 1879 | D30: 1604 | E30: 275 | F30: 1693 | G30: 1434 | H30: 259 | I30: 1808 | J30: 1.0392699 | K30: 0.88716814 | L30: 0.15210177 | M30: 0.93639381 | N30: 0.79314159 | O30: 0.14325221
A31: Island Garden City of Samal | B31: Total (MF) | C31: 2211 | D31: 2096 | E31: 115 | F31: 1969 | G31: 1863 | H31: 106 | I31: 2394 | J31: 0.9235589 | K31: 0.87552214 | L31: 0.048036759 | M31: 0.82247285 | N31: 0.77819549 | O31: 0.04427736 | P31: 1.0275067 | Q31: 1.0159346 | R31: 1.2633149 | S31: 1.0854291 | T31: 1.0787718 | U31: 1.2095222
B32: Male (M) | C32: 1133 | D32: 1080 | E32: 53 | F32: 982 | G32: 932 | H32: 50 | I32: 1243 | J32: 0.91150442 | K32: 0.86886565 | L32: 0.042638777 | M32: 0.79002414 | N32: 0.74979887 | O32: 0.040225261
B33: Female (F) | C33: 1078 | D33: 1016 | E33: 62 | F33: 987 | G33: 931 | H33: 56 | I33: 1151 | J33: 0.93657689 | K33: 0.88271069 | L33: 0.053866203 | M33: 0.8575152 | N33: 0.80886186 | O33: 0.048653345
A34: Mati City | B34: Total (MF) | C34: 3290 | D34: 3005 | E34: 285 | F34: 2790 | G34: 2524 | H34: 266 | I34: 3198 | J34: 1.028768 | K34: 0.93964978 | L34: 0.089118199 | M34: 0.87242026 | N34: 0.78924328 | O34: 0.083176986 | P34: 1.0089498 | Q34: 1.0198041 | R34: 0.90104197 | S34: 1.0592402 | T34: 1.0761609 | U34: 0.9110947
B35: Male (M) | C35: 1685 | D35: 1531 | E35: 154 | F35: 1395 | G35: 1252 | H35: 143 | I35: 1645 | J35: 1.0243161 | K35: 0.93069909 | L35: 0.093617021 | M35: 0.84802432 | N35: 0.76109422 | O35: 0.086930091
B36: Female (F) | C36: 1605 | D36: 1474 | E36: 131 | F36: 1395 | G36: 1272 | H36: 123 | I36: 1553 | J36: 1.0334836 | K36: 0.94913071 | L36: 0.084352865 | M36: 0.89826143 | N36: 0.81905988 | O36: 0.079201545
A37: Panabo City | B37: Total (MF) | C37: 4108 | D37: 3610 | E37: 498 | F37: 3685 | G37: 3237 | H37: 448 | I37: 4358 | J37: 0.94263424 | K37: 0.82836163 | L37: 0.1142726 | M37: 0.84557136 | N37: 0.74277191 | O37: 0.10279945 | P37: 1.0100027 | Q37: 1.0368827 | R37: 0.83398216 | S37: 1.0618939 | T37: 1.0924273 | U37: 0.86460144
B38: Male (M) | C38: 2106 | D38: 1827 | E38: 279 | F38: 1843 | G38: 1596 | H38: 247 | I38: 2245 | J38: 0.93808463 | K38: 0.81380846 | L38: 0.12427617 | M38: 0.82093541 | N38: 0.71091314 | O38: 0.11002227
B39: Female (F) | C39: 2002 | D39: 1783 | E39: 219 | F39: 1842 | G39: 1641 | H39: 201 | I39: 2113 | J39: 0.94746805 | K39: 0.84382395 | L39: 0.10364411 | M39: 0.87174633 | N39: 0.77662092 | O39: 0.095125414
A40: Tagum City | B40: Total (MF) | C40: 5574 | D40: 4670 | E40: 904 | F40: 4931 | G40: 4100 | H40: 831 | I40: 5834 | J40: 0.95543366 | K40: 0.80047995 | L40: 0.15495372 | M40: 0.84521769 | N40: 0.70277683 | O40: 0.14244086 | P40: 0.93997477 | Q40: 0.94012516 | R40: 0.9391982 | S40: 0.99325725 | T40: 1.0011666 | U40: 0.95511064
B41: Male (M) | C41: 2940 | D41: 2463 | E41: 477 | F41: 2533 | G41: 2098 | H41: 435 | I41: 2987 | J41: 0.98426515 | K41: 0.82457315 | L41: 0.159692 | M41: 0.84800803 | N41: 0.70237697 | O41: 0.14563107
B42: Female (F) | C42: 2634 | D42: 2207 | E42: 427 | F42: 2398 | G42: 2002 | H42: 396 | I42: 2847 | J42: 0.9251844 | K42: 0.77520197 | L42: 0.14998244 | M42: 0.84229013 | N42: 0.70319635 | O42: 0.13909378
A43: TOTAL | B43: Total (MF) | C43: 102274 | D43: 92957 | E43: 9317 | F43: 85554 | G43: 77242 | H43: 8312 | I43: 109104 | J43: 0.93739918 | K43: 0.85200359 | L43: 0.085395586 | M43: 0.7841509 | N43: 0.70796671 | O43: 0.076184191 | P43: 1.0057868 | Q43: 1.0079913 | R43: 0.98404502 | S43: 1.0589179 | T43: 1.0633677 | U43: 1.0184377
B44: Male (M) | C44: 52736 | D44: 47881 | E44: 4855 | F44: 43014 | G44: 38754 | H44: 4260 | I44: 56415 | J44: 0.93478685 | K44: 0.84872818 | L44: 0.086058672 | M44: 0.76245679 | N44: 0.68694496 | O44: 0.075511832
B45: Female (F) | C45: 49538 | D45: 45076 | E45: 4462 | F45: 42540 | G45: 38488 | H45: 4052 | I45: 52689 | J45: 0.94019625 | K45: 0.85551064 | L45: 0.084685608 | M45: 0.80737915 | N45: 0.73047505 | O45: 0.076904098

Sheet AIR-NIR Grade1
A1: DEPARTMENT OF EDUCATION
A2: APPARENT (GROSS) AND NET INTAKE RATE IN ELEMENTARY EDUCATION
A3: (Based on Learners' School Address)
A4: SY 2023-2024
A6: Region/Division | C6: New Entrants to Gr1 (All Ages) | F6: New Entrants to Gr1 (Age 6) | I6: Population | J6: Apparent Intake Rate (AIR) | M6: Net Intake Rate (NIR) | P6: Gender Parity Index (AIR) | S6: Gender Parity Index (NIR)
C7: Total | D7: Public | E7: Private | F7: Total | G7: Public | H7: Private | I7: (Age 6) | J7: Both | K7: Public | L7: Private | M7: Both | N7: Public | O7: Private | P7: Both | Q7: Public | R7: Private | S7: Both | T7: Public | U7: Private
A8: REGION XI - DAVAO REGION
A10: Davao City | B10: Total (MF) | C10: 36689 | D10: 32423 | E10: 4266 | F10: 25391 | G10: 21960 | H10: 3431 | I10: 35285 | J10: 1.0397903 | K10: 0.91888905 | L10: 0.12090123 | M10: 0.71959756 | N10: 0.62236078 | O10: 0.097236786 | P10: 1.0048677 | Q10: 1.0007441 | R10: 1.0367516 | S10: 1.086329 | T10: 1.0841117 | U10: 1.1006287
B11: Male (M) | C11: 18992 | D11: 16817 | E11: 2175 | F11: 12649 | G11: 10951 | H11: 1698 | I11: 18308 | J11: 1.0373607 | K11: 0.91856019 | L11: 0.11880052 | M11: 0.69090015 | N11: 0.59815381 | O11: 0.09274634
B12: Female (F) | C12: 17697 | D12: 15606 | E12: 2091 | F12: 12742 | G12: 11009 | H12: 1733 | I12: 16977 | J12: 1.0424103 | K12: 0.91924368 | L12: 0.12316664 | M12: 0.75054485 | N12: 0.64846557 | O12: 0.10207928
A13: Davao de Oro (Compostela Valley) | B13: Total (MF) | C13: 15438 | D13: 14868 | E13: 570 | F13: 12486 | G13: 11998 | H13: 488 | I13: 17019 | J13: 0.90710383 | K13: 0.87361185 | L13: 0.03349198 | M13: 0.73365063 | N13: 0.70497679 | O13: 0.028673835 | P13: 1.0334838 | Q13: 1.0339764 | R13: 1.0207135 | S13: 1.0789065 | T13: 1.08083 | U13: 1.0326579
B14: Male (M) | C14: 7969 | D14: 7673 | E14: 296 | F14: 6311 | G14: 6059 | H14: 252 | I14: 8925 | J14: 0.89288515 | K14: 0.85971989 | L14: 0.033165266 | M14: 0.70711485 | N14: 0.67887955 | O14: 0.028235294
B15: Female (F) | C15: 7469 | D15: 7195 | E15: 274 | F15: 6175 | G15: 5939 | H15: 236 | I15: 8094 | J15: 0.92278231 | K15: 0.88893007 | L15: 0.033852236 | M15: 0.7629108 | N15: 0.7337534 | O15: 0.029157401
A16: Davao del Norte | B16: Total (MF) | C16: 10199 | D16: 9841 | E16: 358 | F16: 8118 | G16: 7800 | H16: 318 | I16: 10975 | J16: 0.92929385 | K16: 0.89667426 | L16: 0.03261959 | M16: 0.73968109 | N16: 0.71070615 | O16: 0.028974943 | P16: 0.96762797 | Q16: 0.96927416 | R16: 0.9233952 | S16: 1.0111646 | T16: 1.0130614 | U16: 0.96569777
B17: Male (M) | C17: 5351 | D17: 5159 | E17: 192 | F17: 4170 | G17: 4003 | H17: 167 | I17: 5668 | J17: 0.94407198 | K17: 0.9101976 | L17: 0.033874382 | M17: 0.73570924 | N17: 0.70624559 | O17: 0.029463656
B18: Female (F) | C18: 4848 | D18: 4682 | E18: 166 | F18: 3948 | G18: 3797 | H18: 151 | I18: 5307 | J18: 0.91351046 | K18: 0.88223102 | L18: 0.031279442 | M18: 0.74392312 | N18: 0.71547013 | O18: 0.028452987
A19: Davao del Sur | B19: Total (MF) | C19: 9744 | D19: 9471 | E19: 273 | F19: 7271 | G19: 7092 | H19: 179 | I19: 10087 | J19: 0.96599584 | K19: 0.9389313 | L19: 0.027064539 | M19: 0.72082879 | N19: 0.70308318 | O19: 0.017745613 | P19: 1.0372389 | Q19: 1.0377465 | R19: 1.0197759 | S19: 1.0924083 | T19: 1.0967118 | U19: 0.9344669
B20: Male (M) | C20: 5027 | D20: 4885 | E20: 142 | F20: 3657 | G20: 3560 | H20: 97 | I20: 5296 | J20: 0.94920695 | K20: 0.92239426 | L20: 0.026812689 | M20: 0.69052115 | N20: 0.67220544 | O20: 0.01831571
B21: Female (F) | C21: 4717 | D21: 4586 | E21: 131 | F21: 3614 | G21: 3532 | H21: 82 | I21: 4791 | J21: 0.98455437 | K21: 0.95721144 | L21: 0.027342935 | M21: 0.75433104 | N21: 0.73721561 | O21: 0.017115425
A22: Davao Occidental | B22: Total (MF) | C22: 7246 | D22: 7173 | E22: 73 | F22: 4313 | G22: 4263 | H22: 50 | I22: 7674 | J22: 0.94422726 | K22: 0.93471462 | L22: 0.0095126401 | M22: 0.56202763 | N22: 0.55551212 | O22: 0.0065155069 | P22: 0.99210561 | Q22: 0.99466269 | R22: 0.76872649 | S22: 1.0813688 | T22: 1.086935 | U22: 0.6943336
B23: Male (M) | C23: 3711 | D23: 3669 | E23: 42 | F23: 2116 | G23: 2086 | H23: 30 | I23: 3915 | J23: 0.94789272 | K23: 0.93716475 | L23: 0.010727969 | M23: 0.54048531 | N23: 0.53282248 | O23: 0.0076628352
B24: Female (F) | C24: 3535 | D24: 3504 | E24: 31 | F24: 2197 | G24: 2177 | H24: 20 | I24: 3759 | J24: 0.94040968 | K24: 0.93216281 | L24: 0.0082468742 | M24: 0.58446395 | N24: 0.57914339 | O24: 0.005320564
A25: Davao Oriental | B25: Total (MF) | C25: 9476 | D25: 9295 | E25: 181 | F25: 7171 | G25: 7021 | H25: 150 | I25: 9556 | J25: 0.9916283 | K25: 0.97268732 | L25: 0.018940979 | M25: 0.75041859 | N25: 0.73472164 | O25: 0.015696944 | P25: 0.97484992 | Q25: 0.97548394 | R25: 0.94281187 | S25: 1.0410361 | T25: 1.0446921 | U25: 0.8830238
B26: Male (M) | C26: 4947 | D26: 4851 | E26: 96 | F26: 3626 | G26: 3544 | H26: 82 | I26: 4928 | J26: 1.0038555 | K26: 0.984375 | L26: 0.019480519 | M26: 0.73579545 | N26: 0.71915584 | O26: 0.01663961
B27: Female (F) | C27: 4529 | D27: 4444 | E27: 85 | F27: 3545 | G27: 3477 | H27: 68 | I27: 4628 | J27: 0.97860847 | K27: 0.96024201 | L27: 0.018366465 | M27: 0.76598963 | N27: 0.75129646 | O27: 0.014693172
A28: Digos City | B28: Total (MF) | C28: 4015 | D28: 3713 | E28: 302 | F28: 3084 | G28: 2828 | H28: 256 | I28: 3706 | J28: 1.0833783 | K28: 1.0018888 | L28: 0.081489477 | M28: 0.83216406 | N28: 0.76308689 | O28: 0.069077172 | P28: 1.0825677 | Q28: 1.0874544 | R28: 1.0242066 | S28: 1.1518215 | T28: 1.1576651 | U28: 1.0892043
B29: Male (M) | C29: 2045 | D29: 1887 | E29: 158 | F29: 1523 | G29: 1393 | H29: 130 | I29: 1961 | J29: 1.0428353 | K29: 0.96226415 | L29: 0.080571137 | M29: 0.77664457 | N29: 0.71035186 | O29: 0.066292708
B30: Female (F) | C30: 1970 | D30: 1826 | E30: 144 | F30: 1561 | G30: 1435 | H30: 126 | I30: 1745 | J30: 1.1289398 | K30: 1.0464183 | L30: 0.08252149 | M30: 0.89455587 | N30: 0.82234957 | O30: 0.072206304
A31: Island Garden City of Samal | B31: Total (MF) | C31: 2393 | D31: 2293 | E31: 100 | F31: 1918 | G31: 1832 | H31: 86 | I31: 2523 | J31: 0.94847404 | K31: 0.90883868 | L31: 0.039635355 | M31: 0.7602061 | N31: 0.7261197 | O31: 0.034086405 | P31: 1.0157673 | Q31: 1.0360945 | R31: 0.63729503 | S31: 1.0517013 | T31: 1.0756881 | U31: 0.64303642
B32: Male (M) | C32: 1236 | D32: 1173 | E32: 63 | F32: 974 | G32: 920 | H32: 54 | I32: 1313 | J32: 0.94135567 | K32: 0.89337395 | L32: 0.047981721 | M32: 0.74181264 | N32: 0.70068545 | O32: 0.04112719
B33: Female (F) | C33: 1157 | D33: 1120 | E33: 37 | F33: 944 | G33: 912 | H33: 32 | I33: 1210 | J33: 0.95619835 | K33: 0.92561983 | L33: 0.030578512 | M33: 0.78016529 | N33: 0.75371901 | O33: 0.026446281
A34: Mati City | B34: Total (MF) | C34: 3427 | D34: 3196 | E34: 231 | F34: 2550 | G34: 2343 | H34: 207 | I34: 3295 | J34: 1.0400607 | K34: 0.96995448 | L34: 0.070106222 | M34: 0.77389985 | N34: 0.71107739 | O34: 0.062822458 | P34: 0.92006166 | Q34: 0.92523349 | R34: 0.85122699 | S34: 0.9623468 | T34: 0.97129182 | U34: 0.86642748
B35: Male (M) | C35: 1803 | D35: 1677 | E35: 126 | F35: 1313 | G35: 1201 | H35: 112 | I35: 1665 | J35: 1.0828829 | K35: 1.0072072 | L35: 0.075675676 | M35: 0.78858859 | N35: 0.72132132 | O35: 0.067267267
B36: Female (F) | C36: 1624 | D36: 1519 | E36: 105 | F36: 1237 | G36: 1142 | H36: 95 | I36: 1630 | J36: 0.99631902 | K36: 0.93190184 | L36: 0.064417178 | M36: 0.75889571 | N36: 0.7006135 | O36: 0.058282209
A37: Panabo City | B37: Total (MF) | C37: 4474 | D37: 4060 | E37: 414 | F37: 3642 | G37: 3290 | H37: 352 | I37: 4369 | J37: 1.024033 | K37: 0.92927443 | L37: 0.094758526 | M37: 0.83360037 | N37: 0.75303273 | O37: 0.080567636 | P37: 0.99691488 | Q37: 0.99549923 | R37: 1.0109028 | S37: 1.0521276 | T37: 1.0495295 | U37: 1.0767266
B38: Male (M) | C38: 2285 | D38: 2075 | E38: 210 | F38: 1811 | G38: 1638 | H38: 173 | I38: 2228 | J38: 1.0255835 | K38: 0.93132855 | L38: 0.094254937 | M38: 0.81283662 | N38: 0.73518851 | O38: 0.077648115
B39: Female (F) | C39: 2189 | D39: 1985 | E39: 204 | F39: 1831 | G39: 1652 | H39: 179 | I39: 2141 | J39: 1.0224194 | K39: 0.92713685 | L39: 0.095282578 | M39: 0.85520785 | N39: 0.77160206 | O39: 0.083605792
A40: Tagum City | B40: Total (MF) | C40: 5733 | D40: 5131 | E40: 602 | F40: 4595 | G40: 4074 | H40: 521 | I40: 6043 | J40: 0.94870098 | K40: 0.84908158 | L40: 0.099619394 | M40: 0.76038392 | N40: 0.67416846 | O40: 0.086215456 | P40: 1.0484967 | Q40: 1.068399 | R40: 0.8927162 | S40: 1.1160983 | T40: 1.1510754 | U40: 0.8762376
B41: Male (M) | C41: 2913 | D41: 2583 | E41: 330 | F41: 2263 | G41: 1975 | H41: 288 | I41: 3142 | J41: 0.92711649 | K41: 0.82208784 | L41: 0.10502864 | M41: 0.72024188 | N41: 0.62858052 | O41: 0.091661362
B42: Female (F) | C42: 2820 | D42: 2548 | E42: 272 | F42: 2332 | G42: 2099 | H42: 233 | I42: 2901 | J42: 0.97207859 | K42: 0.87831782 | L42: 0.093760772 | M42: 0.80386074 | N42: 0.72354361 | O42: 0.080317132
A43: TOTAL | B43: Total (MF) | C43: 108834 | D43: 101464 | E43: 7370 | F43: 80539 | G43: 74501 | H43: 6038 | I43: 110532 | J43: 0.98463793 | K43: 0.91796041 | L43: 0.066677523 | M43: 0.72864872 | N43: 0.674022 | O43: 0.054626714 | P43: 1.0069796 | Q43: 1.0077314 | R43: 0.99668404 | S43: 1.0706753 | T43: 1.0737403 | U43: 1.0335631
B44: Male (M) | C44: 56279 | D44: 52449 | E44: 3830 | F44: 40413 | G44: 37330 | H44: 3083 | I44: 57349 | J44: 0.98134231 | K44: 0.91455823 | L44: 0.066784076 | M44: 0.70468535 | N44: 0.65092678 | O44: 0.053758566
B45: Female (F) | C45: 52555 | D45: 49015 | E45: 3540 | F45: 40126 | G45: 37171 | H45: 2955 | I45: 53183 | J45: 0.98819172 | K45: 0.92162909 | L45: 0.066562623 | M45: 0.75448922 | N45: 0.69892635 | O45: 0.055562868

Sheet TransitionKtoG1
A1: DEPARTMENT OF EDUCATION
A2: ENHANCED BASIC EDUCATION INFORMATION SYSTEM
A3: KINDERGARTEN TO GRADE 1 TRANSITION RATE
A4: (PUBLIC including SUCs/LUCs and PRIVATE)
A5: SY 2023 - 2024
A8: Region/Division | C8: New Entrants to Grade 1 | F8: Kindergarten Enrolment (Previous SY) | I8: Transition Rate | L8: Gender Parity Index
C9: Total | D9: Public | E9: Private | F9: Total | G9: Public | H9: Private | I9: Total | J9: Public | K9: Private
A10: REGION XI - DAVAO REGION
A12: Davao City | B12: Total (MF) | C12: 36689 | D12: 32423 | E12: 4266 | F12: 37102 | G12: 32710 | H12: 4392 | I12: 0.98886852 | J12: 0.99122592 | K12: 0.97131148 | L12: 1.0037
B13: Male (M) | C13: 18992 | D13: 16817 | E13: 2175 | F13: 19240 | G13: 17018 | H13: 2222 | I13: 0.98711019 | J13: 0.98818898 | K13: 0.97884788
B14: Female (F) | C14: 17697 | D14: 15606 | E14: 2091 | F14: 17862 | G14: 15692 | H14: 2170 | I14: 0.99076251 | J14: 0.9945195 | K14: 0.96359447
A15: Davao de Oro (Compostela Valley) | B15: Total (MF) | C15: 15438 | D15: 14868 | E15: 570 | F15: 15781 | G15: 15099 | H15: 682 | I15: 0.978265 | J15: 0.98470097 | K15: 0.83577713 | L15: 1.0076282
B16: Male (M) | C16: 7969 | D16: 7673 | E16: 296 | F16: 8176 | G16: 7832 | H16: 344 | I16: 0.974682 | J16: 0.97969867 | K16: 0.86046512
B17: Female (F) | C17: 7469 | D17: 7195 | E17: 274 | F17: 7605 | G17: 7267 | H17: 338 | I17: 0.98211703 | J17: 0.9900922 | K17: 0.81065089
A18: Davao del Norte | B18: Total (MF) | C18: 10199 | D18: 9841 | E18: 358 | F18: 10609 | G18: 9835 | H18: 774 | I18: 0.96135357 | J18: 1.0006101 | K18: 0.4625323 | L18: 1.0075472
B19: Male (M) | C19: 5351 | D19: 5159 | E19: 192 | F19: 5586 | G19: 5169 | H19: 417 | I19: 0.95793054 | J19: 0.99806539 | K19: 0.46043165
B20: Female (F) | C20: 4848 | D20: 4682 | E20: 166 | F20: 5023 | G20: 4666 | H20: 357 | I20: 0.96516026 | J20: 1.0034291 | K20: 0.46498599
A21: Davao del Sur | B21: Total (MF) | C21: 9744 | D21: 9471 | E21: 273 | F21: 10011 | G21: 9475 | H21: 536 | I21: 0.97332934 | J21: 0.99957784 | K21: 0.50932836 | L21: 1.0105574
B22: Male (M) | C22: 5027 | D22: 4885 | E22: 142 | F22: 5191 | G22: 4921 | H22: 270 | I22: 0.96840686 | J22: 0.99268441 | K22: 0.52592593
B23: Female (F) | C23: 4717 | D23: 4586 | E23: 131 | F23: 4820 | G23: 4554 | H23: 266 | I23: 0.97863071 | J23: 1.0070268 | K23: 0.4924812
A24: Davao Occidental | B24: Total (MF) | C24: 7246 | D24: 7173 | E24: 73 | F24: 8049 | G24: 7916 | H24: 133 | I24: 0.90023605 | J24: 0.90613946 | K24: 0.54887218 | L24: 1.0508923
B25: Male (M) | C25: 3711 | D25: 3669 | E25: 42 | F25: 4222 | G25: 4153 | H25: 69 | I25: 0.87896731 | J25: 0.88345774 | K25: 0.60869565
B26: Female (F) | C26: 3535 | D26: 3504 | E26: 31 | F26: 3827 | G26: 3763 | H26: 64 | I26: 0.92370003 | J26: 0.93117194 | K26: 0.484375
A27: Davao Oriental | B27: Total (MF) | C27: 9476 | D27: 9295 | E27: 181 | F27: 9893 | G27: 9753 | H27: 140 | I27: 0.95784898 | J27: 0.95304009 | K27: 1.2928571 | L27: 1.0078519
B28: Male (M) | C28: 4947 | D28: 4851 | E28: 96 | F28: 5184 | G28: 5116 | H28: 68 | I28: 0.95428241 | J28: 0.94820172 | K28: 1.4117647
B29: Female (F) | C29: 4529 | D29: 4444 | E29: 85 | F29: 4709 | G29: 4637 | H29: 72 | I29: 0.96177532 | J29: 0.95837826 | K29: 1.1805556
A30: Digos City | B30: Total (MF) | C30: 4015 | D30: 3713 | E30: 302 | F30: 4063 | G30: 3608 | H30: 455 | I30: 0.98818607 | J30: 1.029102 | K30: 0.66373626 | L30: 1.0064736
B31: Male (M) | C31: 2045 | D31: 1887 | E31: 158 | F31: 2076 | G31: 1849 | H31: 227 | I31: 0.98506744 | J31: 1.0205516 | K31: 0.69603524
B32: Female (F) | C32: 1970 | D32: 1826 | E32: 144 | F32: 1987 | G32: 1759 | H32: 228 | I32: 0.99144439 | J32: 1.0380898 | K32: 0.63157895
A33: Island Garden City of Samal | B33: Total (MF) | C33: 2393 | D33: 2293 | E33: 100 | F33: 2436 | G33: 2338 | H33: 98 | I33: 0.98234811 | J33: 0.98075278 | K33: 1.0204082 | L33: 1.0519725
B34: Male (M) | C34: 1236 | D34: 1173 | E34: 63 | F34: 1289 | G34: 1224 | H34: 65 | I34: 0.95888285 | J34: 0.95833333 | K34: 0.96923077
B35: Female (F) | C35: 1157 | D35: 1120 | E35: 37 | F35: 1147 | G35: 1114 | H35: 33 | I35: 1.0087184 | J35: 1.005386 | K35: 1.1212121
A36: Mati City | B36: Total (MF) | C36: 3427 | D36: 3196 | E36: 231 | F36: 3523 | G36: 3282 | H36: 241 | I36: 0.9727505 | J36: 0.97379647 | K36: 0.95850622 | L36: 1.0318248
B37: Male (M) | C37: 1803 | D37: 1677 | E37: 126 | F37: 1881 | G37: 1759 | H37: 122 | I37: 0.9585327 | J37: 0.9533826 | K37: 1.0327869
B38: Female (F) | C38: 1624 | D38: 1519 | E38: 105 | F38: 1642 | G38: 1523 | H38: 119 | I38: 0.98903776 | J38: 0.9973736 | K38: 0.88235294
A39: Panabo City | B39: Total (MF) | C39: 4474 | D39: 4060 | E39: 414 | F39: 4510 | G39: 4061 | H39: 449 | I39: 0.99201774 | J39: 0.99975376 | K39: 0.922049 | L39: 0.99434968
B40: Male (M) | C40: 2285 | D40: 2075 | E40: 210 | F40: 2297 | G40: 2074 | H40: 223 | I40: 0.99477579 | J40: 1.0004822 | K40: 0.94170404
B41: Female (F) | C41: 2189 | D41: 1985 | E41: 204 | F41: 2213 | G41: 1987 | H41: 226 | I41: 0.98915499 | J41: 0.99899346 | K41: 0.90265487
A42: Tagum City | B42: Total (MF) | C42: 5733 | D42: 5131 | E42: 602 | F42: 5721 | G42: 4979 | H42: 742 | I42: 1.0020975 | J42: 1.0305282 | K42: 0.81132075 | L42: 1.0099088
B43: Male (M) | C43: 2913 | D43: 2583 | E43: 330 | F43: 2921 | G43: 2527 | H43: 394 | I43: 0.99726121 | J43: 1.0221607 | K43: 0.83756345
B44: Female (F) | C44: 2820 | D44: 2548 | E44: 272 | F44: 2800 | G44: 2452 | H44: 348 | I44: 1.0071429 | J44: 1.0391517 | K44: 0.7816092
A45: TOTAL | B45: Total (MF) | C45: 108834 | D45: 101464 | E45: 7370 | F45: 111698 | G45: 103056 | H45: 8642 | I45: 0.97435943 | J45: 0.98455209 | K45: 0.85281185 | L45: 1.0109248
B46: Male (M) | C46: 56279 | D46: 52449 | E46: 3830 | F46: 58063 | G46: 53642 | H46: 4421 | I46: 0.96927475 | J46: 0.97775996 | K46: 0.86631984
B47: Female (F) | C47: 52555 | D47: 49015 | E47: 3540 | F47: 53635 | G47: 49414 | H47: 4221 | I47: 0.97986389 | J47: 0.99192537 | K47: 0.83866382

Sheet TransitionG3toG4
A1: DEPARTMENT OF EDUCATION
A2: ENHANCED BASIC EDUCATION INFORMATION SYSTEM
A3: GRADE 3 TO GRADE 4 TRANSITION RATE
A4: (PUBLIC including SUCs/LUCs and PRIVATE)
A5: SY 2023 - 2024
A8: Region/Division | C8: New Entrants to Grade 4 | F8: Grade 3 Enrolment (Previous SY) | I8: Transition Rate | L8: Gender Parity Index
C9: Total | D9: Public | E9: Private | F9: Total | G9: Public | H9: Private | I9: Total | J9: Public | K9: Private
A10: REGION XI - DAVAO REGION
A12: Davao City | B12: Total (MF) | C12: 34572 | D12: 30883 | E12: 3689 | F12: 35223 | G12: 31557 | H12: 3666 | I12: 0.98151776 | J12: 0.97864182 | K12: 1.0062739 | L12: 1.0136668
B13: Male (M) | C13: 17987 | D13: 16120 | E13: 1867 | F13: 18445 | G13: 16594 | H13: 1851 | I13: 0.97516942 | J13: 0.97143546 | K13: 1.008644
B14: Female (F) | C14: 16585 | D14: 14763 | E14: 1822 | F14: 16778 | G14: 14963 | H14: 1815 | I14: 0.98849684 | J14: 0.9866337 | K14: 1.0038567
A15: Davao de Oro (Compostela Valley) | B15: Total (MF) | C15: 15593 | D15: 15184 | E15: 409 | F15: 16294 | G15: 15897 | H15: 397 | I15: 0.95697803 | J15: 0.95514877 | K15: 1.0302267 | L15: 1.0320819
B16: Male (M) | C16: 8251 | D16: 8037 | E16: 214 | F16: 8750 | G16: 8540 | H16: 210 | I16: 0.94297143 | J16: 0.9411007 | K16: 1.0190476
B17: Female (F) | C17: 7342 | D17: 7147 | E17: 195 | F17: 7544 | G17: 7357 | H17: 187 | I17: 0.97322375 | J17: 0.97145576 | K17: 1.0427807
A18: Davao del Norte | B18: Total (MF) | C18: 9682 | D18: 9440 | E18: 242 | F18: 10058 | G18: 9784 | H18: 274 | I18: 0.96261682 | J18: 0.96484056 | K18: 0.88321168 | L18: 1.0297735
B19: Male (M) | C19: 5112 | D19: 4983 | E19: 129 | F19: 5384 | G19: 5228 | H19: 156 | I19: 0.94947994 | J19: 0.95313695 | K19: 0.82692308
B20: Female (F) | C20: 4570 | D20: 4457 | E20: 113 | F20: 4674 | G20: 4556 | H20: 118 | I20: 0.97774925 | J20: 0.97827041 | K20: 0.95762712
A21: Davao del Sur | B21: Total (MF) | C21: 9569 | D21: 9447 | E21: 122 | F21: 9917 | G21: 9782 | H21: 135 | I21: 0.96490874 | J21: 0.96575342 | K21: 0.9037037 | L21: 1.0336941
B22: Male (M) | C22: 4978 | D22: 4919 | E22: 59 | F22: 5241 | G22: 5167 | H22: 74 | I22: 0.94981874 | J22: 0.9520031 | K22: 0.7972973
B23: Female (F) | C23: 4591 | D23: 4528 | E23: 63 | F23: 4676 | G23: 4615 | H23: 61 | I23: 0.98182207 | J23: 0.98114843 | K23: 1.0327869
A24: Davao Occidental | B24: Total (MF) | C24: 6232 | D24: 6186 | E24: 46 | F24: 6948 | G24: 6894 | H24: 54 | I24: 0.89694876 | J24: 0.897302 | K24: 0.85185185 | L24: 1.0730683
B25: Male (M) | C25: 3192 | D25: 3171 | E25: 21 | F25: 3681 | G25: 3652 | H25: 29 | I25: 0.86715566 | J25: 0.86829135 | K25: 0.72413793
B26: Female (F) | C26: 3040 | D26: 3015 | E26: 25 | F26: 3267 | G26: 3242 | H26: 25 | I26: 0.93051729 | J26: 0.92998149 | K26: 1
A27: Davao Oriental | B27: Total (MF) | C27: 9242 | D27: 9113 | E27: 129 | F27: 10133 | G27: 10009 | H27: 124 | I27: 0.91206948 | J27: 0.91048057 | K27: 1.0403226 | L27: 1.0621528
B28: Male (M) | C28: 4821 | D28: 4756 | E28: 65 | F28: 5438 | G28: 5371 | H28: 67 | I28: 0.88653917 | J28: 0.88549618 | K28: 0.97014925
B29: Female (F) | C29: 4421 | D29: 4357 | E29: 64 | F29: 4695 | G29: 4638 | H29: 57 | I29: 0.94164004 | J29: 0.93941354 | K29: 1.122807
A30: Digos City | B30: Total (MF) | C30: 3648 | D30: 3371 | E30: 277 | F30: 3666 | G30: 3408 | H30: 258 | I30: 0.99509002 | J30: 0.98914319 | K30: 1.0736434 | L30: 1.0182087
B31: Male (M) | C31: 1931 | D31: 1772 | E31: 159 | F31: 1957 | G31: 1819 | H31: 138 | I31: 0.98671436 | J31: 0.97416163 | K31: 1.1521739
B32: Female (F) | C32: 1717 | D32: 1599 | E32: 118 | F32: 1709 | G32: 1589 | H32: 120 | I32: 1.0046811 | J32: 1.0062933 | K32: 0.98333333
A33: Island Garden City of Samal | B33: Total (MF) | C33: 2421 | D33: 2376 | E33: 45 | F33: 2552 | G33: 2511 | H33: 41 | I33: 0.94866771 | J33: 0.94623656 | K33: 1.097561 | L33: 1.0617835
B34: Male (M) | C34: 1254 | D34: 1229 | E34: 25 | F34: 1360 | G34: 1338 | H34: 22 | I34: 0.92205882 | J34: 0.91853513 | K34: 1.1363636
B35: Female (F) | C35: 1167 | D35: 1147 | E35: 20 | F35: 1192 | G35: 1173 | H35: 19 | I35: 0.97902685 | J35: 0.97783461 | K35: 1.0526316
A36: Mati City | B36: Total (MF) | C36: 3232 | D36: 3007 | E36: 225 | F36: 3524 | G36: 3303 | H36: 221 | I36: 0.91713961 | J36: 0.9103845 | K36: 1.0180995 | L36: 1.0854257
B37: Male (M) | C37: 1614 | D37: 1496 | E37: 118 | F37: 1832 | G37: 1714 | H37: 118 | I37: 0.88100437 | J37: 0.87281214 | K37: 1
B38: Female (F) | C38: 1618 | D38: 1511 | E38: 107 | F38: 1692 | G38: 1589 | H38: 103 | I38: 0.95626478 | J38: 0.95091252 | K38: 1.038835
A39: Panabo City | B39: Total (MF) | C39: 4180 | D39: 3851 | E39: 329 | F39: 4253 | G39: 3938 | H39: 315 | I39: 0.98283565 | J39: 0.97790757 | K39: 1.0444444 | L39: 1.0263098
B40: Male (M) | C40: 2204 | D40: 2019 | E40: 185 | F40: 2270 | G40: 2103 | H40: 167 | I40: 0.97092511 | J40: 0.96005706 | K40: 1.1077844
B41: Female (F) | C41: 1976 | D41: 1832 | E41: 144 | F41: 1983 | G41: 1835 | H41: 148 | I41: 0.99646999 | J41: 0.99836512 | K41: 0.97297297
A42: Tagum City | B42: Total (MF) | C42: 5558 | D42: 5074 | E42: 484 | F42: 5635 | G42: 5160 | H42: 475 | I42: 0.9863354 | J42: 0.98333333 | K42: 1.0189474 | L42: 1.0305254
B43: Male (M) | C43: 2866 | D43: 2635 | E43: 231 | F43: 2948 | G43: 2715 | H43: 233 | I43: 0.97218453 | J43: 0.97053407 | K43: 0.99141631
B44: Female (F) | C44: 2692 | D44: 2439 | E44: 253 | F44: 2687 | G44: 2445 | H44: 242 | I44: 1.0018608 | J44: 0.99754601 | K44: 1.0454545
A45: TOTAL | B45: Total (MF) | C45: 103929 | D45: 97932 | E45: 5997 | F45: 108203 | G45: 102243 | H45: 5960 | I45: 0.96050017 | J45: 0.95783574 | K45: 1.0062081 | L45: 1.0326446
B46: Male (M) | C46: 54210 | D46: 51137 | E46: 3073 | F46: 57306 | G46: 54241 | H46: 3065 | I46: 0.94597424 | J46: 0.94277392 | K46: 1.0026101
B47: Female (F) | C47: 49719 | D47: 46795 | E47: 2924 | F47: 50897 | G47: 48002 | H47: 2895 | I47: 0.97685522 | J47: 0.97485521 | K47: 1.0100173

Sheet TransitionElem
A1: DEPARTMENT OF EDUCATION
A2: ENHANCED BASIC EDUCATION INFORMATION SYSTEM
A3: TRANSITION RATE IN ELEMENTARY EDUCATION
A4: (PUBLIC including SUCs/LUCs and PRIVATE)
A5: SY 2023 - 2024
A8: Region/Division | C8: New Entrants to Grade 5 | F8: Grade 4 Enrolment (Previous SY) | I8: Transition Rate | L8: Gender Parity Index
C9: Total | D9: Public | E9: Private | F9: Total | G9: Public | H9: Private | I9: Total | J9: Public | K9: Private
A10: REGION XI - DAVAO REGION
A12: Davao City | B12: Total (MF) | C12: 37711 | D12: 33678 | E12: 4033 | F12: 38400 | G12: 34376 | H12: 4024 | I12: 0.98205729 | J12: 0.97969514 | K12: 1.0022366 | L12: 1.0248837
B13: Male (M) | C13: 19336 | D13: 17187 | E13: 2149 | F13: 19925 | G13: 17796 | H13: 2129 | I13: 0.97043915 | J13: 0.96577883 | K13: 1.0093941
B14: Female (F) | C14: 18375 | D14: 16491 | E14: 1884 | F14: 18475 | G14: 16580 | H14: 1895 | I14: 0.99458728 | J14: 0.99463209 | K14: 0.99419525
A15: Davao de Oro (Compostela Valley) | B15: Total (MF) | C15: 17589 | D15: 17170 | E15: 419 | F15: 18232 | G15: 17823 | H15: 409 | I15: 0.96473234 | J15: 0.96336195 | K15: 1.0244499 | L15: 1.0279432
B16: Male (M) | C16: 8902 | D16: 8683 | E16: 219 | F16: 9353 | G16: 9146 | H16: 207 | I16: 0.95178018 | J16: 0.94937678 | K16: 1.057971
B17: Female (F) | C17: 8687 | D17: 8487 | E17: 200 | F17: 8879 | G17: 8677 | H17: 202 | I17: 0.97837594 | J17: 0.97810303 | K17: 0.99009901
A18: Davao del Norte | B18: Total (MF) | C18: 11509 | D18: 11249 | E18: 260 | F18: 11727 | G18: 11434 | H18: 293 | I18: 0.98141042 | J18: 0.98382019 | K18: 0.88737201 | L18: 1.0083339
B19: Male (M) | C19: 5737 | D19: 5610 | E19: 127 | F19: 5870 | G19: 5720 | H19: 150 | I19: 0.97734242 | J19: 0.98076923 | K19: 0.84666667
B20: Female (F) | C20: 5772 | D20: 5639 | E20: 133 | F20: 5857 | G20: 5714 | H20: 143 | I20: 0.98548745 | J20: 0.98687434 | K20: 0.93006993
A21: Davao del Sur | B21: Total (MF) | C21: 10422 | D21: 10267 | E21: 155 | F21: 10784 | G21: 10629 | H21: 155 | I21: 0.96643175 | J21: 0.96594223 | K21: 1 | L21: 1.0297573
B22: Male (M) | C22: 5386 | D22: 5308 | E22: 78 | F22: 5652 | G22: 5570 | H22: 82 | I22: 0.95293701 | J22: 0.9529623 | K22: 0.95121951
B23: Female (F) | C23: 5036 | D23: 4959 | E23: 77 | F23: 5132 | G23: 5059 | H23: 73 | I23: 0.98129384 | J23: 0.98023325 | K23: 1.0547945
A24: Davao Occidental | B24: Total (MF) | C24: 6586 | D24: 6532 | E24: 54 | F24: 7368 | G24: 7299 | H24: 69 | I24: 0.89386536 | J24: 0.89491711 | K24: 0.7826087 | L24: 1.0890966
B25: Male (M) | C25: 3292 | D25: 3259 | E25: 33 | F25: 3840 | G25: 3800 | H25: 40 | I25: 0.85729167 | J25: 0.85763158 | K25: 0.825
B26: Female (F) | C26: 3294 | D26: 3273 | E26: 21 | F26: 3528 | G26: 3499 | H26: 29 | I26: 0.93367347 | J26: 0.93541012 | K26: 0.72413793
A27: Davao Oriental | B27: Total (MF) | C27: 10428 | D27: 10275 | E27: 153 | F27: 11200 | G27: 11056 | H27: 144 | I27: 0.93107143 | J27: 0.92935962 | K27: 1.0625 | L27: 1.0348133
B28: Male (M) | C28: 5312 | D28: 5226 | E28: 86 | F28: 5801 | G28: 5730 | H28: 71 | I28: 0.91570419 | J28: 0.91204188 | K28: 1.2112676
B29: Female (F) | C29: 5116 | D29: 5049 | E29: 67 | F29: 5399 | G29: 5326 | H29: 73 | I29: 0.94758289 | J29: 0.94799099 | K29: 0.91780822
A30: Digos City | B30: Total (MF) | C30: 4070 | D30: 3819 | E30: 251 | F30: 4100 | G30: 3859 | H30: 241 | I30: 0.99268293 | J30: 0.98963462 | K30: 1.0414938 | L30: 1.0220738
B31: Male (M) | C31: 2127 | D31: 1980 | E31: 147 | F31: 2165 | G31: 2026 | H31: 139 | I31: 0.98244804 | J31: 0.97729516 | K31: 1.057554
B32: Female (F) | C32: 1943 | D32: 1839 | E32: 104 | F32: 1935 | G32: 1833 | H32: 102 | I32: 1.0041344 | J32: 1.0032733 | K32: 1.0196078
A33: Island Garden City of Samal | B33: Total (MF) | C33: 2552 | D33: 2486 | E33: 66 | F33: 2652 | G33: 2595 | H33: 57 | I33: 0.96229261 | J33: 0.95799615 | K33: 1.1578947 | L33: 1.0237658
B34: Male (M) | C34: 1287 | D34: 1248 | E34: 39 | F34: 1353 | G34: 1324 | H34: 29 | I34: 0.95121951 | J34: 0.94259819 | K34: 1.3448276
B35: Female (F) | C35: 1265 | D35: 1238 | E35: 27 | F35: 1299 | G35: 1271 | H35: 28 | I35: 0.97382602 | J35: 0.97403619 | K35: 0.96428571
A36: Mati City | B36: Total (MF) | C36: 3565 | D36: 3331 | E36: 234 | F36: 3848 | G36: 3629 | H36: 219 | I36: 0.9264553 | J36: 0.91788371 | K36: 1.0684932 | L36: 1.0962115
B37: Male (M) | C37: 1785 | D37: 1663 | E37: 122 | F37: 2015 | G37: 1902 | H37: 113 | I37: 0.88585608 | J37: 0.8743428 | K37: 1.079646
B38: Female (F) | C38: 1780 | D38: 1668 | E38: 112 | F38: 1833 | G38: 1727 | H38: 106 | I38: 0.97108565 | J38: 0.96583671 | K38: 1.0566038
A39: Panabo City | B39: Total (MF) | C39: 4756 | D39: 4388 | E39: 368 | F39: 4840 | G39: 4475 | H39: 365 | I39: 0.98264463 | J39: 0.98055866 | K39: 1.0082192 | L39: 1.0105885
B40: Male (M) | C40: 2336 | D40: 2155 | E40: 181 | F40: 2390 | G40: 2211 | H40: 179 | I40: 0.97740586 | J40: 0.97467209 | K40: 1.0111732
B41: Female (F) | C41: 2420 | D41: 2233 | E41: 187 | F41: 2450 | G41: 2264 | H41: 186 | I41: 0.9877551 | J41: 0.98630742 | K41: 1.0053763
A42: Tagum City | B42: Total (MF) | C42: 6007 | D42: 5530 | E42: 477 | F42: 6129 | G42: 5650 | H42: 479 | I42: 0.98009463 | J42: 0.97876106 | K42: 0.99582463 | L42: 1.0110777
B43: Male (M) | C43: 3059 | D43: 2820 | E43: 239 | F43: 3138 | G43: 2890 | H43: 248 | I43: 0.97482473 | J43: 0.97577855 | K43: 0.96370968
B44: Female (F) | C44: 2948 | D44: 2710 | E44: 238 | F44: 2991 | G44: 2760 | H44: 231 | I44: 0.98562354 | J44: 0.98188406 | K44: 1.030303
A45: TOTAL | B45: Total (MF) | C45: 115195 | D45: 108725 | E45: 6470 | F45: 119280 | G45: 112825 | H45: 6455 | I45: 0.96575285 | J45: 0.96366054 | K45: 1.0023238 | L45: 1.0294984
B46: Male (M) | C46: 58559 | D46: 55139 | E46: 3420 | F46: 61502 | G46: 58115 | H46: 3387 | I46: 0.9521479 | J46: 0.94879119 | K46: 1.0097431
B47: Female (F) | C47: 56636 | D47: 53586 | E47: 3050 | F47: 57778 | G47: 54710 | H47: 3068 | I47: 0.98023469 | J47: 0.97945531 | K47: 0.99413299

Sheet TransitionJHS
A1: DEPARTMENT OF EDUCATION
A2: ENHANCED BASIC EDUCATION INFORMATION SYSTEM
A3: ELEMENTARY TO JUNIOR HIGH SCHOOL TRANSITION RATE
A4: (PUBLIC including SUCs/LUCs and PRIVATE)
A5: SY 2023 - 2024
A8: Region/Division | C8: New Entrants to Grade 7 (Year 1) | F8: Grade 6 Enrolment (Previous SY) | I8: Transition Rate | L8: Gender Parity Index
C9: Total | D9: Public | E9: Private | F9: Total | G9: Public | H9: Private | I9: Total | J9: Public | K9: Private
A10: REGION XI - DAVAO REGION
A12: Davao City | B12: Total (MF) | C12: 28521 | D12: 23653 | E12: 4868 | F12: 28872 | G12: 25560 | H12: 3312 | I12: 0.98784289 | J12: 0.92539124 | K12: 1.4698068 | L12: 1.0440767
B13: Male (M) | C13: 14827 | D13: 12335 | E13: 2492 | F13: 15320 | G13: 13610 | H13: 1710 | I13: 0.96781984 | J13: 0.90631888 | K13: 1.4573099
B14: Female (F) | C14: 13694 | D14: 11318 | E14: 2376 | F14: 13552 | G14: 11950 | H14: 1602 | I14: 1.0104782 | J14: 0.94711297 | K14: 1.4831461
A15: Davao de Oro (Compostela Valley) | B15: Total (MF) | C15: 12783 | D15: 12202 | E15: 581 | F15: 13382 | G15: 13112 | H15: 270 | I15: 0.95523838 | J15: 0.93059793 | K15: 2.1518519 | L15: 1.0325283
B16: Male (M) | C16: 6596 | D16: 6277 | E16: 319 | F16: 7012 | G16: 6866 | H16: 146 | I16: 0.94067313 | J16: 0.91421497 | K16: 2.1849315
B17: Female (F) | C17: 6187 | D17: 5925 | E17: 262 | F17: 6370 | G17: 6246 | H17: 124 | I17: 0.97127159 | J17: 0.94860711 | K17: 2.1129032
A18: Davao del Norte | B18: Total (MF) | C18: 7458 | D18: 6961 | E18: 497 | F18: 8154 | G18: 7959 | H18: 195 | I18: 0.91464312 | J18: 0.87460736 | K18: 2.5487179 | L18: 1.026227
B19: Male (M) | C19: 3861 | D19: 3582 | E19: 279 | F19: 4274 | G19: 4158 | H19: 116 | I19: 0.90336921 | J19: 0.86147186 | K19: 2.4051724
B20: Female (F) | C20: 3597 | D20: 3379 | E20: 218 | F20: 3880 | G20: 3801 | H20: 79 | I20: 0.92706186 | J20: 0.88897659 | K20: 2.7594937
A21: Davao del Sur | B21: Total (MF) | C21: 7592 | D21: 6143 | E21: 1449 | F21: 8397 | G21: 8278 | H21: 119 | I21: 0.90413243 | J21: 0.74208746 | K21: 12.176471 | L21: 1.0429858
B22: Male (M) | C22: 3826 | D22: 3096 | E22: 730 | F22: 4320 | G22: 4258 | H22: 62 | I22: 0.88564815 | J22: 0.72710193 | K22: 11.774194
B23: Female (F) | C23: 3766 | D23: 3047 | E23: 719 | F23: 4077 | G23: 4020 | H23: 57 | I23: 0.92371842 | J23: 0.7579602 | K23: 12.614035
A24: Davao Occidental | B24: Total (MF) | C24: 4994 | D24: 4782 | E24: 212 | F24: 5983 | G24: 5953 | H24: 30 | I24: 0.83469831 | J24: 0.80329246 | K24: 7.0666667 | L24: 1.117419
B25: Male (M) | C25: 2449 | D25: 2333 | E25: 116 | F25: 3100 | G25: 3085 | H25: 15 | I25: 0.79 | J25: 0.75623987 | K25: 7.7333333
B26: Female (F) | C26: 2545 | D26: 2449 | E26: 96 | F26: 2883 | G26: 2868 | H26: 15 | I26: 0.88276101 | J26: 0.85390516 | K26: 6.4
A27: Davao Oriental | B27: Total (MF) | C27: 7567 | D27: 7032 | E27: 535 | F27: 8475 | G27: 8330 | H27: 145 | I27: 0.89286136 | J27: 0.84417767 | K27: 3.6896552 | L27: 1.0552177
B28: Male (M) | C28: 3768 | D28: 3497 | E28: 271 | F28: 4334 | G28: 4255 | H28: 79 | I28: 0.86940471 | J28: 0.82185664 | K28: 3.4303797
B29: Female (F) | C29: 3799 | D29: 3535 | E29: 264 | F29: 4141 | G29: 4075 | H29: 66 | I29: 0.91741125 | J29: 0.86748466 | K29: 4
A30: Digos City | B30: Total (MF) | C30: 3411 | D30: 2981 | E30: 430 | F30: 3237 | G30: 3051 | H30: 186 | I30: 1.0537535 | J30: 0.9770567 | K30: 2.311828 | L30: 1.0198722
B31: Male (M) | C31: 1704 | D31: 1474 | E31: 230 | F31: 1633 | G31: 1528 | H31: 105 | I31: 1.0434783 | J31: 0.96465969 | K31: 2.1904762
B32: Female (F) | C32: 1707 | D32: 1507 | E32: 200 | F32: 1604 | G32: 1523 | H32: 81 | I32: 1.0642145 | J32: 0.98949442 | K32: 2.4691358
A33: Island Garden City of Samal | B33: Total (MF) | C33: 1940 | D33: 1795 | E33: 145 | F33: 2041 | G33: 2004 | H33: 37 | I33: 0.95051445 | J33: 0.89570858 | K33: 3.9189189 | L33: 1.0271258
B34: Male (M) | C34: 967 | D34: 895 | E34: 72 | F34: 1031 | G34: 1012 | H34: 19 | I34: 0.93792435 | J34: 0.88438735 | K34: 3.7894737
B35: Female (F) | C35: 973 | D35: 900 | E35: 73 | F35: 1010 | G35: 992 | H35: 18 | I35: 0.96336634 | J35: 0.90725806 | K35: 4.0555556
A36: Mati City | B36: Total (MF) | C36: 2852 | D36: 2607 | E36: 245 | F36: 2909 | G36: 2722 | H36: 187 | I36: 0.98040564 | J36: 0.95775165 | K36: 1.3101604 | L36: 1.0550692
B37: Male (M) | C37: 1454 | D37: 1325 | E37: 129 | F37: 1522 | G37: 1420 | H37: 102 | I37: 0.95532194 | J37: 0.93309859 | K37: 1.2647059
B38: Female (F) | C38: 1398 | D38: 1282 | E38: 116 | F38: 1387 | G38: 1302 | H38: 85 | I38: 1.0079308 | J38: 0.98463902 | K38: 1.3647059
A39: Panabo City | B39: Total (MF) | C39: 3670 | D39: 3106 | E39: 564 | F39: 3730 | G39: 3480 | H39: 250 | I39: 0.98391421 | J39: 0.89252874 | K39: 2.256 | L39: 0.99924599
B40: Male (M) | C40: 1878 | D40: 1587 | E40: 291 | F40: 1908 | G40: 1774 | H40: 134 | I40: 0.98427673 | J40: 0.8945885 | K40: 2.1716418
B41: Female (F) | C41: 1792 | D41: 1519 | E41: 273 | F41: 1822 | G41: 1706 | H41: 116 | I41: 0.98353458 | J41: 0.89038687 | K41: 2.3534483
A42: Tagum City | B42: Total (MF) | C42: 5042 | D42: 4361 | E42: 681 | F42: 4978 | G42: 4558 | H42: 420 | I42: 1.0128566 | J42: 0.95677929 | K42: 1.6214286 | L42: 1.0136658
B43: Male (M) | C43: 2590 | D43: 2253 | E43: 337 | F43: 2574 | G43: 2374 | H43: 200 | I43: 1.006216 | J43: 0.94903117 | K43: 1.685
B44: Female (F) | C44: 2452 | D44: 2108 | E44: 344 | F44: 2404 | G44: 2184 | H44: 220 | I44: 1.0199667 | J44: 0.96520147 | K44: 1.5636364
A45: TOTAL | B45: Total (MF) | C45: 85830 | D45: 75623 | E45: 10207 | F45: 90158 | G45: 85007 | H45: 5151 | I45: 0.95199539 | J45: 0.88960909 | K45: 1.981557 | L45: 1.0404768
B46: Male (M) | C46: 43920 | D46: 38654 | E46: 5266 | F46: 47028 | G46: 44340 | H46: 2688 | I46: 0.93391171 | J46: 0.87176364 | K46: 1.9590774
B47: Female (F) | C47: 41910 | D47: 36969 | E47: 4941 | F47: 43130 | G47: 40667 | H47: 2463 | I47: 0.97171342 | J47: 0.90906632 | K47: 2.0060901

Sheet TransitionSHS
A1: DEPARTMENT OF EDUCATION
A2: ENHANCED BASIC EDUCATION INFORMATION SYSTEM
A3: JUNIOR HIGH SCHOOL TO SENIOR HIGH SCHOOL TRANSITION RATE
A4: (PUBLIC including SUCs/LUCs and PRIVATE)
A5: SY 2023 - 2024
A8: Region/Division | C8: Grade 11 Enrolment (Current SY) | F8: Grade 10 Enrolment (Previous SY) | I8: Transition Rate | L8: Gender Parity Index
C9: Total | D9: Public | E9: Private | F9: Total | G9: Public | H9: Private | I9: Total | J9: Public | K9: Private
A10: REGION XI - DAVAO REGION
A12: Davao City | B12: Total (MF) | C12: 39326 | D12: 20065 | E12: 19261 | F12: 37596 | G12: 31569 | H12: 6027 | I12: 1.0460155 | J12: 0.63559188 | K12: 3.1957856 | L12: 1.0242598
B13: Male (M) | C13: 19556 | D13: 10390 | E13: 9166 | F13: 18921 | G13: 15827 | H13: 3094 | I13: 1.0335606 | J13: 0.65647312 | K13: 2.9625081
B14: Female (F) | C14: 19770 | D14: 9675 | E14: 10095 | F14: 18675 | G14: 15742 | H14: 2933 | I14: 1.0586345 | J14: 0.61459789 | K14: 3.4418684
A15: Davao de Oro (Compostela Valley) | B15: Total (MF) | C15: 15371 | D15: 12715 | E15: 2656 | F15: 15521 | G15: 14842 | H15: 679 | I15: 0.99033567 | J15: 0.85669047 | K15: 3.9116348 | L15: 1.0630516
B16: Male (M) | C16: 7783 | D16: 6451 | E16: 1332 | F16: 8096 | G16: 7740 | H16: 356 | I16: 0.96133893 | J16: 0.83346253 | K16: 3.741573
B17: Female (F) | C17: 7588 | D17: 6264 | E17: 1324 | F17: 7425 | G17: 7102 | H17: 323 | I17: 1.0219529 | J17: 0.88200507 | K17: 4.0990712
A18: Davao del Norte | B18: Total (MF) | C18: 9442 | D18: 8661 | E18: 781 | F18: 9561 | G18: 8787 | H18: 774 | I18: 0.9875536 | J18: 0.98566064 | K18: 1.0090439 | L18: 1.0286107
B19: Male (M) | C19: 4896 | D19: 4480 | E19: 416 | F19: 5025 | G19: 4598 | H19: 427 | I19: 0.97432836 | J19: 0.97433667 | K19: 0.97423888
B20: Female (F) | C20: 4546 | D20: 4181 | E20: 365 | F20: 4536 | G20: 4189 | H20: 347 | I20: 1.0022046 | J20: 0.99809024 | K20: 1.0518732
A21: Davao del Sur | B21: Total (MF) | C21: 7915 | D21: 6072 | E21: 1843 | F21: 9649 | G21: 8203 | H21: 1446 | I21: 0.82029226 | J21: 0.74021699 | K21: 1.2745505 | L21: 1.0346376
B22: Male (M) | C22: 4021 | D22: 3085 | E22: 936 | F22: 4984 | G22: 4234 | H22: 750 | I22: 0.8067817 | J22: 0.72862541 | K22: 1.248
B23: Female (F) | C23: 3894 | D23: 2987 | E23: 907 | F23: 4665 | G23: 3969 | H23: 696 | I23: 0.83472669 | J23: 0.75258251 | K23: 1.3031609
A24: Davao Occidental | B24: Total (MF) | C24: 5096 | D24: 4801 | E24: 295 | F24: 6563 | G24: 6264 | H24: 299 | I24: 0.77647417 | J24: 0.76644317 | K24: 0.98662207 | L24: 1.0930796
B25: Male (M) | C25: 2401 | D25: 2243 | E25: 158 | F25: 3238 | G25: 3077 | H25: 161 | I25: 0.7415071 | J25: 0.72895678 | K25: 0.98136646
B26: Female (F) | C26: 2695 | D26: 2558 | E26: 137 | F26: 3325 | G26: 3187 | H26: 138 | I26: 0.81052632 | J26: 0.80263571 | K26: 0.99275362
A27: Davao Oriental | B27: Total (MF) | C27: 8244 | D27: 6666 | E27: 1578 | F27: 9164 | G27: 8442 | H27: 722 | I27: 0.89960716 | J27: 0.78962331 | K27: 2.1855956 | L27: 0.99173513
B28: Male (M) | C28: 4149 | D28: 3392 | E28: 757 | F28: 4593 | G28: 4235 | H28: 358 | I28: 0.90333116 | J28: 0.80094451 | K28: 2.1145251
B29: Female (F) | C29: 4095 | D29: 3274 | E29: 821 | F29: 4571 | G29: 4207 | H29: 364 | I29: 0.89586524 | J29: 0.77822676 | K29: 2.2554945
A30: Digos City | B30: Total (MF) | C30: 5642 | D30: 1416 | E30: 4226 | F30: 4375 | G30: 3837 | H30: 538 | I30: 1.2896 | J30: 0.36903831 | K30: 7.8550186 | L30: 1.0143135
B31: Male (M) | C31: 2741 | D31: 774 | E31: 1967 | F31: 2141 | G31: 1850 | H31: 291 | I31: 1.2802429 | J31: 0.41837838 | K31: 6.7594502
B32: Female (F) | C32: 2901 | D32: 642 | E32: 2259 | F32: 2234 | G32: 1987 | H32: 247 | I32: 1.2985676 | J32: 0.32310015 | K32: 9.145749
A33: Island Garden City of Samal | B33: Total (MF) | C33: 2396 | D33: 2182 | E33: 214 | F33: 2288 | G33: 2094 | H33: 194 | I33: 1.0472028 | J33: 1.0420248 | K33: 1.1030928 | L33: 0.93460194
B34: Male (M) | C34: 1250 | D34: 1140 | E34: 110 | F34: 1155 | G34: 1062 | H34: 93 | I34: 1.0822511 | J34: 1.0734463 | K34: 1.1827957
B35: Female (F) | C35: 1146 | D35: 1042 | E35: 104 | F35: 1133 | G35: 1032 | H35: 101 | I35: 1.011474 | J35: 1.0096899 | K35: 1.029703
A36: Mati City | B36: Total (MF) | C36: 3430 | D36: 2534 | E36: 896 | F36: 3477 | G36: 3196 | H36: 281 | I36: 0.9864826 | J36: 0.79286608 | K36: 3.1886121 | L36: 0.99262824
B37: Male (M) | C37: 1710 | D37: 1272 | E37: 438 | F37: 1727 | G37: 1569 | H37: 158 | I37: 0.99015634 | J37: 0.81070746 | K37: 2.7721519
B38: Female (F) | C38: 1720 | D38: 1262 | E38: 458 | F38: 1750 | G38: 1627 | H38: 123 | I38: 0.98285714 | J38: 0.77566073 | K38: 3.7235772
A39: Panabo City | B39: Total (MF) | C39: 5078 | D39: 3420 | E39: 1658 | F39: 4508 | G39: 3531 | H39: 977 | I39: 1.1264419 | J39: 0.96856415 | K39: 1.6970317 | L39: 1.0151804
B40: Male (M) | C40: 2521 | D40: 1775 | E40: 746 | F40: 2255 | G40: 1762 | H40: 493 | I40: 1.1179601 | J40: 1.007378 | K40: 1.5131846
B41: Female (F) | C41: 2557 | D41: 1645 | E41: 912 | F41: 2253 | G41: 1769 | H41: 484 | I41: 1.1349312 | J41: 0.9299039 | K41: 1.8842975
A42: Tagum City | B42: Total (MF) | C42: 7182 | D42: 3353 | E42: 3829 | F42: 6359 | G42: 5312 | H42: 1047 | I42: 1.1294229 | J42: 0.63121235 | K42: 3.6571156 | L42: 1.0553029
B43: Male (M) | C43: 3513 | D43: 1790 | E43: 1723 | F43: 3196 | G43: 2677 | H43: 519 | I43: 1.0991865 | J43: 0.66865895 | K43: 3.3198459
B44: Female (F) | C44: 3669 | D44: 1563 | E44: 2106 | F44: 3163 | G44: 2635 | H44: 528 | I44: 1.1599747 | J44: 0.59316888 | K44: 3.9886364
A45: TOTAL | B45: Total (MF) | C45: 109122 | D45: 71885 | E45: 37237 | F45: 109061 | G45: 96077 | H45: 12984 | I45: 1.0005593 | J45: 0.74820196 | K45: 2.8679144 | L45: 1.0305524
B46: Male (M) | C46: 54541 | D46: 36792 | E46: 17749 | F46: 55331 | G46: 48631 | H46: 6700 | I46: 0.98572229 | J46: 0.75655446 | K46: 2.6491045
B47: Female (F) | C47: 54581 | D47: 35093 | E47: 19488 | F47: 53730 | G47: 47446 | H47: 6284 | I47: 1.0158385 | J47: 0.73964085 | K47: 3.1012094

Sheet RetentionElem
A1: DEPARTMENT OF EDUCATION
A2: ENHANCED BASIC EDUCATION INFORMATION SYSTEM
A3: RETENTION RATE IN ELEMENTARY EDUCATION
A4: (PUBLIC including SUCs and PRIVATE)
A5: SY 2023 - 2024
A8: Region/Division | C8: Grades 2 to 6 Enrolment (Current SY) | F8: Grades 1 to 5 Enrolment (Previous SY) | I8: Retention Rate | L8: Gender Parity Index
C9: Total | D9: Public | E9: Private | F9: Total | G9: Public | H9: Private | I9: Total | J9: Public | K9: Private
A10: REGION XI - DAVAO REGION
A12: Davao City | B12: Total (MF) | C12: 183125 | D12: 163356 | E12: 19769 | F12: 184738 | G12: 165029 | H12: 19709 | I12: 0.99126872 | J12: 0.98986239 | K12: 1.0030443 | L12: 1.0119458
B13: Male (M) | C13: 94364 | D13: 84197 | E13: 10167 | F13: 95743 | G13: 85721 | H13: 10022 | I13: 0.98559686 | J13: 0.98222139 | K13: 1.0144682
B14: Female (F) | C14: 88761 | D14: 79159 | E14: 9602 | F14: 88995 | G14: 79308 | H14: 9687 | I14: 0.99737064 | J14: 0.99812125 | K14: 0.99122535
A15: Davao de Oro (Compostela Valley) | B15: Total (MF) | C15: 83690 | D15: 81500 | E15: 2190 | F15: 85375 | G15: 83238 | H15: 2137 | I15: 0.98026354 | J15: 0.97912011 | K15: 1.0248011 | L15: 1.0140629
B16: Male (M) | C16: 43483 | D16: 42306 | E16: 1177 | F16: 44656 | G16: 43515 | H16: 1141 | I16: 0.97373253 | J16: 0.97221648 | K16: 1.0315513
B17: Female (F) | C17: 40207 | D17: 39194 | E17: 1013 | F17: 40719 | G17: 39723 | H17: 996 | I17: 0.98742602 | J17: 0.98668278 | K17: 1.0170683
A18: Davao del Norte | B18: Total (MF) | C18: 53850 | D18: 52522 | E18: 1328 | F18: 54970 | G18: 53367 | H18: 1603 | I18: 0.97962525 | J18: 0.98416625 | K18: 0.82844666 | L18: 1.0048958
B19: Male (M) | C19: 27740 | D19: 27016 | E19: 724 | F19: 28384 | G19: 27518 | H19: 866 | I19: 0.97731116 | J19: 0.9817574 | K19: 0.83602771
B20: Female (F) | C20: 26110 | D20: 25506 | E20: 604 | F20: 26586 | G20: 25849 | H20: 737 | I20: 0.98209584 | J20: 0.98673063 | K20: 0.81953867
A21: Davao del Sur | B21: Total (MF) | C21: 50643 | D21: 49859 | E21: 784 | F21: 51579 | G21: 50765 | H21: 814 | I21: 0.98185308 | J21: 0.98215306 | K21: 0.96314496 | L21: 1.0111861
B22: Male (M) | C22: 26229 | D22: 25830 | E22: 399 | F22: 26857 | G22: 26431 | H22: 426 | I22: 0.9766169 | J22: 0.97726155 | K22: 0.93661972
B23: Female (F) | C23: 24414 | D23: 24029 | E23: 385 | F23: 24722 | G23: 24334 | H23: 388 | I23: 0.98754146 | J23: 0.9874661 | K23: 0.99226804
A24: Davao Occidental | B24: Total (MF) | C24: 34405 | D24: 34159 | E24: 246 | F24: 36531 | G24: 36227 | H24: 304 | I24: 0.94180285 | J24: 0.94291551 | K24: 0.80921053 | L24: 1.0284378
B25: Male (M) | C25: 17626 | D25: 17482 | E25: 144 | F25: 18971 | G25: 18794 | H25: 177 | I25: 0.92910231 | J25: 0.93019049 | K25: 0.81355932
B26: Female (F) | C26: 16779 | D26: 16677 | E26: 102 | F26: 17560 | G26: 17433 | H26: 127 | I26: 0.95552392 | J26: 0.95663397 | K26: 0.80314961
A27: Davao Oriental | B27: Total (MF) | C27: 50728 | D27: 49929 | E27: 799 | F27: 52711 | G27: 51929 | H27: 782 | I27: 0.96237977 | J27: 0.96148587 | K27: 1.0217391 | L27: 1.0154365
B28: Male (M) | C28: 26362 | D28: 25937 | E28: 425 | F28: 27594 | G28: 27180 | H28: 414 | I28: 0.95535261 | J28: 0.95426784 | K28: 1.02657
B29: Female (F) | C29: 24366 | D29: 23992 | E29: 374 | F29: 25117 | G29: 24749 | H29: 368 | I29: 0.97009993 | J29: 0.96941291 | K29: 1.0163043
A30: Digos City | B30: Total (MF) | C30: 20022 | D30: 18631 | E30: 1391 | F30: 20049 | G30: 18711 | H30: 1338 | I30: 0.9986533 | J30: 0.99572444 | K30: 1.0396114 | L30: 1.0065884
B31: Male (M) | C31: 10510 | D31: 9760 | E31: 750 | F31: 10557 | G31: 9842 | H31: 715 | I31: 0.99554798 | J31: 0.99166836 | K31: 1.048951
B32: Female (F) | C32: 9512 | D32: 8871 | E32: 641 | F32: 9492 | G32: 8869 | H32: 623 | I32: 1.002107 | J32: 1.0002255 | K32: 1.0288925
A33: Island Garden City of Samal | B33: Total (MF) | C33: 12697 | D33: 12404 | E33: 293 | F33: 12939 | G33: 12657 | H33: 282 | I33: 0.98129685 | J33: 0.98001106 | K33: 1.0390071 | L33: 1.0079476
B34: Male (M) | C34: 6581 | D34: 6400 | E34: 181 | F34: 6732 | G34: 6565 | H34: 167 | I34: 0.97756982 | J34: 0.97486672 | K34: 1.0838323
B35: Female (F) | C35: 6116 | D35: 6004 | E35: 112 | F35: 6207 | G35: 6092 | H35: 115 | I35: 0.98533913 | J35: 0.98555483 | K35: 0.97391304
A36: Mati City | B36: Total (MF) | C36: 17744 | D36: 16607 | E36: 1137 | F36: 18150 | G36: 17070 | H36: 1080 | I36: 0.97763085 | J36: 0.97287639 | K36: 1.0527778 | L36: 1.0344126
B37: Male (M) | C37: 9167 | D37: 8583 | E37: 584 | F37: 9530 | G37: 8972 | H37: 558 | I37: 0.96190976 | J37: 0.95664289 | K37: 1.046595
B38: Female (F) | C38: 8577 | D38: 8024 | E38: 553 | F38: 8620 | G38: 8098 | H38: 522 | I38: 0.9950116 | J38: 0.99086194 | K38: 1.059387
A39: Panabo City | B39: Total (MF) | C39: 22680 | D39: 20873 | E39: 1807 | F39: 22823 | G39: 21044 | H39: 1779 | I39: 0.99373439 | J39: 0.99187417 | K39: 1.0157392 | L39: 1.0085476
B40: Male (M) | C40: 11654 | D40: 10695 | E40: 959 | F40: 11776 | G40: 10854 | H40: 922 | I40: 0.98963995 | J40: 0.98535102 | K40: 1.0401302
B41: Female (F) | C41: 11026 | D41: 10178 | E41: 848 | F41: 11047 | G41: 10190 | H41: 857 | I41: 0.99809903 | J41: 0.99882237 | K41: 0.98949825
A42: Tagum City | B42: Total (MF) | C42: 29450 | D42: 26947 | E42: 2503 | F42: 29644 | G42: 27192 | H42: 2452 | I42: 0.99345567 | J42: 0.99099 | K42: 1.0207993 | L42: 1.0037843
B43: Male (M) | C43: 15186 | D43: 13927 | E43: 1259 | F43: 15314 | G43: 14069 | H43: 1245 | I43: 0.99164164 | J43: 0.98990689 | K43: 1.011245
B44: Female (F) | C44: 14264 | D44: 13020 | E44: 1244 | F44: 14330 | G44: 13123 | H44: 1207 | I44: 0.99539428 | J44: 0.99215118 | K44: 1.0306545
A45: TOTAL | B45: Total (MF) | C45: 559034 | D45: 526787 | E45: 32247 | F45: 569509 | G45: 537229 | H45: 32280 | I45: 0.98160696 | J45: 0.98056322 | K45: 0.9989777 | L45: 1.0127304
B46: Male (M) | C46: 288902 | D46: 272133 | E46: 16769 | F46: 296114 | G46: 279461 | H46: 16653 | I46: 0.97564452 | J46: 0.97377809 | K46: 1.0069657
B47: Female (F) | C47: 270132 | D47: 254654 | E47: 15478 | F47: 273395 | G47: 257768 | H47: 15627 | I47: 0.98806489 | J47: 0.98791937 | K47: 0.99046522

Sheet RetentionJHSonly
A1: DEPARTMENT OF EDUCATION
A2: ENHANCED BASIC EDUCATION INFORMATION SYSTEM
A3: RETENTION RATE IN SECONDARY EDUCATION (JHS only)
A4: (PUBLIC including SUCs and PRIVATE)
A5: SY 2023 - 2024
A8: Region/Division | C8: Grades 8 to 10 Enrolment (Current SY) | F8: Grades 7 to 9 Enrolment (Previous SY) | I8: Retention Rate | L8: Gender Parity Index
C9: Total | D9: Public | E9: Private | F9: Total | G9: Public | H9: Private | I9: Total | J9: Public | K9: Private
A10: REGION XI - DAVAO REGION
A12: Davao City | B12: Total (MF) | C12: 104425 | D12: 88479 | E12: 15946 | F12: 108343 | G12: 92956 | H12: 15387 | I12: 0.96383707 | J12: 0.95183743 | K12: 1.0363294 | L12: 1.0332839
B13: Male (M) | C13: 51951 | D13: 44179 | E13: 7772 | F13: 54787 | G13: 47329 | H13: 7458 | I13: 0.9482359 | J13: 0.93344461 | K13: 1.0421024
B14: Female (F) | C14: 52474 | D14: 44300 | E14: 8174 | F14: 53556 | G14: 45627 | H14: 7929 | I14: 0.97979685 | J14: 0.97091634 | K14: 1.0308992
A15: Davao de Oro (Compostela Valley) | B15: Total (MF) | C15: 43808 | D15: 42084 | E15: 1724 | F15: 46956 | G15: 45216 | H15: 1740 | I15: 0.93295851 | J15: 0.93073248 | K15: 0.9908046 | L15: 1.0343252
B16: Male (M) | C16: 22070 | D16: 21140 | E16: 930 | F16: 24052 | G16: 23117 | H16: 935 | I16: 0.91759521 | J16: 0.91447852 | K16: 0.99465241
B17: Female (F) | C17: 21738 | D17: 20944 | E17: 794 | F17: 22904 | G17: 22099 | H17: 805 | I17: 0.94909186 | J17: 0.94773519 | K17: 0.9863354
A18: Davao del Norte | B18: Total (MF) | C18: 27695 | D18: 25737 | E18: 1958 | F18: 30156 | G18: 28092 | H18: 2064 | I18: 0.91839103 | J18: 0.9161683 | K18: 0.94864341 | L18: 1.0461252
B19: Male (M) | C19: 14002 | D19: 12957 | E19: 1045 | F19: 15586 | G19: 14468 | H19: 1118 | I19: 0.89837033 | J19: 0.89556262 | K19: 0.93470483
B20: Female (F) | C20: 13693 | D20: 12780 | E20: 913 | F20: 14570 | G20: 13624 | H20: 946 | I20: 0.93980782 | J20: 0.9380505 | K20: 0.96511628
A21: Davao del Sur | B21: Total (MF) | C21: 25820 | D21: 21611 | E21: 4209 | F21: 28679 | G21: 24345 | H21: 4334 | I21: 0.90031033 | J21: 0.88769768 | K21: 0.97115828 | L21: 1.0677511
B22: Male (M) | C22: 12680 | D22: 10588 | E22: 2092 | F22: 14554 | G22: 12385 | H22: 2169 | I22: 0.87123815 | J22: 0.85490513 | K22: 0.96449977
B23: Female (F) | C23: 13140 | D23: 11023 | E23: 2117 | F23: 14125 | G23: 11960 | H23: 2165 | I23: 0.93026549 | J23: 0.92165552 | K23: 0.9778291
A24: Davao Occidental | B24: Total (MF) | C24: 16029 | D24: 15303 | E24: 726 | F24: 19167 | G24: 18396 | H24: 771 | I24: 0.83628111 | J24: 0.83186562 | K24: 0.94163424 | L24: 1.083605
B25: Male (M) | C25: 7444 | D25: 7090 | E25: 354 | F25: 9285 | G25: 8911 | H25: 374 | I25: 0.80172321 | J25: 0.79564583 | K25: 0.94652406
B26: Female (F) | C26: 8585 | D26: 8213 | E26: 372 | F26: 9882 | G26: 9485 | H26: 397 | I26: 0.86875126 | J26: 0.86589352 | K26: 0.93702771
A27: Davao Oriental | B27: Total (MF) | C27: 24944 | D27: 23133 | E27: 1811 | F27: 27789 | G27: 25917 | H27: 1872 | I27: 0.89762136 | J27: 0.89258016 | K27: 0.96741453 | L27: 1.0768282
B28: Male (M) | C28: 12282 | D28: 11387 | E28: 895 | F28: 14197 | G28: 13266 | H28: 931 | I28: 0.86511235 | J28: 0.85835972 | K28: 0.9613319
B29: Female (F) | C29: 12662 | D29: 11746 | E29: 916 | F29: 13592 | G29: 12651 | H29: 941 | I29: 0.9315774 | J29: 0.92846415 | K29: 0.97343252
A30: Digos City | B30: Total (MF) | C30: 11734 | D30: 10349 | E30: 1385 | F30: 12271 | G30: 10977 | H30: 1294 | I30: 0.95623829 | J30: 0.94278947 | K30: 1.0703246 | L30: 1.0538459
B31: Male (M) | C31: 5815 | D31: 5110 | E31: 705 | F31: 6242 | G31: 5593 | H31: 649 | I31: 0.93159244 | J31: 0.91364205 | K31: 1.0862866
B32: Female (F) | C32: 5919 | D32: 5239 | E32: 680 | F32: 6029 | G32: 5384 | H32: 645 | I32: 0.98175485 | J32: 0.97306835 | K32: 1.0542636
A33: Island Garden City of Samal | B33: Total (MF) | C33: 6817 | D33: 6350 | E33: 467 | F33: 7299 | G33: 6828 | H33: 471 | I33: 0.93396356 | J33: 0.92999414 | K33: 0.99150743 | L33: 1.0474806
B34: Male (M) | C34: 3357 | D34: 3136 | E34: 221 | F34: 3679 | G34: 3448 | H34: 231 | I34: 0.91247622 | J34: 0.90951276 | K34: 0.95670996
B35: Female (F) | C35: 3460 | D35: 3214 | E35: 246 | F35: 3620 | G35: 3380 | H35: 240 | I35: 0.9558011 | J35: 0.95088757 | K35: 1.025
A36: Mati City | B36: Total (MF) | C36: 9246 | D36: 8485 | E36: 761 | F36: 10075 | G36: 9324 | H36: 751 | I36: 0.91771712 | J36: 0.91001716 | K36: 1.0133156 | L36: 1.0838983
B37: Male (M) | C37: 4441 | D37: 4056 | E37: 385 | F37: 5042 | G37: 4655 | H37: 387 | I37: 0.88080127 | J37: 0.87132116 | K37: 0.99483204
B38: Female (F) | C38: 4805 | D38: 4429 | E38: 376 | F38: 5033 | G38: 4669 | H38: 364 | I38: 0.95469899 | J38: 0.94859713 | K38: 1.032967
A39: Panabo City | B39: Total (MF) | C39: 12761 | D39: 10549 | E39: 2212 | F39: 13278 | G39: 11068 | H39: 2210 | I39: 0.96106341 | J39: 0.95310806 | K39: 1.000905 | L39: 1.0482523
B40: Male (M) | C40: 6383 | D40: 5305 | E40: 1078 | F40: 6798 | G40: 5697 | H40: 1101 | I40: 0.93895263 | J40: 0.93119186 | K40: 0.9791099
B41: Female (F) | C41: 6378 | D41: 5244 | E41: 1134 | F41: 6480 | G41: 5371 | H41: 1109 | I41: 0.98425926 | J41: 0.9763545 | K41: 1.0225428
A42: Tagum City | B42: Total (MF) | C42: 17707 | D42: 15301 | E42: 2406 | F42: 18347 | G42: 16006 | H42: 2341 | I42: 0.96511691 | J42: 0.95595402 | K42: 1.0277659 | L42: 1.0286345
B43: Male (M) | C43: 8840 | D43: 7663 | E43: 1177 | F43: 9289 | G43: 8149 | H43: 1140 | I43: 0.95166326 | J43: 0.94036078 | K43: 1.0324561
B44: Female (F) | C44: 8867 | D44: 7638 | E44: 1229 | F44: 9058 | G44: 7857 | H44: 1201 | I44: 0.97891367 | J44: 0.97212677 | K44: 1.0233139
A45: TOTAL | B45: Total (MF) | C45: 300986 | D45: 267381 | E45: 33605 | F45: 322360 | G45: 289125 | H45: 33235 | I45: 0.93369525 | J45: 0.92479377 | K45: 1.0111328 | L45: 1.0462855
B46: Male (M) | C46: 149265 | D46: 132611 | E46: 16654 | F46: 163511 | G46: 147018 | H46: 16493 | I46: 0.91287436 | J46: 0.9020052 | K46: 1.0097617
B47: Female (F) | C47: 151721 | D47: 134770 | E47: 16951 | F47: 158849 | G47: 142107 | H47: 16742 | I47: 0.9551272 | J47: 0.94836989 | K47: 1.0124836

Sheet RetentionSec
A1: DEPARTMENT OF EDUCATION
A2: ENHANCED BASIC EDUCATION INFORMATION SYSTEM
A3: RETENTION RATE IN SECONDARY EDUCATION
A4: (PUBLIC including SUCs and PRIVATE)
A5: SY 2023 - 2024
A8: Region/Division | C8: Grades 8 to 12 Enrolment (Current SY) | F8: Grades 7 to 11 Enrolment (Previous SY) | I8: Retention Rate | L8: Gender Parity Index
C9: Total | D9: Public | E9: Private | F9: Total | G9: Public | H9: Private | I9: Total | J9: Public | K9: Private
A10: REGION XI - DAVAO REGION
A12: Davao City | B12: Total (MF) | C12: 181803 | D12: 128372 | E12: 53431 | F12: 187375 | G12: 146362 | H12: 41013 | I12: 0.97026284 | J12: 0.87708558 | K12: 1.302782 | L12: 1.0250514
B13: Male (M) | C13: 89955 | D13: 64730 | E13: 25225 | F13: 93871 | G13: 74410 | H13: 19461 | I13: 0.95828318 | J13: 0.86990996 | K13: 1.2961821
B14: Female (F) | C14: 91848 | D14: 63642 | E14: 28206 | F14: 93504 | G14: 71952 | H14: 21552 | I14: 0.98228953 | J14: 0.88450634 | K14: 1.3087416
A15: Davao de Oro (Compostela Valley) | B15: Total (MF) | C15: 73930 | D15: 67130 | E15: 6800 | F15: 79492 | G15: 74240 | H15: 5252 | I15: 0.93003069 | J15: 0.90422953 | K15: 1.2947449 | L15: 1.0380547
B16: Male (M) | C16: 37204 | D16: 33761 | E16: 3443 | F16: 40745 | G16: 38052 | H16: 2693 | I16: 0.91309363 | J16: 0.88723326 | K16: 1.2784998
B17: Female (F) | C17: 36726 | D17: 33369 | E17: 3357 | F17: 38747 | G17: 36188 | H17: 2559 | I17: 0.94784112 | J17: 0.92210125 | K17: 1.3118406
A18: Davao del Norte | B18: Total (MF) | C18: 46708 | D18: 43174 | E18: 3534 | F18: 50917 | G18: 47228 | H18: 3689 | I18: 0.91733606 | J18: 0.91416109 | K18: 0.95798319 | L18: 1.0376535
B19: Male (M) | C19: 23690 | D19: 21817 | E19: 1873 | F19: 26295 | G19: 24313 | H19: 1982 | I19: 0.90093174 | J19: 0.89733887 | K19: 0.94500505
B20: Female (F) | C20: 23018 | D20: 21357 | E20: 1661 | F20: 24622 | G20: 22915 | H20: 1707 | I20: 0.93485501 | J20: 0.9320096 | K20: 0.97305214
A21: Davao del Sur | B21: Total (MF) | C21: 41816 | D21: 33795 | E21: 8021 | F21: 47764 | G21: 39788 | H21: 7976 | I21: 0.87547107 | J21: 0.8493767 | K21: 1.0056419 | L21: 1.0535143
B22: Male (M) | C22: 20722 | D22: 16713 | E22: 4009 | F22: 24292 | G22: 20247 | H22: 4045 | I22: 0.85303804 | J22: 0.82545562 | K22: 0.99110012
B23: Female (F) | C23: 21094 | D23: 17082 | E23: 4012 | F23: 23472 | G23: 19541 | H23: 3931 | I23: 0.8986878 | J23: 0.87416202 | K23: 1.0206054
A24: Davao Occidental | B24: Total (MF) | C24: 25867 | D24: 24528 | E24: 1339 | F24: 32043 | G24: 30533 | H24: 1510 | I24: 0.807259 | J24: 0.80332755 | K24: 0.88675497 | L24: 1.0800038
B25: Male (M) | C25: 11976 | D25: 11305 | E25: 671 | F25: 15450 | G25: 14685 | H25: 765 | I25: 0.77514563 | J25: 0.76983316 | K25: 0.87712418
B26: Female (F) | C26: 13891 | D26: 13223 | E26: 668 | F26: 16593 | G26: 15848 | H26: 745 | I26: 0.83716025 | J26: 0.83436396 | K26: 0.8966443
A27: Davao Oriental | B27: Total (MF) | C27: 40857 | D27: 36149 | E27: 4708 | F27: 45832 | G27: 41784 | H27: 4048 | I27: 0.89145139 | J27: 0.86513977 | K27: 1.1630435 | L27: 1.0466097
B28: Male (M) | C28: 20039 | D28: 17778 | E28: 2261 | F28: 23001 | G28: 21050 | H28: 1951 | I28: 0.87122299 | J28: 0.84456057 | K28: 1.1588929
B29: Female (F) | C29: 20818 | D29: 18371 | E29: 2447 | F29: 22831 | G29: 20734 | H29: 2097 | I29: 0.91183041 | J29: 0.8860326 | K29: 1.1669051
A30: Digos City | B30: Total (MF) | C30: 22658 | D30: 13132 | E30: 9526 | F30: 22583 | G30: 16277 | H30: 6306 | I30: 1.0033211 | J30: 0.80678258 | K30: 1.5106248 | L30: 1.0270246
B31: Male (M) | C31: 11022 | D31: 6601 | E31: 4421 | F31: 11136 | G31: 8211 | H31: 2925 | I31: 0.98976293 | J31: 0.80392157 | K31: 1.511453
B32: Female (F) | C32: 11636 | D32: 6531 | E32: 5105 | F32: 11447 | G32: 8066 | H32: 3381 | I32: 1.0165109 | J32: 0.80969502 | K32: 1.5099083
A33: Island Garden City of Samal | B33: Total (MF) | C33: 11524 | D33: 10616 | E33: 908 | F33: 12230 | G33: 11306 | H33: 924 | I33: 0.9422731 | J33: 0.93897046 | K33: 0.98268398 | L33: 1.0208881
B34: Male (M) | C34: 5775 | D34: 5335 | E34: 440 | F34: 6192 | G34: 5746 | H34: 446 | I34: 0.93265504 | J34: 0.92847198 | K34: 0.98654709
B35: Female (F) | C35: 5749 | D35: 5281 | E35: 468 | F35: 6038 | G35: 5560 | H35: 478 | I35: 0.95213647 | J35: 0.94982014 | K35: 0.9790795
A36: Mati City | B36: Total (MF) | C36: 16073 | D36: 13625 | E36: 2448 | F36: 17478 | G36: 15578 | H36: 1900 | I36: 0.91961323 | J36: 0.87463089 | K36: 1.2884211 | L36: 1.0445238
B37: Male (M) | C37: 7765 | D37: 6559 | E37: 1206 | F37: 8634 | G37: 7648 | H37: 986 | I37: 0.8993514 | J37: 0.85760983 | K37: 1.2231237
B38: Female (F) | C38: 8308 | D38: 7066 | E38: 1242 | F38: 8844 | G38: 7930 | H38: 914 | I38: 0.93939394 | J38: 0.89104666 | K38: 1.3588621
A39: Panabo City | B39: Total (MF) | C39: 22619 | D39: 17227 | E39: 5392 | F39: 23062 | G39: 18162 | H39: 4900 | I39: 0.98079091 | J39: 0.94851889 | K39: 1.1004082 | L39: 1.0289693
B40: Male (M) | C40: 11251 | D40: 8742 | E40: 2509 | F40: 11636 | G40: 9271 | H40: 2365 | I40: 0.96691303 | J40: 0.94294035 | K40: 1.0608879
B41: Female (F) | C41: 11368 | D41: 8485 | E41: 2883 | F41: 11426 | G41: 8891 | H41: 2535 | I41: 0.99492386 | J41: 0.95433585 | K41: 1.1372781
A42: Tagum City | B42: Total (MF) | C42: 31880 | D42: 22046 | E42: 9834 | F42: 32321 | G42: 25011 | H42: 7310 | I42: 0.98635562 | J42: 0.88145216 | K42: 1.3452804 | L42: 1.0331796
B43: Male (M) | C43: 15778 | D43: 11277 | E43: 4501 | F43: 16260 | G43: 12841 | H43: 3419 | I43: 0.9703567 | J43: 0.87820263 | K43: 1.3164668
B44: Female (F) | C44: 16102 | D44: 10769 | E44: 5333 | F44: 16061 | G44: 12170 | H44: 3891 | I44: 1.0025528 | J44: 0.88488085 | K44: 1.3705988
A45: TOTAL | B45: Total (MF) | C45: 515735 | D45: 409794 | E45: 105941 | F45: 551097 | G45: 466269 | H45: 84828 | I45: 0.93583344 | J45: 0.87887893 | K45: 1.2488919 | L45: 1.0357439
B46: Male (M) | C46: 255177 | D46: 204618 | E46: 50559 | F46: 277512 | G46: 236474 | H46: 41038 | I46: 0.91951699 | J46: 0.86528752 | K46: 1.2320045
B47: Female (F) | C47: 260558 | D47: 205176 | E47: 55382 | F47: 273585 | G47: 229795 | H47: 43790 | I47: 0.95238409 | J47: 0.89286538 | K47: 1.264718

Sheet Kto6CSR, CR, Coeffcnt,YrInput
A1: DEPARTMENT OF EDUCATION
A2: BASIC EDUCATION INFORMATION SYSTEM
A3: COHORT SURVIVAL RATES & COMPLETION RATES IN PUBLIC AND PRIVATE ELEMENTARY SCHOOLS
A4: (KINDERGARTEN TO GRADE 6)
A5: SY 2023-2024
A8: Note: Computed using UNESCO's template for assessing internal efficiency (Including SUCs)
A9: REGION/DIVISION | B9: Sex | C9: Survival Rates | I9: (CSR) | J9: Completion | K9: Coefficient | L9: Years Input | M9: GPI | N9: GPI | O9: GPI
C10: Kinder | D10: Grade I | E10: Grade II | F10: Grade III | G10: Grade IV | H10: Grade V | I10: Grade VI | J10: Rate | K10: of Efficiency | L10: Per Graduate | M10: Cohort | N10: Completion | O10: Coefficient
A11: Region XI - Davao City | B11: Total (M & F) | C11: 1 | D11: 1 | E11: 0.99888375 | F11: 0.99706527 | G11: 0.99212931 | H11: 0.98370374 | I11: 0.97342644 | J11: 0.96932488 | K11: 0.96457107 | L11: 7.2571117 | M11: 1.0494908 | N11: 1.0568694 | O11: 1.0512802
B12: Male (M) | C12: 1 | D12: 1 | E12: 0.99844905 | F12: 0.99334035 | G12: 0.98670272 | H12: 0.96935696 | I12: 0.94929845 | J12: 0.94218246 | K12: 0.94058305 | L12: 7.4421924
B13: Female (F) | C13: 1 | D13: 1 | E13: 0.99934365 | F13: 0.99934365 | G13: 0.99628002 | H13: 0.99628002 | I13: 0.99628002 | J13: 0.99576378 | K13: 0.98881631 | L13: 7.0791712
A14: Region XI - Davao de Oro (Compostela Valley) | B14: Total (M & F) | C14: 1 | D14: 1 | E14: 0.99580816 | F14: 0.98431244 | G14: 0.96908597 | H14: 0.95262127 | I14: 0.9329685 | J14: 0.91902784 | K14: 0.9187704 | L14: 7.6188785 | M14: 1.0572291 | N14: 1.0691933 | O14: 1.0655146
B15: Male (M) | C15: 1 | D15: 1 | E15: 0.99044248 | F15: 0.97553982 | G15: 0.9559594 | H15: 0.93403018 | I15: 0.90740905 | J15: 0.88904044 | K15: 0.89076031 | L15: 7.8584552
B16: Female (F) | C16: 1 | D16: 1 | E16: 1 | F16: 0.99224412 | G16: 0.98207823 | H16: 0.97145451 | I16: 0.95933927 | J16: 0.95055605 | K16: 0.94911813 | L16: 7.3752674
A17: Region XI - Davao del Norte | B17: Total (M & F) | C17: 1 | D17: 0.97040913 | E17: 0.95787617 | F17: 0.94143962 | G17: 0.92033707 | H17: 0.91382619 | I17: 0.88815876 | J17: 0.8827833 | K17: 0.92528595 | L17: 7.5652289 | M17: 1.0236705 | N17: 1.026944 | O17: 1.0284052
B18: Male (M) | C18: 1 | D18: 0.9688575 | E18: 0.95977992 | F18: 0.94168728 | G18: 0.91328123 | H18: 0.90711468 | I18: 0.87840551 | J18: 0.87175721 | K18: 0.91297918 | L18: 7.6672066
B19: Female (F) | C19: 1 | D19: 0.97212753 | E19: 0.95595603 | F19: 0.94126597 | G19: 0.92846654 | H19: 0.92160084 | I19: 0.89919785 | J19: 0.89524584 | K19: 0.93891255 | L19: 7.4554334
A20: Region XI - Davao del Sur | B20: Total (M & F) | C20: 1 | D20: 0.98623482 | E20: 0.98474354 | F20: 0.97752893 | G20: 0.96353259 | H20: 0.94423475 | I20: 0.92038444 | J20: 0.90934468 | K20: 0.92311279 | L20: 7.5830387 | M20: 1.0592162 | N20: 1.0688957 | O20: 1.063239
B21: Male (M) | C21: 1 | D21: 0.98318013 | E21: 0.98318013 | F21: 0.97377629 | G21: 0.95272373 | H21: 0.9269093 | I21: 0.89374239 | J21: 0.87910801 | K21: 0.89558274 | L21: 7.8161399
B22: Female (F) | C22: 1 | D22: 0.98951122 | E22: 0.9835054 | F22: 0.97862952 | G22: 0.97248661 | H22: 0.96047118 | I22: 0.94666642 | J22: 0.93967479 | K22: 0.95221847 | L22: 7.3512542
A23: Region XI - Davao Occidental | B23: Total (M & F) | C23: 1 | D23: 0.91593983 | E23: 0.87272773 | F23: 0.83634337 | G23: 0.79695568 | H23: 0.74789754 | I23: 0.69513234 | J23: 0.66871047 | K23: 0.76259747 | L23: 9.1791545 | M23: 1.2264464 | N23: 1.2601086 | O23: 1.1946354
B24: Male (M) | C24: 1 | D24: 0.89702683 | E24: 0.85393387 | F24: 0.80836522 | G24: 0.75779698 | H24: 0.6945041 | I24: 0.6285218 | J24: 0.5966165 | K24: 0.69811327 | L24: 10.027026
B25: Female (F) | C25: 1 | D25: 0.93667197 | E25: 0.8933433 | F25: 0.86696197 | G25: 0.84069035 | H25: 0.80829935 | I25: 0.77084829 | J25: 0.75180156 | K25: 0.83399082 | L25: 8.3933778
A26: Region XI - Davao Oriental | B26: Total (M & F) | C26: 1 | D26: 0.98370186 | E26: 0.9656733 | F26: 0.94708746 | G26: 0.91290991 | H26: 0.87918528 | I26: 0.84414805 | J26: 0.83109106 | K26: 0.85614718 | L26: 8.1761643 | M26: 1.0658312 | N26: 1.0734015 | O26: 1.0793784
B27: Male (M) | C27: 1 | D27: 0.98252234 | E27: 0.96462329 | F27: 0.94075566 | G27: 0.89773914 | H27: 0.86203473 | I27: 0.81839554 | J27: 0.8029284 | K27: 0.82490836 | L27: 8.4857911
B28: Female (F) | C28: 1 | D28: 0.98499348 | E28: 0.9668255 | F28: 0.95384796 | G28: 0.92966529 | H28: 0.89806784 | I28: 0.87227152 | J28: 0.86186458 | K28: 0.89038825 | L28: 7.8617389
A29: Region XI - Digos City | B29: Total (M & F) | C29: 1 | D29: 1 | E29: 1 | F29: 0.99840426 | G29: 0.99840426 | H29: 0.99840425 | I29: 0.9821246 | J29: 0.97418454 | K29: 0.96679499 | L29: 7.2404182 | M29: 1.0225943 | N29: 1.0289423 | O29: 1.0329698
B30: Male (M) | C30: 1 | D30: 1 | E30: 1 | F30: 1 | G30: 0.9994824 | H30: 0.9952711 | I30: 0.96905555 | J30: 0.95826161 | K30: 0.95004639 | L30: 7.3680613
B31: Female (F) | C31: 1 | D31: 1 | E31: 1 | F31: 0.99607183 | G31: 0.99607183 | H31: 0.99607183 | I31: 0.99095064 | J31: 0.98599588 | K31: 0.98136925 | L31: 7.1328911
A32: Region XI - Island Garden City of Samal | B32: Total (M & F) | C32: 1 | D32: 1 | E32: 0.99035757 | F32: 0.98716929 | G32: 0.97270522 | H32: 0.95695584 | I32: 0.93750396 | J32: 0.93147351 | K32: 0.92618234 | L32: 7.557907 | M32: 1.0395447 | N32: 1.0467309 | O32: 1.0456211
B33: Male (M) | C33: 1 | D33: 0.98800959 | E33: 0.98171654 | F33: 0.97565183 | G33: 0.94915989 | H33: 0.93036408 | I33: 0.91450967 | J33: 0.90551742 | K33: 0.90554505 | L33: 7.730151
B34: Female (F) | C34: 1 | D34: 1 | E34: 0.98702352 | F34: 0.98702352 | G34: 0.98617846 | H34: 0.97386084 | I34: 0.95067368 | J34: 0.94783302 | K34: 0.94685697 | L34: 7.39288
A35: Region XI - Mati City | B35: Total (M & F) | C35: 1 | D35: 1 | E35: 0.99940226 | F35: 0.9919327 | G35: 0.97474115 | H35: 0.95966413 | I35: 0.93351127 | J35: 0.92235095 | K35: 0.89405876 | L35: 7.8294631 | M35: 1.1452205 | N35: 1.1425387 | O35: 1.1438395
B36: Male (M) | C36: 1 | D36: 0.99778639 | E36: 0.99662879 | F36: 0.98798644 | G36: 0.95428054 | H36: 0.9202431 | I36: 0.86778726 | J36: 0.8583791 | K36: 0.83335828 | L36: 8.3997485
B37: Female (F) | C37: 1 | D37: 1 | E37: 1 | F37: 0.99380804 | G37: 0.99380797 | H37: 0.99380779 | I37: 0.99380778 | J37: 0.98073135 | K37: 0.95322814 | L37: 7.3434676
A38: Region XI - Panabo City | B38: Total (M & F) | C38: 1 | D38: 1 | E38: 1 | F38: 0.99908362 | G38: 0.99290764 | H38: 0.9813526 | I38: 0.97548015 | J38: 0.96679869 | K38: 0.96462034 | L38: 7.2567411 | M38: 1.0392829 | N38: 1.0383247 | O38: 1.0326762
B39: Male (M) | C39: 1 | D39: 1 | E39: 1 | F39: 0.99235611 | G39: 0.97859189 | H39: 0.96455302 | I39: 0.95180743 | J39: 0.94376257 | K39: 0.94695194 | L39: 7.3921386
B40: Female (F) | C40: 1 | D40: 0.99863139 | E40: 0.99818991 | F40: 0.99818991 | G40: 0.99818991 | H40: 0.9891972 | I40: 0.9891972 | J40: 0.979932 | K40: 0.97789468 | L40: 7.1582351
A41: Region XI - Tagum City | B41: Total (M & F) | C41: 1 | D41: 1 | E41: 0.99866355 | F41: 0.99655814 | G41: 0.99655814 | H41: 0.98963874 | I41: 0.97764918 | J41: 0.96796165 | K41: 0.96069114 | L41: 7.2864209 | M41: 1.0051747 | N41: 1.0107637 | O41: 1.0201837
B42: Male (M) | C42: 1 | D42: 1 | E42: 0.99544715 | F42: 0.99544715 | G42: 0.99026433 | H42: 0.98575287 | I42: 0.97141465 | J42: 0.9592004 | K42: 0.94957906 | L42: 7.3716874
B43: Female (F) | C43: 1 | D43: 1 | E43: 1 | F43: 0.99526584 | G43: 0.99526584 | H43: 0.98590178 | I43: 0.97644145 | J43: 0.96952499 | K43: 0.96874504 | L43: 7.2258434
A44: Region XI - Davao Region | B44: Total (M & F) | C44: 1 | D44: 0.99222333 | E44: 0.9858525 | F44: 0.97635057 | G44: 0.9622769 | H44: 0.9463315 | I44: 0.92520593 | J44: 0.91513121 | K44: 0.92423573 | L44: 7.5738253 | M44: 1.0609067 | N44: 1.0692735 | O44: 1.0635511
B45: Male (M) | C45: 1 | D45: 0.99061818 | E45: 0.98407036 | F45: 0.97129318 | G45: 0.95125382 | H45: 0.92884128 | I45: 0.89897789 | J45: 0.8858312 | K45: 0.89695371 | L45: 7.8041932
B46: Female (F) | C46: 1 | D46: 0.99394799 | E46: 0.98776645 | F46: 0.98177452 | G46: 0.97436668 | H46: 0.96536686 | I46: 0.95373171 | J46: 0.9471958 | K46: 0.95395607 | L46: 7.3378641

Sheet Kto6 SchoolLeaver
A1: DEPARTMENT OF EDUCATION
A2: BASIC EDUCATION INFORMATION SYSTEM
A3: SCHOOL LEAVER RATES IN PUBLIC AND PRIVATE ELEMENTARY SCHOOLS
A4: (KINDERGARTEN TO GRADE 6)
A5: SY 2023-2024
A8: Note: Computed using UNESCO's template for assessing internal efficiency (Including SUCs)
A9: REGION/DIVISION | B9: Sex | C9: School Leaver Rate | J9: Ave. School | K9: Gender
C10: Kinder | D10: Grade I | E10: Grade II | F10: Grade III | G10: Grade IV | H10: Grade V | I10: Grade VI | J10: Leaver Rate | K10: Parity Index
A11: Region XI - Davao City | B11: Total (M & F) | C11: 0 | D11: 0.0010934937 | E11: 0.0017932696 | F11: 0.0048831729 | G11: 0.0084114583 | H11: 0.010373612 | I11: 0.0041909116 | J11: 0.0044 | K11: 0.072289157
B12: Male (M) | C12: 0 | D12: 0.0015109544 | E12: 0.0050156402 | F12: 0.0065600434 | G12: 0.017365119 | H12: 0.020499578 | I12: 0.0074412533 | J12: 0.0083
B13: Female (F) | C13: 0 | D13: 0.00064676081 | E13: 0 | F13: 0.0030396948 | G13: 0 | H13: 0 | I13: 0.00051652893 | J13: 0.0006
A14: Region XI - Davao de Oro (Compostela Valley) | B14: Total (M & F) | C14: 0 | D14: 0.0040272431 | E14: 0.011178802 | F14: 0.01503621 | G14: 0.01667398 | H14: 0.020343554 | I14: 0.014795995 | J14: 0.0117 | K14: 0.44099379
B15: Male (M) | C15: 0 | D15: 0.0090878492 | E15: 0.014396581 | F15: 0.019314286 | G15: 0.022345771 | H15: 0.027888902 | I15: 0.019965773 | J15: 0.0161
B16: Female (F) | C16: 0 | D16: 0 | E16: 0.0076097804 | F16: 0.010074231 | G16: 0.010699403 | H16: 0.012397689 | I16: 0.0091051805 | J16: 0.0071
A17: Region XI - Davao del Norte | B17: Total (M & F) | C17: 0.029314733 | D17: 0.01263766 | E17: 0.016896235 | F17: 0.022071983 | G17: 0.0069924107 | H17: 0.027814924 | I17: 0.0060093206 | J17: 0.019812368 | K17: 0.82626197
B18: Male (M) | C18: 0.030791264 | D18: 0.0091148116 | E18: 0.018465909 | F18: 0.029531947 | G18: 0.0066439523 | H18: 0.031244606 | I18: 0.0074871315 | J18: 0.021629644
B19: Female (F) | C19: 0.027672706 | D19: 0.016378187 | E19: 0.015214911 | F19: 0.013478819 | G19: 0.0073416425 | H19: 0.024151917 | I19: 0.0043814433 | J19: 0.017871753
A20: Region XI - Davao del Sur | B20: Total (M & F) | C20: 0.013585056 | D20: 0.0014684288 | E20: 0.0071589683 | F20: 0.014016336 | G20: 0.019751484 | H20: 0.024937894 | I20: 0.011909015 | J20: 0.014972806 | K20: 0.56714907
B21: Male (M) | C21: 0.016567135 | D21: 0 | E21: 0.0092732778 | F21: 0.020988361 | G21: 0.026539278 | H21: 0.035153328 | I21: 0.016203704 | J21: 0.0178
B22: Female (F) | C22: 0.010373444 | D22: 0.0059389719 | E22: 0.004884999 | F22: 0.006201882 | G22: 0.012275916 | H22: 0.014263384 | I22: 0.0073583517 | J22: 0.010095253
A23: Region XI - Davao Occidental | B23: Total (M & F) | C23: 0.082618959 | D23: 0.044263172 | E23: 0.039336366 | F23: 0.044329303 | G23: 0.058631922 | H23: 0.068015971 | I23: 0.036770851 | J23: 0.05817812 | K23: 0.60171673
B24: Male (M) | C24: 0.10090005 | D24: 0.044592517 | E24: 0.049497293 | F24: 0.057864711 | G24: 0.078125 | H24: 0.090215318 | I24: 0.048387097 | J24: 0.07191192
B25: Female (F) | C25: 0.062451006 | D25: 0.043903803 | E25: 0.02837274 | F25: 0.029078665 | G25: 0.037414966 | H25: 0.045353367 | I25: 0.024280264 | J25: 0.043270605
A26: Region XI - Davao Oriental | B26: Total (M & F) | C26: 0.015869807 | D26: 0.017289139 | E26: 0.018255578 | F26: 0.03414586 | G26: 0.035714286 | H26: 0.038745737 | I26: 0.015221239 | J26: 0.029912254 | K26: 0.703211
B27: Male (M) | C27: 0.016975309 | D27: 0.016893733 | E27: 0.023066987 | F27: 0.042478853 | G27: 0.037924496 | H27: 0.048609832 | I27: 0.018458699 | J27: 0.034794183
B28: Female (F) | C28: 0.014652793 | D28: 0.017727639 | E28: 0.01297122 | F28: 0.024494143 | G28: 0.033339507 | H28: 0.028292683 | I28: 0.011832891 | J28: 0.024467652
A29: Region XI - Digos City | B29: Total (M & F) | C29: 0 | D29: 0 | E29: 0.0015781168 | F29: 0 | G29: 0 | H29: 0.01614847 | I29: 0.0080321285 | J29: 0.0037 | K29: 0.33333333
B30: Male (M) | C30: 0 | D30: 0 | E30: 0 | F30: 0.0005109862 | G30: 0.0041570439 | H30: 0.026086957 | I30: 0.011022658 | J30: 0.006
B31: Female (F) | C31: 0 | D31: 0 | E31: 0.00390625 | F31: 0 | G31: 0 | H31: 0.0050916497 | I31: 0.0049875312 | J31: 0.002
A32: Region XI - Island Garden City of Samal | B32: Total (M & F) | C32: 0 | D32: 0.0092664093 | E32: 0.003087611 | F32: 0.014106583 | G32: 0.015837104 | H32: 0.019968677 | I32: 0.0063694268 | J32: 0.0098 | K32: 0.43364525
B33: Male (M) | C33: 0.011636928 | D33: 0.0060514372 | E33: 0.0058351568 | F33: 0.025735294 | G33: 0.019216556 | H33: 0.016591252 | I33: 0.009699321 | J33: 0.017295243
B34: Female (F) | C34: 0 | D34: 0.012618297 | E34: 0 | F34: 0.00083892617 | G34: 0.012317167 | H34: 0.023615635 | I34: 0.002970297 | J34: 0.0075
A35: Region XI - Mati City | B35: Total (M & F) | C35: 0 | D35: 0.00055834729 | E35: 0.00696767 | F35: 0.016174801 | G35: 0.014553015 | H35: 0.026330377 | I35: 0.011687865 | J35: 0.0109 | K35: 0.10167159
B36: Male (M) | C36: 0.0021265284 | D36: 0.0010582011 | E36: 0.0078988942 | F36: 0.031113537 | G36: 0.032754342 | H36: 0.05438226 | I36: 0.010512484 | J36: 0.02655609
B37: Female (F) | C37: 0 | D37: 0 | E37: 0.0059206631 | F37: 0 | G37: 0 | H37: 0 | I37: 0.01297765 | J37: 0.0027
A38: Region XI - Panabo City | B38: Total (M & F) | C38: 0 | D38: 0 | E38: 0.00090661831 | F38: 0.0061133318 | G38: 0.011570248 | H38: 0.0059497576 | I38: 0.008847185 | J38: 0.0048 | K38: 0.35802469
B39: Male (M) | C39: 0 | D39: 0 | E39: 0.0075221239 | F39: 0.013656388 | G39: 0.014225941 | H39: 0.013107822 | I39: 0.0083857442 | J39: 0.0081
B40: Female (F) | C40: 0.0013556258 | D40: 0.000436872 | E40: 0 | F40: 0 | G40: 0.0089795918 | H40: 0 | I40: 0.0093304061 | J40: 0.0029
A41: Region XI - Tagum City | B41: Total (M & F) | C41: 0 | D41: 0.0013125513 | E41: 0.0020743302 | F41: 0 | G41: 0.0068526676 | H41: 0.012 | I41: 0.0098433106 | J41: 0.0046 | K41: 0.75862069
B42: Male (M) | C42: 0 | D42: 0.0044500954 | E42: 0 | F42: 0.0050881954 | G42: 0.0044614404 | H42: 0.014318256 | I42: 0.012432012 | J42: 0.0058
B43: Female (F) | C43: 0 | D43: 0 | E43: 0.0046829971 | F43: 0 | G43: 0.0093614176 | H43: 0.0095661086 | I43: 0.0070715474 | J43: 0.0044
A44: Region XI - Davao Region | B44: Total (M & F) | C44: 0.0076366631 | D44: 0.0062201824 | E44: 0.009383282 | F44: 0.01404767 | G44: 0.016272636 | H44: 0.02201442 | I44: 0.010781073 | J44: 0.014053007 | K44: 0.47125338
B45: Male (M) | C45: 0.0091796841 | D45: 0.0063514701 | E45: 0.012526634 | F45: 0.019928105 | G45: 0.022974863 | H45: 0.031525787 | I45: 0.014416943 | J45: 0.018837359
B46: Female (F) | C46: 0.0059662534 | D46: 0.0060778249 | E46: 0.0059635086 | F46: 0.0074267639 | G46: 0.0091384264 | H46: 0.011956991 | I46: 0.006816601 | J46: 0.0088771692

Sheet Kto6 Repetition
A1: DEPARTMENT OF EDUCATION
A2: BASIC EDUCATION INFORMATION SYSTEM
A3: REPETITION RATES IN PUBLIC AND PRIVATE ELEMENTARY SCHOOLS
A4: (KINDERGARTEN TO GRADE 6)
A5: SY 2023-2024
A8: Note: Computed using UNESCO's template for assessing internal efficiency (Including SUCs)
A9: REGION/DIVISION | B9: Sex | C9: Repetition Rate | J9: Ave. Repetition | K9: Gender
C10: Kinder | D10: Grade I | E10: Grade II | F10: Grade III | G10: Grade IV | H10: Grade V | I10: Grade VI | J10: Rate | K10: Parity Index
A11: Region XI - Davao City | B11: Total (M & F) | C11: 0.017438413 | D11: 0.020385847 | E11: 0.014962594 | F11: 0.013599069 | G11: 0.00953125 | H11: 0.0070778291 | I11: 0.0053685231 | J11: 0.012867354 | K11: 0.53939394
B12: Male (M) | C12: 0.020945946 | D12: 0.025786955 | E12: 0.019738971 | F12: 0.018270534 | G12: 0.012195734 | H12: 0.0093275717 | I12: 0.007310705 | J12: 0.0165
B13: Female (F) | C13: 0.013660284 | D13: 0.014606015 | E13: 0.0097976322 | F13: 0.0084634641 | G13: 0.0066576455 | H13: 0.0047114905 | I13: 0.0031729634 | J13: 0.0089
A14: Region XI - Davao de Oro (Compostela Valley) | B14: Total (M & F) | C14: 0.02382612 | D14: 0.03926562 | E14: 0.031643698 | F14: 0.027985762 | G14: 0.018593681 | H14: 0.013894589 | I14: 0.0097892692 | J14: 0.023896 | K14: 0.46875
B15: Male (M) | C15: 0.029109589 | D15: 0.049141703 | E15: 0.043189742 | F15: 0.037714286 | G15: 0.025874051 | H15: 0.02148817 | I15: 0.013690816 | J15: 0.032
B16: Female (F) | C16: 0.018145957 | D16: 0.028223783 | E16: 0.018837325 | F16: 0.016702015 | G16: 0.010924654 | H16: 0.0058979297 | I16: 0.0054945055 | J16: 0.015
A17: Region XI - Davao del Norte | B17: Total (M & F) | C17: 0.0093316995 | D17: 0.021484022 | E17: 0.01533517 | F17: 0.015311195 | G17: 0.011597169 | H17: 0.0097173932 | I17: 0.0071130733 | J17: 0.013033513 | K17: 0.49146445
B18: Male (M) | C18: 0.011278195 | D18: 0.02716915 | E18: 0.020419034 | F18: 0.020988113 | G18: 0.016013629 | H18: 0.012774038 | I18: 0.010762752 | J18: 0.017257609
B19: Female (F) | C19: 0.0071670317 | D19: 0.015447608 | E19: 0.0098896919 | F19: 0.0087719298 | G19: 0.0071709066 | H19: 0.0064528024 | I19: 0.0030927835 | J19: 0.0084815013
A20: Region XI - Davao del Sur | B20: Total (M & F) | C20: 0.013085606 | D20: 0.028879099 | E20: 0.022849858 | F20: 0.021074922 | G20: 0.013816766 | H20: 0.012707816 | I20: 0.0071454091 | J20: 0.017288925 | K20: 0.48238768
B21: Male (M) | C21: 0.015026007 | D21: 0.035633908 | E21: 0.030469341 | F21: 0.029192902 | G21: 0.020523708 | H21: 0.017576664 | I21: 0.010416667 | J21: 0.023
B22: Female (F) | C22: 0.010995851 | D22: 0.021503174 | E22: 0.014654997 | F22: 0.011976048 | G22: 0.0064302416 | H22: 0.0076201641 | I22: 0.0036791759 | J22: 0.011094917
A23: Region XI - Davao Occidental | B23: Total (M & F) | C23: 0.017144987 | D23: 0.061781225 | E23: 0.056462403 | F23: 0.058721934 | G23: 0.047502714 | H23: 0.035935564 | I23: 0.032592345 | J23: 0.04422206 | K23: 0.53156566
B24: Male (M) | C24: 0.020132639 | D24: 0.071758073 | E24: 0.072441351 | F24: 0.074979625 | G24: 0.064583333 | H24: 0.050422458 | I24: 0.046774194 | J24: 0.057049405
B25: Female (F) | C25: 0.013848968 | D25: 0.050894855 | E25: 0.03922114 | F25: 0.04040404 | G25: 0.028911565 | H25: 0.021146355 | I25: 0.017343045 | J25: 0.030325505
A26: Region XI - Davao Oriental | B26: Total (M & F) | C26: 0.026281209 | D26: 0.056643423 | E26: 0.051482662 | F26: 0.053784664 | G26: 0.033214286 | H26: 0.027756726 | I26: 0.015929204 | J26: 0.038422037 | K26: 0.48784601
B27: Male (M) | C27: 0.028742284 | D27: 0.072661217 | E27: 0.067724672 | F27: 0.070981979 | G27: 0.046371315 | H27: 0.039771681 | I27: 0.023304107 | J27: 0.050873033
B28: Female (F) | C28: 0.023571884 | D28: 0.038879936 | E28: 0.033644102 | F28: 0.033865815 | G28: 0.019077607 | H28: 0.01502439 | I28: 0.0082105772 | J28: 0.024818206
A29: Region XI - Digos City | B29: Total (M & F) | C29: 0.01452129 | D29: 0.015235457 | E29: 0.011046817 | F29: 0.0090016367 | G29: 0.0095121951 | H29: 0.0096408773 | I29: 0.0064874884 | J29: 0.010969322 | K29: 0.57664234
B30: Male (M) | C30: 0.019749518 | D30: 0.013839286 | E30: 0.015920398 | F30: 0.012774655 | G30: 0.013394919 | H30: 0.009610984 | I30: 0.010410288 | J30: 0.0137
B31: Female (F) | C31: 0.0090588827 | D31: 0.016730402 | E31: 0.0055803571 | F31: 0.0046811001 | G31: 0.0051679587 | H31: 0.0096741344 | I31: 0.0024937656 | J31: 0.0079
A32: Region XI - Island Garden City of Samal | B32: Total (M & F) | C32: 0.02545156 | D32: 0.038996139 | E32: 0.040910845 | F32: 0.037225705 | G32: 0.021870287 | H32: 0.017619421 | I32: 0.0097991181 | J32: 0.027962793 | K32: 0.46857412
B33: Male (M) | C33: 0.029480217 | D33: 0.049924357 | E33: 0.05543399 | F33: 0.052205882 | G33: 0.029563932 | H33: 0.026395173 | I33: 0.013579049 | J33: 0.03756076
B34: Female (F) | C34: 0.02092415 | D34: 0.027602524 | E34: 0.024590164 | F34: 0.020134228 | G34: 0.013856813 | H34: 0.0081433225 | I34: 0.0059405941 | J34: 0.0176
A35: Region XI - Mati City | B35: Total (M & F) | C35: 0.031223389 | D35: 0.06588498 | E35: 0.067725753 | F35: 0.066685585 | G35: 0.058991684 | H35: 0.033813747 | I35: 0.022344448 | J35: 0.050362054 | K35: 0.47435917
B36: Male (M) | C36: 0.039340776 | D36: 0.087830688 | E36: 0.088994207 | F36: 0.087882096 | G36: 0.081389578 | H36: 0.04593453 | I36: 0.03022339 | J36: 0.06703781
B37: Female (F) | C37: 0.021924482 | D37: 0.041371158 | E37: 0.043812907 | F37: 0.043735225 | G37: 0.034369885 | H37: 0.02042007 | I37: 0.01369863 | J37: 0.0318
A38: Region XI - Panabo City | B38: Total (M & F) | C38: 0.011751663 | D38: 0.015690377 | E38: 0.010652765 | F38: 0.011051023 | G38: 0.005785124 | H38: 0.0057293962 | I38: 0.0058981233 | J38: 0.0095934069 | K38: 0.484375
B39: Male (M) | C39: 0.013931215 | D39: 0.01926937 | E39: 0.015929204 | F39: 0.015418502 | G39: 0.0083682008 | H39: 0.0080338266 | I39: 0.0078616352 | J39: 0.0128
B40: Female (F) | C40: 0.0094893809 | D40: 0.011795544 | E40: 0.0051115242 | F40: 0.0060514372 | G40: 0.0032653061 | H40: 0.003221353 | I40: 0.0038419319 | J40: 0.0062
A41: Region XI - Tagum City | B41: Total (M & F) | C41: 0.013284391 | D41: 0.017883511 | E41: 0.016076059 | F41: 0.016503993 | G41: 0.0130527 | H41: 0.0095 | I41: 0.0066291683 | J41: 0.013410009 | K41: 0.4021164
B42: Male (M) | C42: 0.017117426 | D42: 0.022568341 | E42: 0.020937188 | F42: 0.022727273 | G42: 0.02071383 | H42: 0.015619915 | I42: 0.011266511 | J42: 0.0189
B43: Female (F) | C43: 0.0092857143 | D43: 0.012885724 | E43: 0.010806916 | F43: 0.0096762188 | G43: 0.0050150451 | H43: 0.0030748206 | I43: 0.0016638935 | J43: 0.0076
A44: Region XI - Davao Region | B44: Total (M & F) | C44: 0.018003903 | D44: 0.031238946 | E44: 0.026457632 | F44: 0.025452159 | G44: 0.017974514 | H44: 0.013851868 | I44: 0.009927017 | J44: 0.020697076 | K44: 0.49611359
B45: Male (M) | C45: 0.021545563 | D45: 0.039087246 | E45: 0.035225789 | F45: 0.034097651 | G45: 0.02487724 | H45: 0.019452805 | I45: 0.014161776 | J45: 0.027297765
B46: Female (F) | C46: 0.014169852 | D46: 0.022728907 | E46: 0.016918418 | F46: 0.015718019 | G46: 0.010626882 | H46: 0.0079293728 | I46: 0.0053095293 | J46: 0.013542792

Sheet Kto6 Promo & Grad
A1: DEPARTMENT OF EDUCATION
A2: BASIC EDUCATION INFORMATION SYSTEM
A3: PROMOTION RATES AND GRADUATION RATES IN PUBLIC AND PRIVATE ELEMENTARY SCHOOLS
A4: (KINDERGARTEN TO GRADE 6)
A5: SY 2023-2024
A8: Note: Computed using UNESCO's template for assessing internal efficiency (Including SUCs)
A9: REGION/DIVISION | B9: Sex | C9: Kinder | D9: Grade I | E9: Grade II | F9: Grade III | G9: Grade IV | H9: Grade V | I9: Grade VI | J9: Ave. Promotion | K9: Gender
I10: Grad. Rate | J10: Rate | K10: Parity Index
A11: Region XI - Davao City | B11: Total (M & F) | C11: 0.98256159 | D11: 0.97852066 | E11: 0.98324414 | F11: 0.98151776 | G11: 0.98205729 | H11: 0.98254856 | I11: 0.99044057 | J11: 0.98273265 | K11: 1.0156891
B12: Male (M) | C12: 0.97905405 | D12: 0.97270209 | E12: 0.97524539 | F12: 0.97516942 | G12: 0.97043915 | H12: 0.97017285 | I12: 0.98524804 | J12: 0.9752
B13: Female (F) | C13: 0.98633972 | D13: 0.98474722 | E13: 0.99020237 | F13: 0.98849684 | G13: 0.99334235 | H13: 0.99528851 | I13: 0.99631051 | J13: 0.9905
A14: Region XI - Davao de Oro (Compostela Valley) | B14: Total (M & F) | C14: 0.97617388 | D14: 0.95670714 | E14: 0.9571775 | F14: 0.95697803 | G14: 0.96473234 | H14: 0.96576186 | I14: 0.97541474 | J14: 0.964404 | K14: 1.0273138
B15: Male (M) | C15: 0.97089041 | D15: 0.94177045 | E15: 0.94241368 | F15: 0.94297143 | G15: 0.95178018 | H15: 0.95062293 | I15: 0.96634341 | J15: 0.9519
B16: Female (F) | C16: 0.98185404 | D16: 0.97177622 | E16: 0.97355289 | F16: 0.97322375 | G16: 0.97837594 | H16: 0.98170438 | I16: 0.98540031 | J16: 0.9779
A17: Region XI - Davao del Norte | B17: Total (M & F) | C17: 0.96135357 | D17: 0.96587832 | E17: 0.9677686 | F17: 0.96261682 | G17: 0.98141042 | H17: 0.96246768 | I17: 0.98687761 | J17: 0.96715412 | K17: 1.0130411
B18: Male (M) | C18: 0.95793054 | D18: 0.96371604 | E18: 0.96111506 | F18: 0.94947994 | G18: 0.97734242 | H18: 0.95598136 | I18: 0.98175012 | J18: 0.96111275
B19: Female (F) | C19: 0.96516026 | D19: 0.9681742 | E19: 0.9748954 | F19: 0.97774925 | G19: 0.98548745 | H19: 0.96939528 | I19: 0.99252577 | J19: 0.97364675
A20: Region XI - Davao del Sur | B20: Total (M & F) | C20: 0.97332934 | D20: 0.96965247 | E20: 0.96999117 | F20: 0.96490874 | G20: 0.96643175 | H20: 0.96235429 | I20: 0.98094558 | J20: 0.96773827 | K20: 1.0204439
B21: Male (M) | C21: 0.96840686 | D21: 0.96436609 | E21: 0.96025738 | F21: 0.94981874 | G21: 0.95293701 | H21: 0.94727001 | I21: 0.97337963 | J21: 0.9592
B22: Female (F) | C22: 0.97863071 | D22: 0.97255785 | E22: 0.98046 | F22: 0.98182207 | G22: 0.98129384 | H22: 0.97811645 | I22: 0.98896247 | J22: 0.97880983
A23: Region XI - Davao Occidental | B23: Total (M & F) | C23: 0.90023605 | D23: 0.8939556 | E23: 0.90420123 | F23: 0.89694876 | G23: 0.89386536 | H23: 0.89604846 | I23: 0.9306368 | J23: 0.89759982 | K23: 1.0635623
B24: Male (M) | C24: 0.87896731 | D24: 0.88364941 | E24: 0.87806136 | F24: 0.86715566 | G24: 0.85729167 | H24: 0.85936222 | I24: 0.90483871 | J24: 0.87103868
B25: Female (F) | C25: 0.92370003 | D25: 0.90520134 | E25: 0.93240612 | F25: 0.93051729 | G25: 0.93367347 | H25: 0.93350028 | I25: 0.95837669 | J25: 0.92640389
A26: Region XI - Davao Oriental | B26: Total (M & F) | C26: 0.95784898 | D26: 0.92606744 | E26: 0.93026176 | F26: 0.91206948 | G26: 0.93107143 | H26: 0.93349754 | I26: 0.96884956 | J26: 0.93166571 | K26: 1.0397901
B27: Male (M) | C27: 0.95428241 | D27: 0.91044505 | E27: 0.90920834 | F27: 0.88653917 | G27: 0.91570419 | H27: 0.91161849 | I27: 0.95823719 | J27: 0.91433278
B28: Female (F) | C28: 0.96177532 | D28: 0.94339243 | E28: 0.95338468 | F28: 0.94164004 | G28: 0.94758289 | H28: 0.95668293 | I28: 0.97995653 | J28: 0.95071414
A29: Region XI - Digos City | B29: Total (M & F) | C29: 0.98547871 | D29: 0.98476454 | E29: 0.98737507 | F29: 0.99099836 | G29: 0.9904878 | H29: 0.97421065 | I29: 0.98548038 | J29: 0.98533068 | K29: 1.0099969
B30: Male (M) | C30: 0.98025048 | D30: 0.98616071 | E30: 0.9840796 | F30: 0.98671436 | G30: 0.98244804 | H30: 0.96430206 | I30: 0.97856705 | J30: 0.9803
B31: Female (F) | C31: 0.99094112 | D31: 0.9832696 | E31: 0.99051339 | F31: 0.9953189 | G31: 0.99483204 | H31: 0.98523422 | I31: 0.9925187 | J31: 0.9901
A32: Region XI - Island Garden City of Samal | B32: Total (M & F) | C32: 0.97454844 | D32: 0.95173745 | E32: 0.95600154 | F32: 0.94866771 | G32: 0.96229261 | H32: 0.9624119 | I32: 0.98383146 | J32: 0.96223721 | K32: 1.031483
B33: Male (M) | C33: 0.95888285 | D33: 0.94402421 | E33: 0.93873085 | F33: 0.92205882 | G33: 0.95121951 | H33: 0.95701357 | I33: 0.97672163 | J33: 0.945144
B34: Female (F) | C34: 0.97907585 | D34: 0.95977918 | E34: 0.97540984 | F34: 0.97902685 | G34: 0.97382602 | H34: 0.96824104 | I34: 0.99108911 | J34: 0.9749
A35: Region XI - Mati City | B35: Total (M & F) | C35: 0.96877661 | D35: 0.93355667 | E35: 0.92530658 | F35: 0.91713961 | G35: 0.9264553 | H35: 0.93985588 | I35: 0.96596769 | J35: 0.93873795 | K35: 1.0651958
B36: Male (M) | C36: 0.9585327 | D36: 0.91111111 | E36: 0.9031069 | F36: 0.88100437 | G36: 0.88585608 | H36: 0.89968321 | I36: 0.95926413 | J36: 0.9064061
B37: Female (F) | C37: 0.97807552 | D37: 0.95862884 | E37: 0.95026643 | F37: 0.95626478 | G37: 0.96563011 | H37: 0.97957993 | I37: 0.97332372 | J37: 0.9655
A38: Region XI - Panabo City | B38: Total (M & F) | C38: 0.98824834 | D38: 0.98430962 | E38: 0.98844062 | F38: 0.98283565 | G38: 0.98264463 | H38: 0.98832085 | I38: 0.98525469 | J38: 0.98560659 | K38: 1.0120519
B39: Male (M) | C39: 0.98606879 | D39: 0.98073063 | E39: 0.97654867 | F39: 0.97092511 | G39: 0.97740586 | H39: 0.97885835 | I39: 0.98375262 | J39: 0.9791
B40: Female (F) | C40: 0.98915499 | D40: 0.98776758 | E40: 0.99488848 | F40: 0.99394856 | G40: 0.9877551 | H40: 0.99677865 | I40: 0.98682766 | J40: 0.9909
A41: Region XI - Tagum City | B41: Total (M & F) | C41: 0.98671561 | D41: 0.98080394 | E41: 0.98184961 | F41: 0.98349601 | G41: 0.98009463 | H41: 0.9785 | I41: 0.98352752 | J41: 0.98198999 | K41: 1.0130216
B42: Male (M) | C42: 0.98288257 | D42: 0.97298156 | E42: 0.97906281 | F42: 0.97218453 | G42: 0.97482473 | H42: 0.97006183 | I42: 0.97630148 | J42: 0.9753
B43: Female (F) | C43: 0.99071429 | D43: 0.98711428 | E43: 0.98451009 | F43: 0.99032378 | G43: 0.98562354 | H43: 0.98735907 | I43: 0.99126456 | J43: 0.988
A44: Region XI - Davao Region | B44: Total (M & F) | C44: 0.97435943 | D44: 0.96254087 | E44: 0.96415909 | F44: 0.96050017 | G44: 0.96575285 | H44: 0.96413371 | I44: 0.97929191 | J44: 0.96524992 | K44: 1.0248622
B45: Male (M) | C45: 0.96927475 | D45: 0.95456128 | E45: 0.95224758 | F45: 0.94597424 | G45: 0.9521479 | H45: 0.94902141 | I45: 0.97142128 | J45: 0.95386488
B46: Female (F) | C46: 0.97986389 | D46: 0.97119327 | E46: 0.97711807 | F46: 0.97685522 | G46: 0.98023469 | H46: 0.98011364 | I46: 0.98787387 | J46: 0.97758004

Sheet G1toG6 CSR,CR, Coeffcnt,YrInput
A1: DEPARTMENT OF EDUCATION
A2: BASIC EDUCATION INFORMATION SYSTEM
A3: COHORT SURVIVAL RATES & COMPLETION RATES IN PUBLIC AND PRIVATE ELEMENTARY SCHOOLS
A4: (GRADE 1 TO GRADE 6)
A5: SY 2023 - 2024
A8: Note: Computed using UNESCO's template for assessing internal efficiency (Including SUCs)
A9: REGION/DIVISION | B9: Sex | C9: Survival Rates | H9: (CSR) | I9: Completion | J9: Coefficient | K9: Years Input | L9: GPI | M9: GPI | N9: GPI
C10: Grade I | D10: Grade II | E10: Grade III | F10: Grade IV | G10: Grade V | H10: Grade VI | I10: Rate | J10: of Efficiency | K10: Per Graduate | L10: Cohort | M10: Completion | N10: Coefficient
A11: Region XI - Davao City | B11: Total (MF) | C11: 1 | D11: 0.99888375 | E11: 0.99706527 | F11: 0.99212931 | G11: 0.98370375 | H11: 0.97342644 | I11: 0.96932488 | J11: 0.96662622 | K11: 6.2071563 | L11: =H13/H12 -> 1.0494908 | M11: =I13/I12 -> 1.0568694 | N11: =J13/J12 -> 1.0490201
B12: Male (M) | C12: 1 | D12: 0.99844905 | E12: 0.99334035 | F12: 0.98670272 | G12: 0.96935696 | H12: 0.94929846 | I12: 0.94218246 | J12: 0.94367519 | K12: 6.3581199
B13: Female (F) | C13: 1 | D13: 0.99934365 | E13: 0.99934365 | F13: 0.99628002 | G13: 0.99628002 | H13: 0.99628002 | I13: 0.99576378 | J13: 0.98993425 | K13: 6.0610086
A14: Region XI - Davao de Oro (Compostela Valley) | B14: Total (MF) | C14: 1 | D14: 0.99580816 | E14: 0.98431245 | F14: 0.96908599 | G14: 0.95262131 | H14: 0.93296851 | I14: 0.91902785 | J14: 0.92247887 | K14: 6.504214 | L14: =H16/H15 -> 1.0572291 | M14: =I16/I15 -> 1.0691932 | N14: =J16/J15 -> 1.0628372
B15: Male (M) | C15: 1 | D15: 0.99044248 | E15: 0.97553984 | F15: 0.95595947 | G15: 0.93403032 | H15: 0.90740909 | I15: 0.88904048 | J15: 0.89553273 | K15: 6.6999226
B16: Female (F) | C16: 1 | D16: 1 | E16: 0.99224412 | F16: 0.98207823 | G16: 0.97145452 | H16: 0.95933927 | I16: 0.95055605 | J16: 0.9518055 | K16: 6.3038089
A17: Region XI - Davao del Norte | B17: Total (MF) | C17: 1 | D17: 0.98708487 | E17: 0.97014711 | F17: 0.94840108 | G17: 0.94169166 | H17: 0.91524155 | I17: 0.90970217 | J17: 0.93432072 | K17: 6.4217777 | L17: =H19/H18 -> 1.0202271 | M17: =I19/I18 -> 1.0234896 | N17: =J19/J18 -> 1.027906
B18: Male (M) | C18: 1 | D18: 0.99063063 | E18: 0.97195643 | F18: 0.94263731 | G18: 0.93627254 | H18: 0.90664055 | I18: 0.89977856 | J18: 0.92208201 | K18: 6.5070134
B19: Female (F) | C19: 1 | D19: 0.98336484 | E19: 0.96825359 | F19: 0.95508718 | G19: 0.94802462 | H19: 0.9249793 | I19: 0.92091399 | J19: 0.94781364 | K19: 6.3303583
A20: Region XI - Davao del Sur | B20: Total (MF) | C20: 1 | D20: 0.9984879 | E20: 0.99117261 | F20: 0.97698091 | G20: 0.95741373 | H20: 0.93323053 | I20: 0.92203668 | J20: 0.92753412 | K20: 6.4687647 | L20: =H22/H21 -> 1.0524391 | M20: =I22/I21 -> 1.0620567 | N20: =J22/J21 -> 1.061519
B21: Male (M) | C21: 1 | D21: 1 | E21: 0.99043529 | F21: 0.96902257 | G21: 0.94276652 | H21: 0.90903218 | I21: 0.89414744 | J21: 0.90072911 | K21: 6.6612702
B22: Female (F) | C22: 1 | D22: 0.99393051 | E22: 0.98900295 | F22: 0.98279492 | G22: 0.97065214 | H22: 0.95670104 | I22: 0.9496353 | J22: 0.95614111 | K22: 6.2752244
A23: Region XI - Davao Occidental | B23: Total (MF) | C23: 1 | D23: 0.95282212 | E23: 0.91309862 | F23: 0.87009619 | G23: 0.8165359 | H23: 0.75892731 | I23: 0.73008065 | J23: 0.78352942 | K23: 7.6576575 | L23: =H25/H24 -> 1.1745405 | M23: =I25/I24 -> 1.2067776 | N23: =J25/J24 -> 1.1805549
B24: Male (M) | C24: 1 | D24: 0.95196023 | E24: 0.90116063 | F24: 0.84478768 | G24: 0.77422963 | H24: 0.70066973 | I24: 0.66510227 | J24: 0.7214582 | K24: 8.3164902
B25: Female (F) | C25: 1 | D25: 0.9537419 | E25: 0.92557695 | F25: 0.89752912 | G25: 0.86294821 | H25: 0.82296498 | I25: 0.8026305 | J25: 0.85172101 | K25: 7.0445603
A26: Region XI - Davao Oriental | B26: Total (MF) | C26: 1 | D26: 0.98167274 | E26: 0.962779 | F26: 0.92803527 | G26: 0.89375207 | H26: 0.85813396 | I26: 0.84486065 | J26: 0.86449706 | K26: 6.9404516 | L26: =H28/H27 -> 1.0631583 | M26: =I28/I27 -> 1.0707095 | N26: =J28/J27 -> 1.0794261
B27: Male (M) | C27: 1 | D27: 0.98178256 | E27: 0.95749046 | F27: 0.91370902 | G27: 0.87737015 | H27: 0.83295282 | I27: 0.81721065 | J27: 0.83292842 | K27: 7.2035001
B28: Female (F) | C28: 1 | D28: 0.98155523 | E28: 0.96837999 | F28: 0.9438289 | G28: 0.91175009 | H28: 0.88556072 | I28: 0.87499523 | J28: 0.89908468 | K28: 6.6734537
A29: Region XI - Digos City | B29: Total (MF) | C29: 1 | D29: 1 | E29: 0.99840426 | F29: 0.99840426 | G29: 0.99840426 | H29: 0.9821246 | I29: 0.97418454 | J29: 0.96793039 | K29: 6.1987929 | L29: =H31/H30 -> 1.0225943 | M29: =I31/I30 -> 1.0289423 | N29: =J31/J30 -> 1.0317646
B30: Male (M) | C30: 1 | D30: 1 | E30: 1 | F30: 0.9994824 | G30: 0.9952711 | H30: 0.96905555 | I30: 0.95826161 | J30: 0.95185517 | K30: 6.3034799
B31: Female (F) | C31: 1 | D31: 1 | E31: 0.99607183 | F31: 0.99607183 | G31: 0.99607183 | H31: 0.99095064 | I31: 0.98599588 | J31: 0.98209051 | K31: 6.1094165
A32: Region XI - Island Garden City of Samal | B32: Total (MF) | C32: 1 | D32: 0.99035757 | E32: 0.9871693 | F32: 0.97270525 | G32: 0.95695591 | H32: 0.93750398 | I32: 0.93147353 | J32: 0.92932462 | K32: 6.4563016 | L32: =H34/H33 -> 1.0270801 | M32: =I34/I33 -> 1.0341801 | N32: =J34/J33 -> 1.0438572
B33: Male (M) | C33: 1 | D33: 0.99363057 | E33: 0.98749229 | F33: 0.96067894 | G33: 0.94165524 | H33: 0.92560812 | I33: 0.91650675 | J33: 0.91015756 | K33: 6.5922652
B34: Female (F) | C34: 1 | D34: 0.98702352 | E34: 0.98702352 | F34: 0.98617846 | G34: 0.97386085 | H34: 0.95067369 | I34: 0.94783303 | J34: 0.95007449 | K34: 6.3152943
A35: Region XI - Mati City | B35: Total (MF) | C35: 1 | D35: 0.99940227 | E35: 0.99193278 | F35: 0.97474153 | G35: 0.9596652 | H35: 0.93350974 | I35: 0.92234955 | J35: 0.89414211 | K35: 6.7103427 | L35: =H37/H36 -> 1.1426957 | M35: =I37/I36 -> 1.1400189 | N35: =J37/J36 -> 1.1406355
B36: Male (M) | C36: 1 | D36: 0.99883987 | E36: 0.99017876 | F36: 0.95639948 | G36: 0.92228956 | H36: 0.86970461 | I36: 0.86027634 | J36: 0.83482864 | K36: 7.1871037
B37: Female (F) | C37: 1 | D37: 1 | E37: 0.99380804 | F37: 0.993808 | G37: 0.99380788 | H37: 0.99380769 | I37: 0.98073127 | J37: 0.95223517 | K37: 6.3009645
A38: Region XI - Panabo City | B38: Total (MF) | C38: 1 | D38: 1 | E38: 0.99908362 | F38: 0.99290764 | G38: 0.9813526 | H38: 0.97548015 | I38: 0.96679869 | J38: 0.96616805 | K38: 6.2100998 | L38: =H40/H39 -> 1.0407072 | M38: =I40/I39 -> 1.0397477 | N38: =J40/J39 -> 1.0309402
B39: Male (M) | C39: 1 | D39: 1 | E39: 0.99235612 | F39: 0.97859189 | G39: 0.96455302 | H39: 0.95180743 | I39: 0.94376257 | J39: 0.94973072 | K39: 6.3175802
B40: Female (F) | C40: 1 | D40: 0.99955791 | E40: 0.99955791 | F40: 0.99955791 | G40: 0.99055289 | H40: 0.99055289 | I40: 0.98127498 | J40: 0.97911553 | K40: 6.1279796
A41: Region XI - Tagum City | B41: Total (MF) | C41: 1 | D41: 0.99866355 | E41: 0.99655814 | F41: 0.99655814 | G41: 0.98963874 | H41: 0.97764918 | I41: 0.96796165 | J41: 0.96162888 | K41: 6.2394133 | L41: =H43/H42 -> 1.0051747 | M41: =I43/I42 -> 1.0107637 | N41: =J43/J42 -> 1.0204136
B42: Male (M) | C42: 1 | D42: 0.99544715 | E42: 0.99544715 | F42: 0.99026433 | G42: 0.98575288 | H42: 0.97141465 | I42: 0.9592004 | J42: 0.95072155 | K42: 6.3109961
B43: Female (F) | C43: 1 | D43: 1 | E43: 0.99526584 | F43: 0.99526584 | G43: 0.98590178 | H43: 0.97644145 | I43: 0.96952499 | J43: 0.97012921 | K43: 6.1847431
A44: Region XI - Davao Region | B44: Total (MF) | C44: 1 | D44: 0.99357924 | E44: 0.98400284 | F44: 0.96981887 | G44: 0.9537485 | H44: 0.93245735 | I44: 0.92230366 | J44: 0.9286414 | K44: 6.4610516 | L44: =H46/H45 -> 1.0573526 | M44: =I46/I45 -> 1.0656913 | N44: =J46/J45 -> 1.0611958
B45: Male (M) | C45: 1 | D45: 0.99339017 | E45: 0.98049198 | F45: 0.96026285 | G45: 0.93763807 | H45: 0.90749181 | I45: 0.89422061 | J45: 0.90219431 | K45: 6.650452
B46: Female (F) | C46: 1 | D46: 0.99378082 | E46: 0.98775241 | F46: 0.98029946 | G46: 0.97124484 | H46: 0.95953885 | I46: 0.95296315 | J46: 0.95740485 | K46: 6.2669413

Sheet G1toG6 SchoolLeaver
A1: DEPARTMENT OF EDUCATION
A2: BASIC EDUCATION INFORMATION SYSTEM
A3: SCHOOL LEAVER RATES IN PUBLIC AND PRIVATE ELEMENTARY SCHOOLS
A4: (GRADE 1 TO GRADE 6)
A5: SY 2023 - 2024
A8: Note: Computed using UNESCO's template for assessing internal efficiency (Including SUCs)
A9: REGION/DIVISION | B9: Sex | C9: Grade I | D9: Grade II | E9: Grade III | F9: Grade IV | G9: Grade V | H9: Grade VI | I9: Ave. School | J9: Gender
I10: Leaver Rate | J10: Parity Index
A11: Region XI - Davao City | B11: Total (MF) | C11: 0.0010934937 | D11: 0.0017932696 | E11: 0.0048831729 | F11: 0.0084114583 | G11: 0.010373612 | H11: 0.0041909116 | I11: 0.0063797559 | J11: 0.060488508
B12: Male (M) | C12: 0.0015109544 | D12: 0.0050156402 | E12: 0.0065600434 | F12: 0.017365119 | G12: 0.020499578 | H12: 0.0074412533 | I12: 0.011572446
B13: Female (F) | C13: 0.00064676081 | D13: 0 | E13: 0.0030396948 | F13: 0 | G13: 0 | H13: 0.00051652893 | I13: 0.0007
A14: Region XI - Davao de Oro (Compostela Valley) | B14: Total (MF) | C14: 0.0040272431 | D14: 0.011178802 | E14: 0.01503621 | F14: 0.01667398 | G14: 0.020343554 | H14: 0.014795995 | I14: 0.015718017 | J14: 0.38499519
B15: Male (M) | C15: 0.0090878492 | D15: 0.014396581 | E15: 0.019314286 | F15: 0.022345771 | G15: 0.027888902 | H15: 0.019965773 | I15: 0.021558711
B16: Female (F) | C16: 0 | D16: 0.0076097804 | E16: 0.010074231 | F16: 0.010699403 | G16: 0.012397689 | H16: 0.0091051805 | I16: 0.0083
A17: Region XI - Davao del Norte | B17: Total (MF) | C17: 0.01263766 | D17: 0.016896235 | E17: 0.022071983 | F17: 0.0069924107 | G17: 0.027814924 | H17: 0.0060093206 | I17: 0.018070734 | J17: 0.80336034
B18: Male (M) | C18: 0.0091148116 | D18: 0.018465909 | E18: 0.029531947 | F18: 0.0066439523 | G18: 0.031244606 | H18: 0.0074871315 | I18: 0.019980632
B19: Female (F) | C19: 0.016378187 | D19: 0.015214911 | E19: 0.013478819 | F19: 0.0073416425 | G19: 0.024151917 | H19: 0.0043814433 | I19: 0.016051647
A20: Region XI - Davao del Sur | B20: Total (MF) | C20: 0.0014684288 | D20: 0.0071589683 | E20: 0.014016336 | F20: 0.019751484 | G20: 0.024937894 | H20: 0.011909015 | I20: 0.015356375 | J20: 0.55798608
B21: Male (M) | C21: 0 | D21: 0.0092732778 | E21: 0.020988361 | F21: 0.026539278 | G21: 0.035153328 | H21: 0.016203704 | I21: 0.018
B22: Female (F) | C22: 0.0059389719 | D22: 0.004884999 | E22: 0.006201882 | F22: 0.012275916 | G22: 0.014263384 | H22: 0.0073583517 | I22: 0.010043749
A23: Region XI - Davao Occidental | B23: Total (MF) | C23: 0.044263172 | D23: 0.039336366 | E23: 0.044329303 | F23: 0.058631922 | G23: 0.068015971 | H23: 0.036770851 | I23: 0.05363258 | J23: 0.5944175
B24: Male (M) | C24: 0.044592517 | D24: 0.049497293 | E24: 0.057864711 | F24: 0.078125 | G24: 0.090215318 | H24: 0.048387097 | I24: 0.066614567
B25: Female (F) | C25: 0.043903803 | D25: 0.02837274 | E25: 0.029078665 | F25: 0.037414966 | G25: 0.045353367 | H25: 0.024280264 | I25: 0.039596865
A26: Region XI - Davao Oriental | B26: Total (MF) | C26: 0.017289139 | D26: 0.018255578 | E26: 0.03414586 | F26: 0.035714286 | G26: 0.038745737 | H26: 0.015221239 | I26: 0.032863413 | J26: 0.68053404
B27: Male (M) | C27: 0.016893733 | D27: 0.023066987 | E27: 0.042478853 | F27: 0.037924496 | G27: 0.048609832 | H27: 0.018458699 | I27: 0.03870613
B28: Female (F) | C28: 0.017727639 | D28: 0.01297122 | E28: 0.024494143 | F28: 0.033339507 | G28: 0.028292683 | H28: 0.011832891 | I28: 0.026340839
A29: Region XI - Digos City | B29: Total (MF) | C29: 0 | D29: 0.0015781168 | E29: 0 | F29: 0 | G29: 0.01614847 | H29: 0.0080321285 | I29: 0.0043 | J29: 0.32857143
B30: Male (M) | C30: 0 | D30: 0 | E30: 0.0005109862 | F30: 0.0041570439 | G30: 0.026086957 | H30: 0.011022658 | I30: 0.007
B31: Female (F) | C31: 0 | D31: 0.00390625 | E31: 0 | F31: 0 | G31: 0.0050916497 | H31: 0.0049875312 | I31: 0.0023
A32: Region XI - Island Garden City of Samal | B32: Total (MF) | C32: 0.0092664093 | D32: 0.003087611 | E32: 0.014106583 | F32: 0.015837104 | G32: 0.019968677 | H32: 0.0063694268 | I32: 0.015372559 | J32: 0.46814099
B33: Male (M) | C33: 0.0060514372 | D33: 0.0058351568 | E33: 0.025735294 | F33: 0.019216556 | G33: 0.016591252 | H33: 0.009699321 | I33: 0.018584145
B34: Female (F) | C34: 0.012618297 | D34: 0 | E34: 0.00083892617 | F34: 0.012317167 | G34: 0.023615635 | H34: 0.002970297 | I34: 0.0087
A35: Region XI - Mati City | B35: Total (MF) | C35: 0.00055834729 | D35: 0.00696767 | E35: 0.016174801 | F35: 0.014553015 | G35: 0.026330377 | H35: 0.011687865 | I35: 0.017951355 | J35: 0.096480764
B36: Male (M) | C36: 0.0010582011 | D36: 0.0078988942 | E36: 0.031113537 | F36: 0.032754342 | G36: 0.05438226 | H36: 0.010512484 | I36: 0.032130757
B37: Female (F) | C37: 0 | D37: 0.0059206631 | E37: 0 | F37: 0 | G37: 0 | H37: 0.01297765 | I37: 0.0031
A38: Region XI - Panabo City | B38: Total (MF) | C38: 0 | D38: 0.00090661831 | E38: 0.0061133318 | F38: 0.011570248 | G38: 0.0059497576 | H38: 0.008847185 | I38: 0.0056 | J38: 0.32631579
B39: Male (M) | C39: 0 | D39: 0.0075221239 | E39: 0.013656388 | F39: 0.014225941 | G39: 0.013107822 | H39: 0.0083857442 | I39: 0.0095
B40: Female (F) | C40: 0.000436872 | D40: 0 | E40: 0 | F40: 0.0089795918 | G40: 0 | H40: 0.0093304061 | I40: 0.0031
A41: Region XI - Tagum City | B41: Total (MF) | C41: 0.0013125513 | D41: 0.0020743302 | E41: 0 | F41: 0.0068526676 | G41: 0.012 | H41: 0.0098433106 | I41: 0.0053 | J41: 0.75
B42: Male (M) | C42: 0.0044500954 | D42: 0 | E42: 0.0050881954 | F42: 0.0044614404 | G42: 0.014318256 | H42: 0.012432012 | I42: 0.0068
B43: Female (F) | C43: 0 | D43: 0.0046829971 | E43: 0 | F43: 0.0093614176 | G43: 0.0095661086 | H43: 0.0070715474 | I43: 0.0051
A44: Region XI - Davao Region | B44: Total (MF) | C44: 0.0062201824 | D44: 0.009383282 | E44: 0.01404767 | F44: 0.016272636 | G44: 0.02201442 | H44: 0.010781073 | I44: 0.015383639 | J44: 0.45157678
B45: Male (M) | C45: 0.0063514701 | D45: 0.012526634 | E45: 0.019928105 | F45: 0.022974863 | G45: 0.031525787 | H45: 0.014416943 | I45: 0.020885649
B46: Female (F) | C46: 0.0060778249 | D46: 0.0059635086 | E46: 0.0074267639 | F46: 0.0091384264 | G46: 0.011956991 | H46: 0.006816601 | I46: 0.0094314741

Sheet G1toG6 Repetition
A1: DEPARTMENT OF EDUCATION
A2: BASIC EDUCATION INFORMATION SYSTEM
A3: REPETITION RATES IN PUBLIC AND PRIVATE ELEMENTARY SCHOOLS
A4: (GRADE 1 TO GRADE 6)
A5: ='G1toG6 SchoolLeaver'!A5 -> SY 2023 - 2024
A8: Note: Computed using UNESCO's template for assessing internal efficiency (Including SUCs)
A9: REGION/DIVISION | B9: Sex | C9: Grade I | D9: Grade II | E9: Grade III | F9: Grade IV | G9: Grade V | H9: Grade VI | I9: Ave. Repetition | J9: Gender
I10: Rate | J10: Parity Index
A11: Region XI - Davao City | B11: Total (MF) | C11: 0.020385847 | D11: 0.014962594 | E11: 0.013599069 | F11: 0.00953125 | G11: 0.0070778291 | H11: 0.0053685231 | I11: 0.012073405 | J11: 0.51494579
B12: Male (M) | C12: 0.025786955 | D12: 0.019738971 | E12: 0.018270534 | F12: 0.012195734 | G12: 0.0093275717 | H12: 0.007310705 | I12: 0.015729811
B13: Female (F) | C13: 0.014606015 | D13: 0.0097976322 | E13: 0.0084634641 | F13: 0.0066576455 | G13: 0.0047114905 | H13: 0.0031729634 | I13: 0.0081
A14: Region XI - Davao de Oro (Compostela Valley) | B14: Total (MF) | C14: 0.03926562 | D14: 0.031643698 | E14: 0.027985762 | F14: 0.018593681 | G14: 0.013894589 | H14: 0.0097892692 | I14: 0.023907166 | J14: 0.44647557
B15: Male (M) | C15: 0.049141703 | D15: 0.043189742 | E15: 0.037714286 | F15: 0.025874051 | G15: 0.02148817 | H15: 0.013690816 | I15: 0.032476581
B16: Female (F) | C16: 0.028223783 | D16: 0.018837325 | E16: 0.016702015 | F16: 0.010924654 | G16: 0.0058979297 | H16: 0.0054945055 | I16: 0.0145
A17: Region XI - Davao del Norte | B17: Total (MF) | C17: 0.021484022 | D17: 0.01533517 | E17: 0.015311195 | F17: 0.011597169 | G17: 0.0097173932 | H17: 0.0071130733 | I17: 0.013655662 | J17: 0.47582328
B18: Male (M) | C18: 0.02716915 | D18: 0.020419034 | E18: 0.020988113 | F18: 0.016013629 | G18: 0.012774038 | H18: 0.010762752 | I18: 0.01828036
B19: Female (F) | C19: 0.015447608 | D19: 0.0098896919 | E19: 0.0087719298 | F19: 0.0071709066 | G19: 0.0064528024 | H19: 0.0030927835 | I19: 0.008698221
A20: Region XI - Davao del Sur | B20: Total (MF) | C20: 0.028879099 | D20: 0.022849858 | E20: 0.021074922 | F20: 0.013816766 | G20: 0.012707816 | H20: 0.0071454091 | I20: 0.01799053 | J20: 0.45726325
B21: Male (M) | C21: 0.035633908 | D21: 0.030469341 | E21: 0.029192902 | F21: 0.020523708 | G21: 0.017576664 | H21: 0.010416667 | I21: 0.0243
B22: Female (F) | C22: 0.021503174 | D22: 0.014654997 | E22: 0.011976048 | F22: 0.0064302416 | G22: 0.0076201641 | H22: 0.0036791759 | I22: 0.011111497
A23: Region XI - Davao Occidental | B23: Total (MF) | C23: 0.061781225 | D23: 0.056462403 | E23: 0.058721934 | F23: 0.047502714 | G23: 0.035935564 | H23: 0.032592345 | I23: 0.04934845 | J23: 0.52112469
B24: Male (M) | C24: 0.071758073 | D24: 0.072441351 | E24: 0.074979625 | F24: 0.064583333 | G24: 0.050422458 | H24: 0.046774194 | I24: 0.064111277
B25: Female (F) | C25: 0.050894855 | D25: 0.03922114 | E25: 0.04040404 | F25: 0.028911565 | G25: 0.021146355 | H25: 0.017343045 | I25: 0.033409969
A26: Region XI - Davao Oriental | B26: Total (MF) | C26: 0.056643423 | D26: 0.051482662 | E26: 0.053784664 | F26: 0.033214286 | G26: 0.027756726 | H26: 0.015929204 | I26: 0.040385055 | J26: 0.45934456
B27: Male (M) | C27: 0.072661217 | D27: 0.067724672 | E27: 0.070981979 | F27: 0.046371315 | G27: 0.039771681 | H27: 0.023304107 | I27: 0.054466299
B28: Female (F) | C28: 0.038879936 | D28: 0.033644102 | E28: 0.033865815 | F28: 0.019077607 | G28: 0.01502439 | H28: 0.0082105772 | I28: 0.025018798
A29: Region XI - Digos City | B29: Total (MF) | C29: 0.015235457 | D29: 0.011046817 | E29: 0.0090016367 | F29: 0.0095121951 | G29: 0.0096408773 | H29: 0.0064874884 | I29: 0.010349566 | J29: 0.61417323
B30: Male (M) | C30: 0.013839286 | D30: 0.015920398 | E30: 0.012774655 | F30: 0.013394919 | G30: 0.009610984 | H30: 0.010410288 | I30: 0.0127
B31: Female (F) | C31: 0.016730402 | D31: 0.0055803571 | E31: 0.0046811001 | F31: 0.0051679587 | G31: 0.0096741344 | H31: 0.0024937656 | I31: 0.0078
A32: Region XI - Island Garden City of Samal | B32: Total (MF) | C32: 0.038996139 | D32: 0.040910845 | E32: 0.037225705 | F32: 0.021870287 | G32: 0.017619421 | H32: 0.0097991181 | I32: 0.028371162 | J32: 0.43699007
B33: Male (M) | C33: 0.049924357 | D33: 0.05543399 | E33: 0.052205882 | F33: 0.029563932 | G33: 0.026395173 | H33: 0.013579049 | I33: 0.038902486
B34: Female (F) | C34: 0.027602524 | D34: 0.024590164 | E34: 0.020134228 | F34: 0.013856813 | G34: 0.0081433225 | H34: 0.0059405941 | I34: 0.017
A35: Region XI - Mati City | B35: Total (MF) | C35: 0.06588498 | D35: 0.067725753 | E35: 0.066685585 | F35: 0.058991684 | G35: 0.033813747 | H35: 0.022344448 | I35: 0.053563797 | J35: 0.46688777
B36: Male (M) | C36: 0.087830688 | D36: 0.088994207 | E36: 0.087882096 | F36: 0.081389578 | G36: 0.04593453 | H36: 0.03022339 | I36: 0.071751719
B37: Female (F) | C37: 0.041371158 | D37: 0.043812907 | E37: 0.043735225 | F37: 0.034369885 | G37: 0.02042007 | H37: 0.01369863 | I37: 0.0335
A38: Region XI - Panabo City | B38: Total (MF) | C38: 0.015690377 | D38: 0.010652765 | E38: 0.011051023 | F38: 0.005785124 | G38: 0.0057293962 | H38: 0.0058981233 | I38: 0.0092268294 | J38: 0.44444444
B39: Male (M) | C39: 0.01926937 | D39: 0.015929204 | E39: 0.015418502 | F39: 0.0083682008 | G39: 0.0080338266 | H39: 0.0078616352 | I39: 0.0126
B40: Female (F) | C40: 0.011795544 | D40: 0.0051115242 | E40: 0.0060514372 | F40: 0.0032653061 | G40: 0.003221353 | H40: 0.0038419319 | I40: 0.0056
A41: Region XI - Tagum City | B41: Total (MF) | C41: 0.017883511 | D41: 0.016076059 | E41: 0.016503993 | F41: 0.0130527 | G41: 0.0095 | H41: 0.0066291683 | I41: 0.013430767 | J41: 0.38020833
B42: Male (M) | C42: 0.022568341 | D42: 0.020937188 | E42: 0.022727273 | F42: 0.02071383 | G42: 0.015619915 | H42: 0.011266511 | I42: 0.0192
B43: Female (F) | C43: 0.012885724 | D43: 0.010806916 | E43: 0.0096762188 | F43: 0.0050150451 | G43: 0.0030748206 | H43: 0.0016638935 | I43: 0.0073
A44: Region XI - Davao Region | B44: Total (MF) | C44: 0.031238946 | D44: 0.026457632 | E44: 0.025452159 | F44: 0.017974514 | G44: 0.013851868 | H44: 0.009927017 | I44: 0.021153097 | J44: 0.47527475
B45: Male (M) | C45: 0.039087246 | D45: 0.035225789 | E45: 0.034097651 | F45: 0.02487724 | G45: 0.019452805 | H45: 0.014161776 | I45: 0.028271095
B46: Female (F) | C46: 0.022728907 | D46: 0.016918418 | E46: 0.015718019 | F46: 0.010626882 | G46: 0.0079293728 | H46: 0.0053095293 | I46: 0.013436537

Sheet G1toG6 Promo & Grad 
A1: DEPARTMENT OF EDUCATION
A2: BASIC EDUCATION INFORMATION SYSTEM
A3: PROMOTION RATES AND GRADUATION RATES IN PUBLIC AND PRIVATE ELEMENTARY SCHOOLS
A4: (GRADE 1 TO GRADE 6)
A5: ='G1toG6 SchoolLeaver'!A5 -> SY 2023 - 2024
A8: Note: Computed using UNESCO's template for assessing internal efficiency (Including SUCs)
A9: REGION/DIVISION | B9: Sex | C9: Grade I | D9: Grade II | E9: Grade III | F9: Grade IV | G9: Grade V | H9: Graduation | I9: Ave. Promotion | J9: Gender
H10: Rate | I10: Rate | J10: Parity Index
A11: Region XI - Davao City | B11: Total (MF) | C11: 0.97852066 | D11: 0.98324414 | E11: 0.98151776 | F11: 0.98205729 | G11: 0.98254856 | H11: 0.99044057 | I11: 0.98154684 | J11: 1.0190216
B12: Male (M) | C12: 0.97270209 | D12: 0.97524539 | E12: 0.97516942 | F12: 0.97043915 | G12: 0.97017285 | H12: 0.98524804 | I12: 0.97269774
B13: Female (F) | C13: 0.98474722 | D13: 0.99020237 | E13: 0.98849684 | F13: 0.99334235 | G13: 0.99528851 | H13: 0.99631051 | I13: 0.9912
A14: Region XI - Davao de Oro (Compostela Valley) | B14: Total (MF) | C14: 0.95670714 | D14: 0.9571775 | E14: 0.95697803 | F14: 0.96473234 | G14: 0.96576186 | H14: 0.97541474 | I14: 0.96037482 | J14: 1.0330195
B15: Male (M) | C15: 0.94177045 | D15: 0.94241368 | E15: 0.94297143 | F15: 0.95178018 | G15: 0.95062293 | H15: 0.96634341 | I15: 0.94596471
B16: Female (F) | C16: 0.97177622 | D16: 0.97355289 | E16: 0.97322375 | F16: 0.97837594 | G16: 0.98170438 | H16: 0.98540031 | I16: 0.9772
A17: Region XI - Davao del Norte | B17: Total (MF) | C17: 0.96587832 | D17: 0.9677686 | E17: 0.96261682 | F17: 0.98141042 | G17: 0.96246768 | H17: 0.98687761 | I17: 0.9682736 | J17: 1.0140486
B18: Male (M) | C18: 0.96371604 | D18: 0.96111506 | E18: 0.94947994 | F18: 0.97734242 | G18: 0.95598136 | H18: 0.98175012 | I18: 0.96173901
B19: Female (F) | C19: 0.9681742 | D19: 0.9748954 | E19: 0.97774925 | F19: 0.98548745 | G19: 0.96939528 | H19: 0.99252577 | I19: 0.97525013
A20: Region XI - Davao del Sur | B20: Total (MF) | C20: 0.96965247 | D20: 0.96999117 | E20: 0.96490874 | F20: 0.96643175 | G20: 0.96235429 | H20: 0.98094558 | I20: 0.9666531 | J20: 1.0220787
B21: Male (M) | C21: 0.96436609 | D21: 0.96025738 | E21: 0.94981874 | F21: 0.95293701 | G21: 0.94727001 | H21: 0.97337963 | I21: 0.9577
B22: Female (F) | C22: 0.97255785 | D22: 0.98046 | E22: 0.98182207 | F22: 0.98129384 | G22: 0.97811645 | H22: 0.98896247 | I22: 0.97884475
A23: Region XI - Davao Occidental | B23: Total (MF) | C23: 0.8939556 | D23: 0.90420123 | E23: 0.89694876 | F23: 0.89386536 | G23: 0.89604846 | H23: 0.9306368 | I23: 0.89701897 | J23: 1.0663991
B24: Male (M) | C24: 0.88364941 | D24: 0.87806136 | E24: 0.86715566 | F24: 0.85729167 | G24: 0.85936222 | H24: 0.90483871 | I24: 0.86927416
B25: Female (F) | C25: 0.90520134 | D25: 0.93240612 | E25: 0.93051729 | F25: 0.93367347 | G25: 0.93350028 | H25: 0.95837669 | I25: 0.92699317
A26: Region XI - Davao Oriental | B26: Total (MF) | C26: 0.92606744 | D26: 0.93026176 | E26: 0.91206948 | F26: 0.93107143 | G26: 0.93349754 | H26: 0.96884956 | I26: 0.92675153 | J26: 1.0461089
B27: Male (M) | C27: 0.91044505 | D27: 0.90920834 | E27: 0.88653917 | F27: 0.91570419 | G27: 0.91161849 | H27: 0.95823719 | I27: 0.90682757
B28: Female (F) | C28: 0.94339243 | D28: 0.95338468 | E28: 0.94164004 | F28: 0.94758289 | G28: 0.95668293 | H28: 0.97995653 | I28: 0.94864036
A29: Region XI - Digos City | B29: Total (MF) | C29: 0.98476454 | D29: 0.98737507 | E29: 0.99099836 | F29: 0.9904878 | G29: 0.97421065 | H29: 0.98548038 | I29: 0.98535043 | J29: 1.0097929
B30: Male (M) | C30: 0.98616071 | D30: 0.9840796 | E30: 0.98671436 | F30: 0.98244804 | G30: 0.96430206 | H30: 0.97856705 | I30: 0.9803
B31: Female (F) | C31: 0.9832696 | D31: 0.99051339 | E31: 0.9953189 | F31: 0.99483204 | G31: 0.98523422 | H31: 0.9925187 | I31: 0.9899
A32: Region XI - Island Garden City of Samal | B32: Total (MF) | C32: 0.95173745 | D32: 0.95600154 | E32: 0.94866771 | F32: 0.96229261 | G32: 0.9624119 | H32: 0.98383146 | I32: 0.95625628 | J32: 1.0337254
B33: Male (M) | C33: 0.94402421 | D33: 0.93873085 | E33: 0.92205882 | F33: 0.95121951 | G33: 0.95701357 | H33: 0.97672163 | I33: 0.94251337
B34: Female (F) | C34: 0.95977918 | D34: 0.97540984 | E34: 0.97902685 | F34: 0.97382602 | G34: 0.96824104 | H34: 0.99108911 | I34: 0.9743
A35: Region XI - Mati City | B35: Total (MF) | C35: 0.93355667 | D35: 0.92530658 | E35: 0.91713961 | F35: 0.9264553 | G35: 0.93985588 | H35: 0.96596769 | I35: 0.92848485 | J35: 1.0750822
B36: Male (M) | C36: 0.91111111 | D36: 0.9031069 | E36: 0.88100437 | F36: 0.88585608 | G36: 0.89968321 | H36: 0.95926413 | I36: 0.89611752
B37: Female (F) | C37: 0.95862884 | D37: 0.95026643 | E37: 0.95626478 | F37: 0.96563011 | G37: 0.97957993 | H37: 0.97332372 | I37: 0.9634
A38: Region XI - Panabo City | B38: Total (MF) | C38: 0.98430962 | D38: 0.98844062 | E38: 0.98283565 | F38: 0.98264463 | G38: 0.98832085 | H38: 0.98525469 | I38: 0.98517317 | J38: 1.0137028
B39: Male (M) | C39: 0.98073063 | D39: 0.97654867 | E39: 0.97092511 | F39: 0.97740586 | G39: 0.97885835 | H39: 0.98375262 | I39: 0.9779
B40: Female (F) | C40: 0.98776758 | D40: 0.99488848 | E40: 0.99394856 | F40: 0.9877551 | G40: 0.99677865 | H40: 0.98682766 | I40: 0.9913
A41: Region XI - Tagum City | B41: Total (MF) | C41: 0.98080394 | D41: 0.98184961 | E41: 0.98349601 | F41: 0.98009463 | G41: 0.9785 | H41: 0.98352752 | I41: 0.98126923 | J41: 1.013963
B42: Male (M) | C42: 0.97298156 | D42: 0.97906281 | E42: 0.97218453 | F42: 0.97482473 | G42: 0.97006183 | H42: 0.97630148 | I42: 0.974
B43: Female (F) | C43: 0.98711428 | D43: 0.98451009 | E43: 0.99032378 | F43: 0.98562354 | G43: 0.98735907 | H43: 0.99126456 | I43: 0.9876
A44: Region XI - Davao Region | B44: Total (MF) | C44: 0.96254087 | D44: 0.96415909 | E44: 0.96050017 | F44: 0.96575285 | G44: 0.96413371 | H44: 0.97929191 | I44: 0.96346326 | J44: 1.0276478
B45: Male (M) | C45: 0.95456128 | D45: 0.95224758 | E45: 0.94597424 | F45: 0.9521479 | G45: 0.94902141 | H45: 0.97142128 | I45: 0.95084326
B46: Female (F) | C46: 0.97119327 | D46: 0.97711807 | E46: 0.97685522 | F46: 0.98023469 | G46: 0.98011364 | H46: 0.98787387 | I46: 0.97713199

Sheet JHS CSR & Completion Rate
A1: DEPARTMENT OF EDUCATION
A2: BASIC EDUCATION INFORMATION SYSTEM
A3: COHORT SURVIVAL RATE AND COMPLETION RATE IN PUBLIC AND PRIVATE JUNIOR HIGH SCHOOL
A4: (GRADE 7 TO GRADE 10)
A5: SY 2023-2024
A8: Note: Computed using UNESCO's template for assessing internal efficiency (Including SUCs)
A9: REGION/DIVISION | B9: Sex | C9: Survival Rates | F9: (CSR) | G9: Completion | H9: Coefficient | I9: Years Input | J9: GPI | K9: GPI | L9: GPI
C10: Grade 7 | D10: Grade 8 | E10: Grade 9 | F10: Grade 10 | G10: Rate | H10: of Efficiency | I10: Per Graduate | J10: Cohort | K10: Completion | L10: Coefficient
A11: Region XI - Davao City | B11: Total (MF) | C11: 1 | D11: 0.96791204 | E11: 0.93293724 | F11: 0.89284804 | G11: 0.87832041 | H11: 0.91346833 | I11: 4.3789148 | J11: 1.104964 | K11: 1.1093674 | L11: 1.0692334
B12: Male (M) | C12: 1 | D12: 0.95237042 | E12: 0.90492388 | F12: 0.84925609 | G12: 0.83378021 | H12: 0.88314286 | I12: 4.5292785
B13: Female (F) | C13: 1 | D13: 0.98389758 | E13: 0.96198379 | F13: 0.9383974 | G13: 0.92496855 | H13: 0.94428582 | I13: 4.2360056
A14: Region XI - Davao de Oro (Compostela Valley) | B14: Total (MF) | C14: 1 | D14: 0.94860565 | E14: 0.88423204 | F14: 0.80929415 | G14: 0.78626222 | H14: 0.84858879 | I14: 4.7137083 | J14: 1.1090695 | K14: 1.1005549 | L14: 1.0692225
B15: Male (M) | C15: 1 | D15: 0.9359335 | E15: 0.85647981 | F15: 0.76877203 | G15: 0.74966426 | H15: 0.82076661 | I15: 4.8734926
B16: Female (F) | C16: 1 | D16: 0.9614636 | E16: 0.91314377 | F16: 0.85262159 | G16: 0.82504666 | H16: 0.87758208 | I16: 4.5579782
A17: Region XI - Davao del Norte | B17: Total (MF) | C17: 1 | D17: 0.9377678 | E17: 0.85886884 | F17: 0.7737334 | G17: 0.75390039 | H17: 0.8330842 | I17: 4.8014354 | J17: 1.1510995 | K17: 1.1509268 | L17: 1.0954126
B18: Male (M) | C18: 1 | D18: 0.91933878 | E18: 0.82329663 | F18: 0.7220187 | G18: 0.70356174 | H18: 0.79646651 | I18: 5.0221823
B19: Female (F) | C19: 1 | D19: 0.95712194 | E19: 0.89683235 | F19: 0.83111539 | G19: 0.80974806 | H19: 0.87245945 | I19: 4.5847403
A20: Region XI - Davao del Sur | B20: Total (MF) | C20: 1 | D20: 0.91399796 | E20: 0.83299877 | F20: 0.7300877 | G20: 0.7088499 | H20: 0.79849621 | I20: 5.0094164 | J20: 1.2362098 | K20: 1.2191116 | L20: 1.1403145
B21: Male (M) | C21: 1 | D21: 0.88977273 | E21: 0.78175391 | F21: 0.65574752 | G21: 0.64100705 | H21: 0.74661934 | I21: 5.3574824
B22: Female (F) | C22: 1 | D22: 0.93802119 | E22: 0.88589801 | F22: 0.8106415 | G22: 0.7814591 | H22: 0.85138089 | I22: 4.6982497
A23: Region XI - Davao Occidental | B23: Total (MF) | C23: 1 | D23: 0.86918071 | E23: 0.73355063 | F23: 0.57614406 | G23: 0.53881309 | H23: 0.65686701 | I23: 6.0895127 | J23: 1.3027533 | K23: 1.341904 | L23: 1.2411572
B24: Male (M) | C24: 1 | D24: 0.8304378 | E24: 0.67236985 | F24: 0.50022758 | G24: 0.46070612 | H24: 0.58511923 | I24: 6.8362136
B25: Female (F) | C25: 1 | D25: 0.90497592 | E25: 0.79150021 | F25: 0.65167316 | G25: 0.61822339 | H25: 0.72622492 | I25: 5.5079355
A26: Region XI - Davao Oriental | B26: Total (MF) | C26: 1 | D26: 0.92859599 | E26: 0.82718419 | F26: 0.72769852 | G26: 0.71072616 | H26: 0.78879681 | I26: 5.0710144 | J26: 1.24827 | K26: 1.258183 | L26: 1.1824435
B27: Male (M) | C27: 1 | D27: 0.89828545 | E27: 0.77536215 | F27: 0.65031482 | G27: 0.63261594 | H27: 0.72424315 | I27: 5.523007
B28: Female (F) | C28: 1 | D28: 0.95826718 | E28: 0.88088499 | F28: 0.81176847 | G28: 0.79594662 | H28: 0.85637661 | I28: 4.6708422
A29: Region XI - Digos City | B29: Total (MF) | C29: 1 | D29: 0.97161683 | E29: 0.91725122 | F29: 0.87168108 | G29: 0.85612256 | H29: 0.8944323 | I29: 4.4721104 | J29: 1.1689456 | K29: 1.168334 | L29: 1.1098123
B30: Male (M) | C30: 1 | D30: 0.953294 | E30: 0.87515515 | F30: 0.80569838 | G30: 0.79152972 | H30: 0.84819095 | I30: 4.7159192
B31: Female (F) | C31: 1 | D31: 0.99110879 | E31: 0.96078719 | F31: 0.94181754 | G31: 0.92477107 | H31: 0.94133271 | I31: 4.2492946
A32: Region XI - Island Garden City of Samal | B32: Total (MF) | C32: 1 | D32: 0.94917463 | E32: 0.89573371 | F32: 0.81403812 | G32: 0.80645055 | H32: 0.86358711 | I32: 4.6318431 | J32: 1.1633838 | K32: 1.1582122 | L32: 1.1117923
B33: Male (M) | C33: 1 | D33: 0.93478261 | E33: 0.85935809 | F33: 0.7539196 | G33: 0.74855838 | H33: 0.81830303 | I33: 4.8881647
B34: Female (F) | C34: 1 | D34: 0.96354167 | E34: 0.93182013 | F34: 0.87709786 | G34: 0.86698946 | H34: 0.90978305 | I34: 4.3966526
A35: Region XI - Mati City | B35: Total (MF) | C35: 1 | D35: 0.92563539 | E35: 0.85609874 | F35: 0.76557703 | G35: 0.75468236 | H35: 0.82489487 | I35: 4.8491028 | J35: 1.2985953 | K35: 1.2885941 | L35: 1.1731671
B36: Male (M) | C36: 1 | D36: 0.88109756 | E36: 0.78585918 | F36: 0.66920441 | G36: 0.66229274 | H36: 0.75871819 | I36: 5.2720497
B37: Female (F) | C37: 1 | D37: 0.97285068 | E37: 0.92886389 | F37: 0.86902573 | G37: 0.85342654 | H37: 0.89010322 | I37: 4.4938608
A38: Region XI - Panabo City | B38: Total (MF) | C38: 1 | D38: 0.96147598 | E38: 0.92862777 | F38: 0.88807273 | G38: 0.87457196 | H38: 0.91631854 | I38: 4.3652942 | J38: 1.1495855 | K38: 1.157975 | L38: 1.0863464
B39: Male (M) | C39: 1 | D39: 0.94049734 | E39: 0.88168962 | F39: 0.82885133 | G39: 0.81328257 | H39: 0.87896146 | I39: 4.5508252
B40: Female (F) | C40: 1 | D40: 0.98444336 | E40: 0.97981069 | F40: 0.95283544 | G40: 0.94176091 | H40: 0.95485662 | I40: 4.1891106
A41: Region XI - Tagum City | B41: Total (MF) | C41: 1 | D41: 0.96780651 | E41: 0.94475565 | F41: 0.89965236 | G41: 0.87920896 | H41: 0.91212776 | I41: 4.3853506 | J41: 1.0915362 | K41: 1.1003898 | L41: 1.0710028
B42: Male (M) | C42: 1 | D42: 0.96076492 | E42: 0.92420711 | F42: 0.86101092 | G42: 0.83805063 | H42: 0.8811452 | I42: 4.539547
B43: Female (F) | C43: 1 | D43: 0.97501688 | E43: 0.96622075 | F43: 0.93982463 | G43: 0.92218236 | H43: 0.94370895 | I43: 4.238595
A44: Region XI - Davao Region | B44: Total (MF) | C44: 1 | D44: 0.94683289 | E44: 0.88586283 | F44: 0.81243958 | G44: 0.79325143 | H44: 0.85475534 | I44: 4.6797017 | J44: 1.1499107 | K44: 1.1519709 | L44: 1.1000176
B45: Male (M) | C45: 1 | D45: 0.9278425 | E45: 0.84920189 | F45: 0.75732268 | G45: 0.73877971 | H45: 0.81454472 | I45: 4.9107187
B46: Female (F) | C46: 1 | D46: 0.96617881 | E46: 0.9238046 | F46: 0.87085343 | G46: 0.85105276 | H46: 0.89601351 | I46: 4.4642184

Sheet JHS School Leaver
A1: DEPARTMENT OF EDUCATION
A2: BASIC EDUCATION INFORMATION SYSTEM
A3: SCHOOL LEAVER RATE IN PUBLIC AND PRIVATE JUNIOR HIGH SCHOOL
A4: (GRADE 7 TO GRADE 10)
A5: SY 2023-2024
A8: Note: Computed using UNESCO's template for assessing internal efficiency (Including SUCs)
A9: REGION/DIVISION | B9: Sex | C9: Grade 7 | D9: Grade 8 | E9: Grade 9 | F9: Grade 10 | G9: Ave. School | H9: Gender
G10: Leaver Rate | H10: Parity Index
A11: Region XI - Davao City | B11: Total (MF) | C11: 0.031691506 | D11: 0.035655889 | E11: 0.042269933 | F11: 0.016065539 | G11: 0.036761485 | H11: 0.39848155
B12: Male (M) | C12: 0.046803653 | D12: 0.048922965 | E12: 0.06016959 | F12: 0.017916601 | G12: 0.052309091
B13: Female (F) | C13: 0.015986894 | D13: 0.02208589 | E13: 0.024256239 | F13: 0.014190094 | G13: 0.020844208
A14: Region XI - Davao de Oro (Compostela Valley) | B14: Total (MF) | C14: 0.050563934 | D14: 0.066777007 | E14: 0.082896864 | F14: 0.028026545 | G14: 0.067324764 | H14: 0.61549359
B15: Male (M) | C15: 0.062531203 | D15: 0.082960199 | E15: 0.099 | F15: 0.024333004 | G15: 0.08291362
B16: Female (F) | C16: 0.038223938 | D16: 0.049810927 | E16: 0.065639652 | F16: 0.032053872 | G16: 0.051032802
A17: Region XI - Davao del Norte | B17: Total (MF) | C17: 0.061337355 | D17: 0.08286797 | E17: 0.097908279 | F17: 0.02531116 | G17: 0.081169667 | H17: 0.59299454
B18: Male (M) | C18: 0.078993563 | D18: 0.10239439 | E18: 0.12081924 | F18: 0.025074627 | G18: 0.10106999
B19: Female (F) | C19: 0.042548775 | D19: 0.062359436 | E19: 0.072824522 | F19: 0.025573192 | G19: 0.059933955
A20: Region XI - Davao del Sur | B20: Total (MF) | C20: 0.083903732 | D20: 0.086629385 | E20: 0.12129573 | F20: 0.028604 | G20: 0.098839403 | H20: 0.53013111
B21: Male (M) | C21: 0.10649978 | D21: 0.11729384 | E21: 0.15667466 | F21: 0.021869984 | G21: 0.12866191
B22: Female (F) | C22: 0.061056838 | D22: 0.054970035 | E22: 0.084274362 | F22: 0.035798499 | G22: 0.06820768
A23: Region XI - Davao Occidental | B23: Total (MF) | C23: 0.12659454 | D23: 0.15088616 | E23: 0.20831471 | F23: 0.062928539 | G23: 0.16382412 | H23: 0.66436179
B24: Male (M) | C24: 0.16121573 | D24: 0.18133333 | E24: 0.24462861 | F24: 0.07566399 | G24: 0.19818603
B25: Female (F) | C25: 0.093493367 | D25: 0.12289304 | E25: 0.17405155 | F25: 0.050526316 | G25: 0.13166723
A26: Region XI - Davao Oriental | B26: Total (MF) | C26: 0.068612335 | D26: 0.10559595 | E26: 0.11583514 | F26: 0.022806635 | G26: 0.10041976 | H26: 0.51346249
B27: Male (M) | C27: 0.095872461 | D27: 0.13050604 | E27: 0.15262825 | F27: 0.026344437 | G27: 0.13168629
B28: Female (F) | C28: 0.040879804 | D28: 0.079210069 | E28: 0.076957395 | F28: 0.019251805 | G28: 0.067615971
A29: Region XI - Digos City | B29: Total (MF) | C29: 0.027979016 | D29: 0.054455446 | E29: 0.048901674 | F29: 0.0176 | G29: 0.045477899 | H29: 0.27774077
B30: Male (M) | C30: 0.045717036 | D30: 0.078581051 | E30: 0.077439339 | F30: 0.017281644 | G30: 0.070360064
B31: Female (F) | C31: 0.0088311688 | D31: 0.030221019 | E31: 0.019607843 | F31: 0.017905103 | G31: 0.019541858
A32: Region XI - Island Garden City of Samal | B32: Total (MF) | C32: 0.049914676 | D32: 0.054873055 | E32: 0.08913649 | F32: 0.0091783217 | G32: 0.066690872 | H32: 0.49609136
B33: Male (M) | C33: 0.063559322 | D33: 0.07781457 | E33: 0.11851278 | F33: 0.0069264069 | G33: 0.088916305
B34: Female (F) | C34: 0.036082474 | D34: 0.032414911 | E34: 0.058101473 | F34: 0.011473963 | G34: 0.044110611
A35: Region XI - Mati City | B35: Total (MF) | C35: 0.072102221 | D35: 0.072727273 | E35: 0.10253423 | F35: 0.013805004 | G35: 0.082925601 | H35: 0.39086684
B36: Male (M) | C36: 0.11357018 | D36: 0.10295931 | E36: 0.14268937 | F36: 0.0098436595 | G36: 0.11915812
B37: Female (F) | C37: 0.026751592 | D37: 0.044431621 | E37: 0.06300578 | F37: 0.017714286 | G37: 0.046574958
A38: Region XI - Panabo City | B38: Total (MF) | C38: 0.038152149 | D38: 0.033774532 | E38: 0.043124312 | F38: 0.015084295 | G38: 0.039285753 | H38: 0.26138376
B39: Male (M) | C39: 0.05877193 | D39: 0.061634658 | E39: 0.058797718 | F39: 0.018625277 | G39: 0.061398767
B40: Female (F) | C40: 0.015451473 | D40: 0.0046663556 | E40: 0.027360989 | F40: 0.011540169 | G40: 0.016048641
A41: Region XI - Tagum City | B41: Total (MF) | C41: 0.031800956 | D41: 0.023533367 | E41: 0.04724285 | F41: 0.022487813 | G41: 0.034735715 | H41: 0.43007805
B42: Male (M) | C42: 0.038611291 | D42: 0.037438424 | E42: 0.067362429 | F42: 0.026282854 | G42: 0.048325283
B43: Female (F) | C43: 0.024774021 | D43: 0.008953168 | E43: 0.027155036 | F43: 0.018653177 | G43: 0.020783644
A44: Region XI - Davao Region | B44: Total (MF) | C44: 0.052198475 | D44: 0.063188664 | E44: 0.081261285 | F44: 0.023253042 | G44: 0.066384405 | H44: 0.51606995
B45: Male (M) | C45: 0.070273171 | D45: 0.082529513 | E45: 0.10513624 | F45: 0.023946793 | G45: 0.08717248
B46: Female (F) | C46: 0.033481544 | D46: 0.04337647 | E46: 0.056709585 | F46: 0.022538619 | G46: 0.044987097

Sheet JHS Repetition Rate
A1: DEPARTMENT OF EDUCATION
A2: BASIC EDUCATION INFORMATION SYSTEM
A3: REPETITION RATE IN PUBLIC AND PRIVATE JUNIOR HIGH SCHOOL
A4: (GRADE 7 TO GRADE 10)
A5: ='JHS Promo & Grad'!A5:H5 -> SY 2023-2024
A8: Note: Computed using UNESCO's template for assessing internal efficiency (Including SUCs)
A9: REGION/DIVISION | B9: Sex | C9: Grade 7 | D9: Grade 8 | E9: Grade 9 | F9: Grade 10 | G9: Ave. Repetition | H9: Gender
G10: Rate | H10: Parity Index
A11: Region XI - Davao City | B11: Total (MF) | C11: 0.012355255 | D11: 0.013239095 | E11: 0.016313689 | F11: 0.012634323 | G11: 0.013587869 | H11: 0.46855021
B12: Male (M) | C12: 0.017340726 | D12: 0.017994054 | E12: 0.021895691 | F12: 0.016806723 | G12: 0.018437619
B13: Female (F) | C13: 0.0071743306 | D13: 0.0083755668 | E13: 0.010696125 | F13: 0.0084069612 | G13: 0.00863895
A14: Region XI - Davao de Oro (Compostela Valley) | B14: Total (MF) | C14: 0.016157648 | D14: 0.015978102 | E14: 0.021855803 | F14: 0.015205206 | G14: 0.017286361 | H14: 0.35158254
B15: Male (M) | C15: 0.023964054 | D15: 0.022761194 | E15: 0.03325 | F15: 0.020998024 | G15: 0.025227075
B16: Female (F) | C16: 0.0081081081 | D16: 0.0088668666 | E16: 0.00964501 | F16: 0.0088888889 | G16: 0.0088693989
A17: Region XI - Davao del Norte | B17: Total (MF) | C17: 0.014379085 | D17: 0.015057838 | E17: 0.012275361 | F17: 0.012550988 | G17: 0.013571015 | H17: 0.37851616
B18: Male (M) | C18: 0.020674859 | D18: 0.019855947 | E18: 0.017850432 | F18: 0.019104478 | G18: 0.019358595
B19: Female (F) | C19: 0.0076795351 | D19: 0.010018401 | E19: 0.0061715696 | F19: 0.0052910053 | G19: 0.0073275411
A20: Region XI - Davao del Sur | B20: Total (MF) | C20: 0.024398322 | D20: 0.022470768 | E20: 0.01818925 | F20: 0.016685667 | G20: 0.020376748 | H20: 0.31820224
B21: Male (M) | C21: 0.033816425 | D21: 0.033827062 | E21: 0.027977618 | F21: 0.027086677 | G21: 0.030607022
B22: Female (F) | C22: 0.014875666 | D22: 0.010746022 | E22: 0.0079464659 | F22: 0.0055734191 | G22: 0.009739223
A23: Region XI - Davao Occidental | B23: Total (MF) | C23: 0.032294526 | D23: 0.033051253 | E23: 0.029205782 | F23: 0.028797806 | G23: 0.030781189 | H23: 0.3624046
B24: Male (M) | C24: 0.049223654 | D24: 0.047333333 | E24: 0.044505832 | F24: 0.042310068 | G24: 0.045755809
B25: Female (F) | C25: 0.016108654 | D25: 0.019920319 | E25: 0.014769765 | F25: 0.015639098 | G25: 0.016582116
A26: Region XI - Davao Oriental | B26: Total (MF) | C26: 0.039096916 | D26: 0.033090947 | E26: 0.036876356 | F26: 0.022151899 | G26: 0.03279842 | H26: 0.37428727
B27: Male (M) | C27: 0.057436121 | D27: 0.046301987 | E27: 0.053620435 | F27: 0.032005225 | G27: 0.04736562
B28: Female (F) | C28: 0.020439902 | D28: 0.019097222 | E28: 0.019183582 | F28: 0.012251149 | G28: 0.017728349
A29: Region XI - Digos City | B29: Total (MF) | C29: 0.014239321 | D29: 0.026777678 | E29: 0.015690377 | F29: 0.013942857 | G29: 0.017842124 | H29: 0.3550829
B30: Male (M) | C30: 0.021174206 | D30: 0.041311181 | E30: 0.024264326 | F30: 0.017281644 | G30: 0.026243588
B31: Female (F) | C31: 0.0067532468 | D31: 0.01217862 | E31: 0.0068892422 | F31: 0.010743062 | G31: 0.0093186494
A32: Region XI - Island Garden City of Samal | B32: Total (MF) | C32: 0.017918089 | D32: 0.025389025 | E32: 0.022682053 | F32: 0.015297203 | G32: 0.020444352 | H32: 0.33901396
B33: Male (M) | C33: 0.025423729 | D33: 0.035596026 | E33: 0.034082107 | F33: 0.025974026 | G33: 0.030409599
B34: Female (F) | C34: 0.010309278 | D34: 0.015397083 | E34: 0.010638298 | F34: 0.0044130627 | G34: 0.010309278
A35: Region XI - Mati City | B35: Total (MF) | C35: 0.030422878 | D35: 0.031892697 | E35: 0.030294203 | F35: 0.029910843 | G35: 0.030622786 | H35: 0.37795583
B36: Male (M) | C36: 0.044845661 | D36: 0.047472256 | E36: 0.038755138 | F36: 0.046902142 | G36: 0.044467425
B37: Female (F) | C37: 0.014649682 | D37: 0.017311021 | E37: 0.021965318 | F37: 0.013142857 | G37: 0.016806723
A38: Region XI - Panabo City | B38: Total (MF) | C38: 0.0096529533 | D38: 0.011410315 | E38: 0.012541254 | F38: 0.0077639752 | G38: 0.010345215 | H38: 0.52681838
B39: Male (M) | C39: 0.012280702 | D39: 0.014292095 | E39: 0.018867925 | F39: 0.0084257206 | G39: 0.013476196
B40: Female (F) | C40: 0.0067600193 | D40: 0.00839944 | E40: 0.0061782877 | F40: 0.0071016423 | G40: 0.0070995076
A41: Region XI - Tagum City | B41: Total (MF) | C41: 0.012193113 | D41: 0.011934779 | E41: 0.010428188 | F41: 0.01037899 | G41: 0.011211851 | H41: 0.45998841
B42: Male (M) | C42: 0.015898767 | D42: 0.016091954 | E42: 0.01486401 | F42: 0.014392991 | G42: 0.015298358
B43: Female (F) | C43: 0.0083696016 | D43: 0.0075757576 | E43: 0.0059993685 | F43: 0.006323111 | G43: 0.0070370673
A44: Region XI - Davao Region | B44: Total (MF) | C44: 0.018218623 | D44: 0.018713461 | E44: 0.019570042 | F44: 0.015450069 | G44: 0.017977799 | H44: 0.39354767
B45: Male (M) | C45: 0.026114155 | D45: 0.026274115 | E45: 0.028268813 | F45: 0.02197683 | G45: 0.025639502
B46: Female (F) | C46: 0.010042547 | D46: 0.010968551 | E46: 0.010624702 | F46: 0.0087288293 | G46: 0.010090366

Sheet JHS Promo & Grad
A1: DEPARTMENT OF EDUCATION
A2: BASIC EDUCATION INFORMATION SYSTEM
A3: PROMOTION RATE AND GRADUATION RATE IN PUBLIC AND PRIVATE JUNIOR HIGH SCHOOL
A4: (GRADE 7 TO GRADE 10)
A5: ='JHS School Leaver'!A5:H5 -> SY 2023-2024
A8: Note: Computed using UNESCO's template for assessing internal efficiency (Including SUCs)
A9: REGION/DIVISION | B9: Sex | C9: Grade 7 | D9: Grade 8 | E9: Grade 9 | F9: Grade 10 | G9: Ave. Promotion | H9: Gender
F10: Grad. Rate | G10: Rate | H10: Parity Index
